[NX v22.6.1 Daemon Client] - 2026-03-22T09:25:16.000Z - [Client] Starting new daemon server in background
[NX v22.6.1 Daemon Client] - 2026-03-22T09:25:16.002Z - [Client] Waiting for server (max: 6000 attempts, 10ms interval)
[NX v22.6.1 Daemon Server] - 2026-03-22T09:25:16.065Z - New daemon starting from: /Users/jbadeau/git/frontseat-demo/node_modules/nx/src/daemon/server/server.js
[NX v22.6.1 Daemon Server] - 2026-03-22T09:25:16.065Z - New daemon __dirname: /Users/jbadeau/git/frontseat-demo/node_modules/nx/src/daemon/server
[NX v22.6.1 Daemon Server] - 2026-03-22T09:25:16.065Z - New daemon nxVersion: 22.6.1
[NX v22.6.1 Daemon Server] - 2026-03-22T09:25:16.065Z - New daemon getInstalledNxVersion(): 22.6.1
[NX v22.6.1 Daemon Server] - 2026-03-22T09:25:16.067Z - Time taken for 'workspace context init' 0.20762500000000017ms
[NX v22.6.1 Daemon Server] - 2026-03-22T09:25:16.067Z - [Server] Starting outdated check interval (20ms)
[NX v22.6.1 Daemon Server] - 2026-03-22T09:25:16.068Z - Started listening on: /private/var/folders/z4/qvn77v055yd8k4smdjw9nn3w0000gn/T/d9f1698e2b8ceef22f32/d.sock
[NX v22.6.1 Daemon Server] - 2026-03-22T09:25:16.069Z - [WATCHER]: Subscribed to changes within: /Users/jbadeau/git/frontseat-demo (native)
[NX v22.6.1 Daemon Server] - 2026-03-22T09:25:16.069Z - [LATEST-NX]: Pulling latest Nx...
Fetching nx...
[NX v22.6.1 Daemon Server] - 2026-03-22T09:25:16.072Z - [AI-AGENTS]: Starting agent configuration status computation
[NX v22.6.1 Daemon Server] - 2026-03-22T09:25:16.080Z - Established a connection. Number of open connections: 1
[NX v22.6.1 Daemon Client] - 2026-03-22T09:25:16.080Z - [Client] Server available after 7 attempts
[NX v22.6.1 Daemon Client] - 2026-03-22T09:25:16.080Z - [Client] Daemon server started, pid=77072
[NX v22.6.1 Daemon Client] - 2026-03-22T09:25:16.080Z - [Messenger] Setting up socket listeners
[NX v22.6.1 Daemon Client] - 2026-03-22T09:25:16.080Z - [Messenger] listen() complete
[NX v22.6.1 Daemon Client] - 2026-03-22T09:25:16.080Z - [Messenger] Sending message type: REQUEST_PROJECT_GRAPH
[NX v22.6.1 Daemon Server] - 2026-03-22T09:25:16.081Z - Closed a connection. Number of open connections: 0
[NX v22.6.1 Daemon Server] - 2026-03-22T09:25:16.081Z - Established a connection. Number of open connections: 1
[NX v22.6.1 Daemon Client] - 2026-03-22T09:25:16.081Z - [Messenger] Message sent
[NX v22.6.1 Daemon Server] - 2026-03-22T09:25:16.087Z - Received raw message of length 32
[NX v22.6.1 Daemon Server] - 2026-03-22T09:25:16.087Z - Received json message of type REQUEST_PROJECT_GRAPH
[NX v22.6.1 Daemon Server] - 2026-03-22T09:25:16.087Z - [REQUEST]: Client Request for Project Graph Received
[NX v22.6.1 Daemon Server] - 2026-03-22T09:25:16.090Z - Time taken for 'loadSpecifiedNxPlugins' 1.58912500000001ms
[NX v22.6.1 Daemon Server] - 2026-03-22T09:25:16.129Z - [WATCHER]: Processing file changes in outputs
Time taken for 'plugin worker 77079 code loading' 54.82683299999999ms
Time taken for 'plugin worker 77080 code loading' 54.604000000000006ms
[NX v22.6.1 Daemon Server] - 2026-03-22T09:25:16.164Z - Time taken for 'start-plugin-worker:/Users/jbadeau/git/frontseat-demo/node_modules/nx/src/plugins/js' 75.11258299999999ms
[NX v22.6.1 Daemon Server] - 2026-03-22T09:25:16.164Z - Time taken for 'start-plugin-worker:/Users/jbadeau/git/frontseat-demo/node_modules/nx/src/plugins/package-json' 74.737084ms
[NX v22.6.1 Daemon Server] - 2026-03-22T09:25:16.164Z - Time taken for 'start-plugin-worker:/Users/jbadeau/git/frontseat-demo/node_modules/nx/src/plugins/project-json/build-nodes/project-json' 74.35362500000001ms
Time taken for 'plugin worker 77081 code loading' 55.240875ms
[NX v22.6.1 Daemon Server] - 2026-03-22T09:25:16.165Z - Time taken for 'Load Nx Plugin: /Users/jbadeau/git/frontseat-demo/node_modules/nx/src/plugins/project-json/build-nodes/project-json' 76.62312499999999ms
[NX v22.6.1 Daemon Server] - 2026-03-22T09:25:16.165Z - Time taken for 'Load Nx Plugin: /Users/jbadeau/git/frontseat-demo/node_modules/nx/src/plugins/package-json' 77.14445799999999ms
[NX v22.6.1 Daemon Server] - 2026-03-22T09:25:16.169Z - [REQUEST]: Updated workspace context based on watched changes, recomputing project graph...
[NX v22.6.1 Daemon Server] - 2026-03-22T09:25:16.169Z - [REQUEST]: 
[NX v22.6.1 Daemon Server] - 2026-03-22T09:25:16.169Z - [REQUEST]: 
[NX v22.6.1 Daemon Server] - 2026-03-22T09:25:16.170Z - No files changed, but no in-memory cached project graph found. Recomputing it...
[NX v22.6.1 Daemon Server] - 2026-03-22T09:25:16.172Z - Time taken for 'loadDefaultNxPlugins' 79.673708ms
[NX v22.6.1 Daemon Server] - 2026-03-22T09:25:16.172Z - Time taken for 'Load Nx Plugin: /Users/jbadeau/git/frontseat-demo/node_modules/nx/src/plugins/js' 79.60258300000001ms
[NX v22.6.1 Daemon Server] - 2026-03-22T09:25:16.172Z - Time taken for 'hash changed files from watcher' 1.5434590000000128ms
Time taken for 'nx/js/dependencies-and-lockfile:createNodes' 1.932292000000004ms
[NX v22.6.1 Daemon Server] - 2026-03-22T09:25:16.186Z - Time taken for 'build-project-configs' 6.213040999999976ms
[NX v22.6.1 Daemon Server] - 2026-03-22T09:25:16.186Z - Time taken for 'createNodes:merge' 1.2175420000000088ms
[NX v22.6.1 Daemon Server] - 2026-03-22T09:25:16.186Z - Time taken for 'native-file-deps' 0.00695899999999483ms
[NX v22.6.1 Daemon Server] - 2026-03-22T09:25:16.186Z - Time taken for 'get-workspace-files' 1.4651660000000106ms
[NX v22.6.1 Daemon Server] - 2026-03-22T09:25:16.186Z - Time taken for 'get-all-workspace-files' 0.53929100000002ms
[NX v22.6.1 Daemon Server] - 2026-03-22T09:25:16.186Z - Time taken for 'read cache' 0.04983400000000415ms
Time taken for 'build typescript dependencies' 1.1491250000000122ms
[NX v22.6.1 Daemon Server] - 2026-03-22T09:25:16.196Z - [SYNC]: collect registered sync generators
[NX v22.6.1 Daemon Server] - 2026-03-22T09:25:16.198Z - Wrote project graph cache to /Users/jbadeau/git/frontseat-demo/.nx/workspace-data/project-graph.json
[NX v22.6.1 Daemon Server] - 2026-03-22T09:25:16.198Z - Serializing response for REQUEST_PROJECT_GRAPH message in json mode
[NX v22.6.1 Daemon Server] - 2026-03-22T09:25:16.198Z - Responding to REQUEST_PROJECT_GRAPH message
[NX v22.6.1 Daemon Server] - 2026-03-22T09:25:16.198Z - [REQUEST]: Responding to the client. project-graph
[NX v22.6.1 Daemon Server] - 2026-03-22T09:25:16.198Z - Time taken for 'total for creating and serializing project graph' 110.590125ms
[NX v22.6.1 Daemon Server] - 2026-03-22T09:25:16.198Z - Time taken for 'total execution time for createProjectGraph()' 12.205208999999996ms
[NX v22.6.1 Daemon Server] - 2026-03-22T09:25:16.198Z - Time taken for 'createDependencies' 10.468375000000009ms
[NX v22.6.1 Daemon Server] - 2026-03-22T09:25:16.198Z - Time taken for 'nx/js/dependencies-and-lockfile:createDependencies' 10.40383300000002ms
[NX v22.6.1 Daemon Server] - 2026-03-22T09:25:16.198Z - Time taken for 'createMetadata' 0.014624999999995225ms
[NX v22.6.1 Daemon Server] - 2026-03-22T09:25:16.198Z - Time taken for 'serialize graph' 0.14912499999999795ms
[NX v22.6.1 Daemon Server] - 2026-03-22T09:25:16.198Z - Time taken for 'write cache' 1.3213340000000073ms
[NX v22.6.1 Daemon Server] - 2026-03-22T09:25:16.199Z - Done responding to the client project-graph
[NX v22.6.1 Daemon Server] - 2026-03-22T09:25:16.199Z - Handled json message REQUEST_PROJECT_GRAPH. Handling time: 111. Response time: 1.
[NX v22.6.1 Daemon Client] - 2026-03-22T09:25:16.199Z - [Messenger] Received message, length: 96079
[NX v22.6.1 Daemon Client] - 2026-03-22T09:25:16.199Z - [Messenger] Sending message type: PRE_TASKS_EXECUTION
[NX v22.6.1 Daemon Client] - 2026-03-22T09:25:16.200Z - [Messenger] Message sent
[NX v22.6.1 Daemon Server] - 2026-03-22T09:25:16.200Z - Received raw message of length 526
[NX v22.6.1 Daemon Server] - 2026-03-22T09:25:16.200Z - Received json message of type PRE_TASKS_EXECUTION
[NX v22.6.1 Daemon Server] - 2026-03-22T09:25:16.200Z - Serializing response for PRE_TASKS_EXECUTION message in json mode
[NX v22.6.1 Daemon Server] - 2026-03-22T09:25:16.200Z - Responding to PRE_TASKS_EXECUTION message
[NX v22.6.1 Daemon Server] - 2026-03-22T09:25:16.200Z - [REQUEST]: Responding to the client. handleRunPreTasksExecution
[NX v22.6.1 Daemon Server] - 2026-03-22T09:25:16.200Z - Done responding to the client handleRunPreTasksExecution
[NX v22.6.1 Daemon Server] - 2026-03-22T09:25:16.200Z - Handled json message PRE_TASKS_EXECUTION. Handling time: 0. Response time: 0.
[NX v22.6.1 Daemon Client] - 2026-03-22T09:25:16.200Z - [Messenger] Received message, length: 2
[NX v22.6.1 Daemon Server] - 2026-03-22T09:25:16.200Z - Time taken for 'preTasksExecution' 0.25279199999999946ms
[NX v22.6.1 Daemon Client] - 2026-03-22T09:25:16.221Z - [Messenger] Sending message type: HASH_TASKS
[NX v22.6.1 Daemon Client] - 2026-03-22T09:25:16.221Z - [Messenger] Message sent
[NX v22.6.1 Daemon Server] - 2026-03-22T09:25:16.221Z - Received raw message of length 11991
[NX v22.6.1 Daemon Server] - 2026-03-22T09:25:16.222Z - Received json message of type HASH_TASKS
[NX v22.6.1 Daemon Server] - 2026-03-22T09:25:16.222Z - Reusing in-memory cached project graph because no files changed.
DEBUG nx::native::tasks::hash_planner: get_plans_internal COMPLETED in 161.417µs - processed 3 tasks (setup: 71.417µs, parallel_planning: 88.417µs)
DEBUG nx::native::tasks::hashers::hash_workspace_files: Hashing workspace fileset with inputs: Adding "2994973879972349464" (".gitignore") to hash
DEBUG nx::native::tasks::hashers::hash_workspace_files: Hashing workspace fileset with inputs: Adding "2994973879972349464" (".gitignore") to hash
DEBUG nx::native::tasks::hashers::hash_workspace_files: Hashing workspace fileset with inputs: Adding "2994973879972349464" (".gitignore") to hash
DEBUG nx::native::tasks::hashers::hash_workspace_files: Hashing workspace fileset with inputs: Adding "13439482930907688290" ("nx.json") to hash
DEBUG nx::native::tasks::hashers::hash_workspace_files: Hashing workspace fileset with inputs: Hash Value: "4367336495208216185"
DEBUG nx::native::tasks::hashers::hash_workspace_files: Hashing workspace fileset with inputs: Adding "13439482930907688290" ("nx.json") to hash
DEBUG nx::native::tasks::hashers::hash_workspace_files: Hashing workspace fileset with inputs: Hash Value: "4367336495208216185"
DEBUG nx::native::tasks::hashers::hash_workspace_files: Hashing workspace fileset with inputs: Adding "13439482930907688290" ("nx.json") to hash
DEBUG nx::native::tasks::hashers::hash_workspace_files: Hashing workspace fileset with inputs: Hash Value: "4367336495208216185"
DEBUG nx::native::tasks::task_hasher: hash_plans COMPLETED in 928.375µs - processed 3 plans (setup: 57.625µs, hashing: 870.083µs, assembly: 215.583µs)
[NX v22.6.1 Daemon Server] - 2026-03-22T09:25:16.224Z - Serializing response for HASH_TASKS message in json mode
[NX v22.6.1 Daemon Server] - 2026-03-22T09:25:16.224Z - Responding to HASH_TASKS message
[NX v22.6.1 Daemon Server] - 2026-03-22T09:25:16.224Z - [REQUEST]: Responding to the client. handleHashTasks
[NX v22.6.1 Daemon Server] - 2026-03-22T09:25:16.224Z - Done responding to the client handleHashTasks
[NX v22.6.1 Daemon Server] - 2026-03-22T09:25:16.224Z - Handled json message HASH_TASKS. Handling time: 2. Response time: 0.
[NX v22.6.1 Daemon Client] - 2026-03-22T09:25:16.224Z - [Messenger] Received message, length: 19197
[NX v22.6.1 Daemon Client] - 2026-03-22T09:25:16.251Z - [Messenger] Sending message type: GET_ESTIMATED_TASK_TIMINGS
[NX v22.6.1 Daemon Client] - 2026-03-22T09:25:16.251Z - [Messenger] Message sent
[NX v22.6.1 Daemon Server] - 2026-03-22T09:25:16.251Z - Received raw message of length 243
[NX v22.6.1 Daemon Server] - 2026-03-22T09:25:16.251Z - Received json message of type GET_ESTIMATED_TASK_TIMINGS
[NX v22.6.1 Daemon Server] - 2026-03-22T09:25:16.264Z - Serializing response for GET_ESTIMATED_TASK_TIMINGS message in json mode
[NX v22.6.1 Daemon Server] - 2026-03-22T09:25:16.265Z - Responding to GET_ESTIMATED_TASK_TIMINGS message
[NX v22.6.1 Daemon Server] - 2026-03-22T09:25:16.265Z - [REQUEST]: Responding to the client. handleGetEstimatedTaskTimings
[NX v22.6.1 Daemon Server] - 2026-03-22T09:25:16.265Z - Done responding to the client handleGetEstimatedTaskTimings
[NX v22.6.1 Daemon Server] - 2026-03-22T09:25:16.265Z - Handled json message GET_ESTIMATED_TASK_TIMINGS. Handling time: 13. Response time: 1.
[NX v22.6.1 Daemon Client] - 2026-03-22T09:25:16.265Z - [Messenger] Received message, length: 2
[NX v22.6.1 Daemon Client] - 2026-03-22T09:25:16.564Z - [Messenger] Sending message type: RECORD_OUTPUTS_HASH
[NX v22.6.1 Daemon Client] - 2026-03-22T09:25:16.564Z - [Messenger] Message sent
[NX v22.6.1 Daemon Server] - 2026-03-22T09:25:16.564Z - Received raw message of length 312
[NX v22.6.1 Daemon Server] - 2026-03-22T09:25:16.564Z - Received json message of type RECORD_OUTPUTS_HASH
[NX v22.6.1 Daemon Server] - 2026-03-22T09:25:16.568Z - Serializing response for RECORD_OUTPUTS_HASH message in json mode
[NX v22.6.1 Daemon Server] - 2026-03-22T09:25:16.568Z - Responding to RECORD_OUTPUTS_HASH message
[NX v22.6.1 Daemon Server] - 2026-03-22T09:25:16.568Z - [REQUEST]: Responding to the client. recordOutputsHash
[NX v22.6.1 Daemon Server] - 2026-03-22T09:25:16.568Z - Done responding to the client recordOutputsHash
[NX v22.6.1 Daemon Server] - 2026-03-22T09:25:16.568Z - Handled json message RECORD_OUTPUTS_HASH. Handling time: 4. Response time: 0.
[NX v22.6.1 Daemon Client] - 2026-03-22T09:25:16.568Z - [Messenger] Received message, length: 2
[NX v22.6.1 Daemon Server] - 2026-03-22T09:25:16.602Z - [WATCHER]: Processing file changes in outputs
[NX v22.6.1 Daemon Client] - 2026-03-22T09:25:16.876Z - [Messenger] Sending message type: RECORD_OUTPUTS_HASH
[NX v22.6.1 Daemon Client] - 2026-03-22T09:25:16.876Z - [Messenger] Message sent
[NX v22.6.1 Daemon Server] - 2026-03-22T09:25:16.876Z - Received raw message of length 199
[NX v22.6.1 Daemon Server] - 2026-03-22T09:25:16.876Z - Received json message of type RECORD_OUTPUTS_HASH
[NX v22.6.1 Daemon Server] - 2026-03-22T09:25:16.879Z - Serializing response for RECORD_OUTPUTS_HASH message in json mode
[NX v22.6.1 Daemon Server] - 2026-03-22T09:25:16.879Z - Responding to RECORD_OUTPUTS_HASH message
[NX v22.6.1 Daemon Server] - 2026-03-22T09:25:16.879Z - [REQUEST]: Responding to the client. recordOutputsHash
[NX v22.6.1 Daemon Server] - 2026-03-22T09:25:16.879Z - Done responding to the client recordOutputsHash
[NX v22.6.1 Daemon Server] - 2026-03-22T09:25:16.879Z - Handled json message RECORD_OUTPUTS_HASH. Handling time: 3. Response time: 0.
[NX v22.6.1 Daemon Client] - 2026-03-22T09:25:16.879Z - [Messenger] Received message, length: 2
[NX v22.6.1 Daemon Server] - 2026-03-22T09:25:16.911Z - [WATCHER]: Processing file changes in outputs
[NX v22.6.1 Daemon Server] - 2026-03-22T09:25:17.126Z - [LATEST-NX]: Successfully pulled latest Nx to /private/var/folders/z4/qvn77v055yd8k4smdjw9nn3w0000gn/T/tmp-77072-iUeE96iy3YsK
[NX v22.6.1 Daemon Server] - 2026-03-22T09:25:17.164Z - [NX-CONSOLE]: Using local implementation (NX_USE_LOCAL=true or inner call)
DEBUG nx::native::ide::install: Detected editor: Unknown
[NX v22.6.1 Daemon Server] - 2026-03-22T09:25:17.165Z - [NX-CONSOLE]: Console status check completed, shouldPrompt: false
[NX v22.6.1 Daemon Client] - 2026-03-22T09:25:17.201Z - [Messenger] Sending message type: RECORD_OUTPUTS_HASH
[NX v22.6.1 Daemon Client] - 2026-03-22T09:25:17.201Z - [Messenger] Message sent
[NX v22.6.1 Daemon Server] - 2026-03-22T09:25:17.201Z - Received raw message of length 187
[NX v22.6.1 Daemon Server] - 2026-03-22T09:25:17.201Z - Received json message of type RECORD_OUTPUTS_HASH
[NX v22.6.1 Daemon Server] - 2026-03-22T09:25:17.203Z - Serializing response for RECORD_OUTPUTS_HASH message in json mode
[NX v22.6.1 Daemon Server] - 2026-03-22T09:25:17.203Z - Responding to RECORD_OUTPUTS_HASH message
[NX v22.6.1 Daemon Server] - 2026-03-22T09:25:17.203Z - [REQUEST]: Responding to the client. recordOutputsHash
[NX v22.6.1 Daemon Server] - 2026-03-22T09:25:17.203Z - Done responding to the client recordOutputsHash
[NX v22.6.1 Daemon Server] - 2026-03-22T09:25:17.203Z - Handled json message RECORD_OUTPUTS_HASH. Handling time: 2. Response time: 0.
[NX v22.6.1 Daemon Client] - 2026-03-22T09:25:17.203Z - [Messenger] Received message, length: 2
[NX v22.6.1 Daemon Client] - 2026-03-22T09:25:17.204Z - [Messenger] Sending message type: RECORD_TASK_RUNS
[NX v22.6.1 Daemon Client] - 2026-03-22T09:25:17.204Z - [Messenger] Message sent
[NX v22.6.1 Daemon Server] - 2026-03-22T09:25:17.204Z - Received raw message of length 616
[NX v22.6.1 Daemon Server] - 2026-03-22T09:25:17.204Z - Received json message of type RECORD_TASK_RUNS
[NX v22.6.1 Daemon Server] - 2026-03-22T09:25:17.204Z - Serializing response for RECORD_TASK_RUNS message in json mode
[NX v22.6.1 Daemon Server] - 2026-03-22T09:25:17.204Z - Responding to RECORD_TASK_RUNS message
[NX v22.6.1 Daemon Server] - 2026-03-22T09:25:17.204Z - [REQUEST]: Responding to the client. handleRecordTaskRuns
[NX v22.6.1 Daemon Server] - 2026-03-22T09:25:17.204Z - Done responding to the client handleRecordTaskRuns
[NX v22.6.1 Daemon Server] - 2026-03-22T09:25:17.204Z - Handled json message RECORD_TASK_RUNS. Handling time: 0. Response time: 0.
[NX v22.6.1 Daemon Client] - 2026-03-22T09:25:17.204Z - [Messenger] Received message, length: 4
[NX v22.6.1 Daemon Client] - 2026-03-22T09:25:17.204Z - [Messenger] Sending message type: GET_FLAKY_TASKS
[NX v22.6.1 Daemon Client] - 2026-03-22T09:25:17.204Z - [Messenger] Message sent
[NX v22.6.1 Daemon Server] - 2026-03-22T09:25:17.205Z - Received raw message of length 104
[NX v22.6.1 Daemon Server] - 2026-03-22T09:25:17.205Z - Received json message of type GET_FLAKY_TASKS
[NX v22.6.1 Daemon Server] - 2026-03-22T09:25:17.205Z - Serializing response for GET_FLAKY_TASKS message in json mode
[NX v22.6.1 Daemon Server] - 2026-03-22T09:25:17.205Z - Responding to GET_FLAKY_TASKS message
[NX v22.6.1 Daemon Server] - 2026-03-22T09:25:17.205Z - [REQUEST]: Responding to the client. handleGetFlakyTasks
[NX v22.6.1 Daemon Server] - 2026-03-22T09:25:17.205Z - Done responding to the client handleGetFlakyTasks
[NX v22.6.1 Daemon Server] - 2026-03-22T09:25:17.205Z - Handled json message GET_FLAKY_TASKS. Handling time: 0. Response time: 0.
[NX v22.6.1 Daemon Client] - 2026-03-22T09:25:17.205Z - [Messenger] Received message, length: 2
[NX v22.6.1 Daemon Server] - 2026-03-22T09:25:17.205Z - Established a connection. Number of open connections: 2
[NX v22.6.1 Daemon Client] - 2026-03-22T09:25:17.205Z - [Messenger] Sending message type: GET_CONFIGURE_AI_AGENTS_STATUS
[NX v22.6.1 Daemon Client] - 2026-03-22T09:25:17.205Z - [Messenger] Message sent
[NX v22.6.1 Daemon Server] - 2026-03-22T09:25:17.205Z - Received raw message of length 41
[NX v22.6.1 Daemon Server] - 2026-03-22T09:25:17.205Z - Received json message of type GET_CONFIGURE_AI_AGENTS_STATUS
[NX v22.6.1 Daemon Server] - 2026-03-22T09:25:17.205Z - Serializing response for GET_CONFIGURE_AI_AGENTS_STATUS message in json mode
[NX v22.6.1 Daemon Server] - 2026-03-22T09:25:17.205Z - Responding to GET_CONFIGURE_AI_AGENTS_STATUS message
[NX v22.6.1 Daemon Server] - 2026-03-22T09:25:17.205Z - [REQUEST]: Responding to the client. handleGetConfigureAiAgentsStatus
[NX v22.6.1 Daemon Server] - 2026-03-22T09:25:17.205Z - Done responding to the client handleGetConfigureAiAgentsStatus
[NX v22.6.1 Daemon Server] - 2026-03-22T09:25:17.205Z - Handled json message GET_CONFIGURE_AI_AGENTS_STATUS. Handling time: 0. Response time: 0.
[NX v22.6.1 Daemon Client] - 2026-03-22T09:25:17.205Z - [Messenger] Received message, length: 104
[NX v22.6.1 Daemon Server] - 2026-03-22T09:25:17.205Z - Closed a connection. Number of open connections: 1
[NX v22.6.1 Daemon Client] - 2026-03-22T09:25:17.206Z - [Messenger] Sending message type: POST_TASKS_EXECUTION
[NX v22.6.1 Daemon Client] - 2026-03-22T09:25:17.206Z - [Messenger] Message sent
[NX v22.6.1 Daemon Server] - 2026-03-22T09:25:17.206Z - Received raw message of length 22779
[NX v22.6.1 Daemon Server] - 2026-03-22T09:25:17.206Z - Received json message of type POST_TASKS_EXECUTION
[NX v22.6.1 Daemon Server] - 2026-03-22T09:25:17.206Z - Serializing response for POST_TASKS_EXECUTION message in json mode
[NX v22.6.1 Daemon Server] - 2026-03-22T09:25:17.206Z - Responding to POST_TASKS_EXECUTION message
[NX v22.6.1 Daemon Server] - 2026-03-22T09:25:17.206Z - [REQUEST]: Responding to the client. handleRunPostTasksExecution
[NX v22.6.1 Daemon Server] - 2026-03-22T09:25:17.206Z - Done responding to the client handleRunPostTasksExecution
[NX v22.6.1 Daemon Server] - 2026-03-22T09:25:17.206Z - Handled json message POST_TASKS_EXECUTION. Handling time: 0. Response time: 0.
[NX v22.6.1 Daemon Client] - 2026-03-22T09:25:17.206Z - [Messenger] Received message, length: 4
[NX v22.6.1 Daemon Server] - 2026-03-22T09:25:17.206Z - Time taken for 'postTasksExecution' 0.0525830000001406ms
[NX v22.6.1 Daemon Server] - 2026-03-22T09:25:17.209Z - Closed a connection. Number of open connections: 0
[NX v22.6.1 Daemon Server] - 2026-03-22T09:25:17.242Z - [WATCHER]: Processing file changes in outputs
DEBUG nx::native::ide::install: Editor command 'code' is installed
DEBUG nx::native::ide::install: Editor command 'code-insiders' not found
DEBUG nx::native::ide::install: Checking if Nx Console extension is installed with: code --list-extensions
DEBUG nx::native::ide::install: Nx Console extension is not installed
DEBUG nx::native::ide::install: Editor command 'cursor' not found
DEBUG nx::native::ide::install: Checking if Nx Console extension is installed with: cursor --list-extensions
DEBUG nx::native::ide::install: Command 'cursor' not found, cannot check extension status
[NX v22.6.1 Daemon Server] - 2026-03-22T09:25:20.593Z - [AI-AGENTS]: Agent configuration status computation completed: 0 fully configured, 0 outdated, 0 partially configured, 5 non-configured
[NX v22.6.1 Daemon Server] - 2026-03-22T09:25:24.055Z - [WATCHER]: Processing file changes in outputs
[NX v22.6.1 Daemon Server] - 2026-03-22T09:25:24.056Z - [WATCHER]: 0 file(s) created or restored, 3 file(s) modified, 0 file(s) deleted
[NX v22.6.1 Daemon Server] - 2026-03-22T09:25:24.056Z - [SYNC]: clearing sync generators cache due to file changes
[NX v22.6.1 Daemon Server] - 2026-03-22T09:25:24.160Z - [REQUEST]: Updated workspace context based on watched changes, recomputing project graph...
[NX v22.6.1 Daemon Server] - 2026-03-22T09:25:24.160Z - [REQUEST]: .gradle/9.4.1/fileHashes/fileHashes.lock,.gradle/9.4.1/checksums/checksums.lock,.gradle/buildOutputCleanup/buildOutputCleanup.lock
[NX v22.6.1 Daemon Server] - 2026-03-22T09:25:24.160Z - [REQUEST]: 
[NX v22.6.1 Daemon Server] - 2026-03-22T09:25:24.162Z - Time taken for 'hash changed files from watcher' 1.796291999999994ms
Time taken for 'plugin worker 77450 code loading' 55.724667000000004ms
Time taken for 'plugin worker 77449 code loading' 55.939ms
Time taken for 'plugin worker 77451 code loading' 55.736208000000005ms
[NX v22.6.1 Daemon Server] - 2026-03-22T09:25:24.246Z - Time taken for 'start-plugin-worker:nx/js/dependencies-and-lockfile' 84.66095899999982ms
[NX v22.6.1 Daemon Server] - 2026-03-22T09:25:24.246Z - Time taken for 'start-plugin-worker:nx/core/package-json' 83.88116699999955ms
[NX v22.6.1 Daemon Server] - 2026-03-22T09:25:24.246Z - Time taken for 'start-plugin-worker:nx/core/project-json' 83.48733300000004ms
Time taken for 'nx/js/dependencies-and-lockfile:createNodes' 0.9180419999999998ms
[NX v22.6.1 Daemon Server] - 2026-03-22T09:25:24.256Z - Time taken for 'build-project-configs' 91.1450419999992ms
[NX v22.6.1 Daemon Server] - 2026-03-22T09:25:24.257Z - Time taken for 'createNodes:merge' 0.293708000001061ms
[NX v22.6.1 Daemon Server] - 2026-03-22T09:25:24.257Z - Time taken for 'get-all-workspace-files' 1.599292000000787ms
Time taken for 'build typescript dependencies' 0.054541000000000395ms
[NX v22.6.1 Daemon Server] - 2026-03-22T09:25:24.260Z - [SYNC]: collect registered sync generators
[NX v22.6.1 Daemon Server] - 2026-03-22T09:25:24.260Z - [SYNC]: project graph hash is the same, not collecting task sync generators
[NX v22.6.1 Daemon Server] - 2026-03-22T09:25:24.260Z - [SYNC]: nx.json hash is the same, not collecting global sync generators
[NX v22.6.1 Daemon Server] - 2026-03-22T09:25:24.260Z - Time taken for 'total execution time for createProjectGraph()' 4.770291000000725ms
[NX v22.6.1 Daemon Server] - 2026-03-22T09:25:24.260Z - Time taken for 'createDependencies' 3.1547499999996944ms
[NX v22.6.1 Daemon Server] - 2026-03-22T09:25:24.260Z - Time taken for 'nx/js/dependencies-and-lockfile:createDependencies' 3.1135830000002898ms
[NX v22.6.1 Daemon Server] - 2026-03-22T09:25:24.260Z - Time taken for 'createMetadata' 0.022417000000132248ms
[NX v22.6.1 Daemon Server] - 2026-03-22T09:25:24.260Z - Time taken for 'serialize graph' 0.15279200000077253ms
[NX v22.6.1 Daemon Server] - 2026-03-22T09:25:24.520Z - [WATCHER]: 1 file(s) created or restored, 6 file(s) modified, 0 file(s) deleted
[NX v22.6.1 Daemon Server] - 2026-03-22T09:25:24.520Z - [SYNC]: clearing sync generators cache due to file changes
[NX v22.6.1 Daemon Server] - 2026-03-22T09:25:24.520Z - [WATCHER]: Processing file changes in outputs
[NX v22.6.1 Daemon Server] - 2026-03-22T09:25:24.623Z - [REQUEST]: Updated workspace context based on watched changes, recomputing project graph...
[NX v22.6.1 Daemon Server] - 2026-03-22T09:25:24.624Z - [REQUEST]: build/reports/problems/problems-report.html,.gradle/9.4.1/fileChanges/last-build.bin,.gradle/buildOutputCleanup/buildOutputCleanup.lock,.gradle/buildOutputCleanup/outputFiles.bin,.gradle/9.4.1/executionHistory/executionHistory.lock,.gradle/9.4.1/fileHashes/fileHashes.lock,.gradle/9.4.1/checksums/checksums.lock
[NX v22.6.1 Daemon Server] - 2026-03-22T09:25:24.624Z - [REQUEST]: 
[NX v22.6.1 Daemon Server] - 2026-03-22T09:25:24.626Z - Time taken for 'hash changed files from watcher' 1.9605420000007143ms
Time taken for 'plugin worker 77456 code loading' 51.735209ms
Time taken for 'plugin worker 77455 code loading' 51.494208ms
Time taken for 'plugin worker 77454 code loading' 51.708124999999995ms
[NX v22.6.1 Daemon Server] - 2026-03-22T09:25:24.700Z - Time taken for 'start-plugin-worker:nx/js/dependencies-and-lockfile' 75.65520800000013ms
[NX v22.6.1 Daemon Server] - 2026-03-22T09:25:24.700Z - Time taken for 'start-plugin-worker:nx/core/package-json' 74.98762499999975ms
[NX v22.6.1 Daemon Server] - 2026-03-22T09:25:24.700Z - Time taken for 'start-plugin-worker:nx/core/project-json' 74.64775000000009ms
Time taken for 'nx/js/dependencies-and-lockfile:createNodes' 0.8142090000000053ms
[NX v22.6.1 Daemon Server] - 2026-03-22T09:25:24.710Z - Time taken for 'build-project-configs' 81.58545799999956ms
[NX v22.6.1 Daemon Server] - 2026-03-22T09:25:24.710Z - Time taken for 'createNodes:merge' 0.22604099999989558ms
[NX v22.6.1 Daemon Server] - 2026-03-22T09:25:24.710Z - Time taken for 'get-all-workspace-files' 1.3933749999996508ms
Time taken for 'build typescript dependencies' 0.03554099999999494ms
[NX v22.6.1 Daemon Server] - 2026-03-22T09:25:24.712Z - [SYNC]: collect registered sync generators
[NX v22.6.1 Daemon Server] - 2026-03-22T09:25:24.712Z - [SYNC]: project graph hash is the same, not collecting task sync generators
[NX v22.6.1 Daemon Server] - 2026-03-22T09:25:24.712Z - [SYNC]: nx.json hash is the same, not collecting global sync generators
[NX v22.6.1 Daemon Server] - 2026-03-22T09:25:24.712Z - Time taken for 'total execution time for createProjectGraph()' 3.683375000000524ms
[NX v22.6.1 Daemon Server] - 2026-03-22T09:25:24.712Z - Time taken for 'createDependencies' 2.40612499999952ms
[NX v22.6.1 Daemon Server] - 2026-03-22T09:25:24.712Z - Time taken for 'nx/js/dependencies-and-lockfile:createDependencies' 2.379750000000058ms
[NX v22.6.1 Daemon Server] - 2026-03-22T09:25:24.712Z - Time taken for 'createMetadata' 0.013708000000406173ms
[NX v22.6.1 Daemon Server] - 2026-03-22T09:25:24.712Z - Time taken for 'serialize graph' 0.14441699999952107ms
[NX v22.6.1 Daemon Server] - 2026-03-22T09:25:40.209Z - [WATCHER]: 1 file(s) created or restored, 0 file(s) modified, 1 file(s) deleted
[NX v22.6.1 Daemon Server] - 2026-03-22T09:25:40.209Z - [SYNC]: clearing sync generators cache due to file changes
[NX v22.6.1 Daemon Server] - 2026-03-22T09:25:40.209Z - [WATCHER]: Processing file changes in outputs
[NX v22.6.1 Daemon Server] - 2026-03-22T09:25:40.314Z - [REQUEST]: Updated workspace context based on watched changes, recomputing project graph...
[NX v22.6.1 Daemon Server] - 2026-03-22T09:25:40.314Z - [REQUEST]: .moon/workspace.yml
[NX v22.6.1 Daemon Server] - 2026-03-22T09:25:40.315Z - [REQUEST]: .moon/workspace.yml.tmp.73736.1774171540044
[NX v22.6.1 Daemon Server] - 2026-03-22T09:25:40.319Z - Time taken for 'hash changed files from watcher' 4.112791999999899ms
Time taken for 'plugin worker 77471 code loading' 53.03175ms
Time taken for 'plugin worker 77469 code loading' 52.75812500000001ms
Time taken for 'plugin worker 77470 code loading' 53.81445899999999ms
[NX v22.6.1 Daemon Server] - 2026-03-22T09:25:40.404Z - Time taken for 'start-plugin-worker:nx/js/dependencies-and-lockfile' 87.73587499999849ms
[NX v22.6.1 Daemon Server] - 2026-03-22T09:25:40.404Z - Time taken for 'start-plugin-worker:nx/core/package-json' 86.57237499999974ms
[NX v22.6.1 Daemon Server] - 2026-03-22T09:25:40.404Z - Time taken for 'start-plugin-worker:nx/core/project-json' 85.89908400000058ms
Time taken for 'nx/js/dependencies-and-lockfile:createNodes' 0.7960840000000076ms
[NX v22.6.1 Daemon Server] - 2026-03-22T09:25:40.414Z - Time taken for 'build-project-configs' 93.79883300000074ms
[NX v22.6.1 Daemon Server] - 2026-03-22T09:25:40.414Z - Time taken for 'createNodes:merge' 0.1781669999982114ms
[NX v22.6.1 Daemon Server] - 2026-03-22T09:25:40.414Z - Time taken for 'get-all-workspace-files' 1.2047499999971478ms
Time taken for 'build typescript dependencies' 0.03762500000000557ms
[NX v22.6.1 Daemon Server] - 2026-03-22T09:25:40.416Z - [SYNC]: collect registered sync generators
[NX v22.6.1 Daemon Server] - 2026-03-22T09:25:40.416Z - [SYNC]: project graph hash is the same, not collecting task sync generators
[NX v22.6.1 Daemon Server] - 2026-03-22T09:25:40.416Z - [SYNC]: nx.json hash is the same, not collecting global sync generators
[NX v22.6.1 Daemon Server] - 2026-03-22T09:25:40.416Z - Time taken for 'total execution time for createProjectGraph()' 3.604957999999897ms
[NX v22.6.1 Daemon Server] - 2026-03-22T09:25:40.416Z - Time taken for 'createDependencies' 2.285250000000815ms
[NX v22.6.1 Daemon Server] - 2026-03-22T09:25:40.416Z - Time taken for 'nx/js/dependencies-and-lockfile:createDependencies' 2.257416000000376ms
[NX v22.6.1 Daemon Server] - 2026-03-22T09:25:40.416Z - Time taken for 'createMetadata' 0.007667000001674751ms
[NX v22.6.1 Daemon Server] - 2026-03-22T09:25:40.416Z - Time taken for 'serialize graph' 0.14133299999957671ms
[NX v22.6.1 Daemon Server] - 2026-03-22T09:25:45.118Z - [WATCHER]: 1 file(s) created or restored, 0 file(s) modified, 1 file(s) deleted
[NX v22.6.1 Daemon Server] - 2026-03-22T09:25:45.118Z - [SYNC]: clearing sync generators cache due to file changes
[NX v22.6.1 Daemon Server] - 2026-03-22T09:25:45.118Z - [WATCHER]: Processing file changes in outputs
[NX v22.6.1 Daemon Server] - 2026-03-22T09:25:45.221Z - [REQUEST]: Updated workspace context based on watched changes, recomputing project graph...
[NX v22.6.1 Daemon Server] - 2026-03-22T09:25:45.221Z - [REQUEST]: build.gradle.kts
[NX v22.6.1 Daemon Server] - 2026-03-22T09:25:45.221Z - [REQUEST]: build.gradle.kts.tmp.73736.1774171545055
[NX v22.6.1 Daemon Server] - 2026-03-22T09:25:45.226Z - Time taken for 'hash changed files from watcher' 2.832749999997759ms
Time taken for 'plugin worker 77473 code loading' 48.054583ms
Time taken for 'plugin worker 77472 code loading' 48.228375ms
Time taken for 'plugin worker 77474 code loading' 48.355541ms
[NX v22.6.1 Daemon Server] - 2026-03-22T09:25:45.312Z - Time taken for 'start-plugin-worker:nx/js/dependencies-and-lockfile' 89.22545900000114ms
[NX v22.6.1 Daemon Server] - 2026-03-22T09:25:45.312Z - Time taken for 'start-plugin-worker:nx/core/package-json' 87.39254200000141ms
[NX v22.6.1 Daemon Server] - 2026-03-22T09:25:45.312Z - Time taken for 'start-plugin-worker:nx/core/project-json' 86.85462499999994ms
Time taken for 'nx/js/dependencies-and-lockfile:createNodes' 0.8396669999999915ms
[NX v22.6.1 Daemon Server] - 2026-03-22T09:25:45.321Z - Time taken for 'build-project-configs' 94.57537500000035ms
[NX v22.6.1 Daemon Server] - 2026-03-22T09:25:45.321Z - Time taken for 'createNodes:merge' 0.15933299999960582ms
[NX v22.6.1 Daemon Server] - 2026-03-22T09:25:45.321Z - Time taken for 'get-all-workspace-files' 1.3781249999992724ms
Time taken for 'build typescript dependencies' 0.04041699999999082ms
[NX v22.6.1 Daemon Server] - 2026-03-22T09:25:45.323Z - [SYNC]: collect registered sync generators
[NX v22.6.1 Daemon Server] - 2026-03-22T09:25:45.323Z - [SYNC]: project graph hash is the same, not collecting task sync generators
[NX v22.6.1 Daemon Server] - 2026-03-22T09:25:45.323Z - [SYNC]: nx.json hash is the same, not collecting global sync generators
[NX v22.6.1 Daemon Server] - 2026-03-22T09:25:45.323Z - Time taken for 'total execution time for createProjectGraph()' 3.5863330000029237ms
[NX v22.6.1 Daemon Server] - 2026-03-22T09:25:45.323Z - Time taken for 'createDependencies' 2.4308749999981956ms
[NX v22.6.1 Daemon Server] - 2026-03-22T09:25:45.323Z - Time taken for 'nx/js/dependencies-and-lockfile:createDependencies' 2.407166999997571ms
[NX v22.6.1 Daemon Server] - 2026-03-22T09:25:45.323Z - Time taken for 'createMetadata' 0.0098329999964335ms
[NX v22.6.1 Daemon Server] - 2026-03-22T09:25:45.323Z - Time taken for 'serialize graph' 0.13870800000222516ms
[NX v22.6.1 Daemon Server] - 2026-03-22T09:25:54.382Z - [WATCHER]: 1 file(s) created or restored, 0 file(s) modified, 1 file(s) deleted
[NX v22.6.1 Daemon Server] - 2026-03-22T09:25:54.382Z - [SYNC]: clearing sync generators cache due to file changes
[NX v22.6.1 Daemon Server] - 2026-03-22T09:25:54.382Z - [WATCHER]: Processing file changes in outputs
[NX v22.6.1 Daemon Server] - 2026-03-22T09:25:54.487Z - [REQUEST]: Updated workspace context based on watched changes, recomputing project graph...
[NX v22.6.1 Daemon Server] - 2026-03-22T09:25:54.487Z - [REQUEST]: payments/payments-library/build.gradle.kts
[NX v22.6.1 Daemon Server] - 2026-03-22T09:25:54.487Z - [REQUEST]: payments/payments-library/build.gradle.kts.tmp.73736.1774171554321
[NX v22.6.1 Daemon Server] - 2026-03-22T09:25:54.491Z - Time taken for 'hash changed files from watcher' 3.2154169999994338ms
Time taken for 'plugin worker 77477 code loading' 53.98112499999999ms
Time taken for 'plugin worker 77475 code loading' 53.97925ms
Time taken for 'plugin worker 77476 code loading' 54.10416599999999ms
[NX v22.6.1 Daemon Server] - 2026-03-22T09:25:54.575Z - Time taken for 'start-plugin-worker:nx/js/dependencies-and-lockfile' 85.98295799999323ms
[NX v22.6.1 Daemon Server] - 2026-03-22T09:25:54.575Z - Time taken for 'start-plugin-worker:nx/core/package-json' 85.09204099999624ms
[NX v22.6.1 Daemon Server] - 2026-03-22T09:25:54.575Z - Time taken for 'start-plugin-worker:nx/core/project-json' 84.60733299999993ms
Time taken for 'nx/js/dependencies-and-lockfile:createNodes' 0.7625000000000028ms
[NX v22.6.1 Daemon Server] - 2026-03-22T09:25:54.584Z - Time taken for 'build-project-configs' 91.65525000000343ms
[NX v22.6.1 Daemon Server] - 2026-03-22T09:25:54.584Z - Time taken for 'createNodes:merge' 0.1541670000005979ms
[NX v22.6.1 Daemon Server] - 2026-03-22T09:25:54.584Z - Time taken for 'get-all-workspace-files' 1.1072500000009313ms
Time taken for 'build typescript dependencies' 0.040124999999989086ms
[NX v22.6.1 Daemon Server] - 2026-03-22T09:25:54.586Z - [SYNC]: collect registered sync generators
[NX v22.6.1 Daemon Server] - 2026-03-22T09:25:54.586Z - [SYNC]: project graph hash is the same, not collecting task sync generators
[NX v22.6.1 Daemon Server] - 2026-03-22T09:25:54.586Z - [SYNC]: nx.json hash is the same, not collecting global sync generators
[NX v22.6.1 Daemon Server] - 2026-03-22T09:25:54.586Z - Time taken for 'total execution time for createProjectGraph()' 3.233083999999508ms
[NX v22.6.1 Daemon Server] - 2026-03-22T09:25:54.586Z - Time taken for 'createDependencies' 2.157290999995894ms
[NX v22.6.1 Daemon Server] - 2026-03-22T09:25:54.586Z - Time taken for 'nx/js/dependencies-and-lockfile:createDependencies' 2.1307080000042333ms
[NX v22.6.1 Daemon Server] - 2026-03-22T09:25:54.586Z - Time taken for 'createMetadata' 0.006417000004148576ms
[NX v22.6.1 Daemon Server] - 2026-03-22T09:25:54.586Z - Time taken for 'serialize graph' 0.13195799999812152ms
[NX v22.6.1 Daemon Server] - 2026-03-22T09:25:59.397Z - [WATCHER]: Processing file changes in outputs
[NX v22.6.1 Daemon Server] - 2026-03-22T09:25:59.397Z - [WATCHER]: 1 file(s) created or restored, 0 file(s) modified, 1 file(s) deleted
[NX v22.6.1 Daemon Server] - 2026-03-22T09:25:59.397Z - [SYNC]: clearing sync generators cache due to file changes
[NX v22.6.1 Daemon Server] - 2026-03-22T09:25:59.502Z - [REQUEST]: Updated workspace context based on watched changes, recomputing project graph...
[NX v22.6.1 Daemon Server] - 2026-03-22T09:25:59.502Z - [REQUEST]: payments/payments-service/build.gradle.kts
[NX v22.6.1 Daemon Server] - 2026-03-22T09:25:59.502Z - [REQUEST]: payments/payments-service/build.gradle.kts.tmp.73736.1774171559334
[NX v22.6.1 Daemon Server] - 2026-03-22T09:25:59.506Z - Time taken for 'hash changed files from watcher' 3.2184590000033495ms
Time taken for 'plugin worker 77478 code loading' 51.344708ms
Time taken for 'plugin worker 77480 code loading' 49.180875ms
Time taken for 'plugin worker 77479 code loading' 50.608667ms
[NX v22.6.1 Daemon Server] - 2026-03-22T09:25:59.592Z - Time taken for 'start-plugin-worker:nx/js/dependencies-and-lockfile' 87.99079199999687ms
[NX v22.6.1 Daemon Server] - 2026-03-22T09:25:59.592Z - Time taken for 'start-plugin-worker:nx/core/package-json' 86.89808400000038ms
[NX v22.6.1 Daemon Server] - 2026-03-22T09:25:59.592Z - Time taken for 'start-plugin-worker:nx/core/project-json' 86.30270799999562ms
Time taken for 'nx/js/dependencies-and-lockfile:createNodes' 0.864292000000006ms
[NX v22.6.1 Daemon Server] - 2026-03-22T09:25:59.601Z - Time taken for 'build-project-configs' 93.5347499999989ms
[NX v22.6.1 Daemon Server] - 2026-03-22T09:25:59.601Z - Time taken for 'createNodes:merge' 0.16129199999704724ms
[NX v22.6.1 Daemon Server] - 2026-03-22T09:25:59.601Z - Time taken for 'get-all-workspace-files' 1.387125000001106ms
Time taken for 'build typescript dependencies' 0.04595900000001052ms
[NX v22.6.1 Daemon Server] - 2026-03-22T09:25:59.604Z - [SYNC]: collect registered sync generators
[NX v22.6.1 Daemon Server] - 2026-03-22T09:25:59.604Z - [SYNC]: project graph hash is the same, not collecting task sync generators
[NX v22.6.1 Daemon Server] - 2026-03-22T09:25:59.604Z - [SYNC]: nx.json hash is the same, not collecting global sync generators
[NX v22.6.1 Daemon Server] - 2026-03-22T09:25:59.604Z - Time taken for 'total execution time for createProjectGraph()' 3.5703750000029686ms
[NX v22.6.1 Daemon Server] - 2026-03-22T09:25:59.604Z - Time taken for 'createDependencies' 2.411000000000058ms
[NX v22.6.1 Daemon Server] - 2026-03-22T09:25:59.604Z - Time taken for 'nx/js/dependencies-and-lockfile:createDependencies' 2.3839999999981956ms
[NX v22.6.1 Daemon Server] - 2026-03-22T09:25:59.604Z - Time taken for 'createMetadata' 0.009749999997438863ms
[NX v22.6.1 Daemon Server] - 2026-03-22T09:25:59.604Z - Time taken for 'serialize graph' 0.14833399999770336ms
[NX v22.6.1 Daemon Server] - 2026-03-22T09:27:46.188Z - [WATCHER]: 0 file(s) created or restored, 3 file(s) modified, 0 file(s) deleted
[NX v22.6.1 Daemon Server] - 2026-03-22T09:27:46.189Z - [SYNC]: clearing sync generators cache due to file changes
[NX v22.6.1 Daemon Server] - 2026-03-22T09:27:46.189Z - [WATCHER]: Processing file changes in outputs
[NX v22.6.1 Daemon Server] - 2026-03-22T09:27:46.391Z - [REQUEST]: Updated workspace context based on watched changes, recomputing project graph...
[NX v22.6.1 Daemon Server] - 2026-03-22T09:27:46.391Z - [REQUEST]: .gradle/9.4.1/checksums/checksums.lock,.gradle/buildOutputCleanup/buildOutputCleanup.lock,.gradle/9.4.1/fileHashes/fileHashes.lock
[NX v22.6.1 Daemon Server] - 2026-03-22T09:27:46.391Z - [REQUEST]: 
[NX v22.6.1 Daemon Server] - 2026-03-22T09:27:46.394Z - Time taken for 'hash changed files from watcher' 1.7756670000089798ms
Time taken for 'plugin worker 77555 code loading' 50.779833ms
Time taken for 'plugin worker 77556 code loading' 52.30666600000001ms
Time taken for 'plugin worker 77557 code loading' 52.096333ms
[NX v22.6.1 Daemon Server] - 2026-03-22T09:27:46.473Z - Time taken for 'start-plugin-worker:nx/js/dependencies-and-lockfile' 80.58924999998999ms
[NX v22.6.1 Daemon Server] - 2026-03-22T09:27:46.473Z - Time taken for 'start-plugin-worker:nx/core/package-json' 79.8842500000028ms
[NX v22.6.1 Daemon Server] - 2026-03-22T09:27:46.473Z - Time taken for 'start-plugin-worker:nx/core/project-json' 79.56529100000625ms
Time taken for 'nx/js/dependencies-and-lockfile:createNodes' 0.8620840000000101ms
[NX v22.6.1 Daemon Server] - 2026-03-22T09:27:46.485Z - Time taken for 'build-project-configs' 86.82408399999258ms
[NX v22.6.1 Daemon Server] - 2026-03-22T09:27:46.485Z - Time taken for 'createNodes:merge' 0.21866700000828132ms
[NX v22.6.1 Daemon Server] - 2026-03-22T09:27:46.485Z - Time taken for 'get-all-workspace-files' 1.8421249999955762ms
Time taken for 'build typescript dependencies' 0.05116600000000915ms
[NX v22.6.1 Daemon Server] - 2026-03-22T09:27:46.488Z - [SYNC]: collect registered sync generators
[NX v22.6.1 Daemon Server] - 2026-03-22T09:27:46.488Z - [SYNC]: project graph hash is the same, not collecting task sync generators
[NX v22.6.1 Daemon Server] - 2026-03-22T09:27:46.488Z - [SYNC]: nx.json hash is the same, not collecting global sync generators
[NX v22.6.1 Daemon Server] - 2026-03-22T09:27:46.488Z - Time taken for 'total execution time for createProjectGraph()' 5.589042000006884ms
[NX v22.6.1 Daemon Server] - 2026-03-22T09:27:46.489Z - Time taken for 'createDependencies' 3.5666670000064187ms
[NX v22.6.1 Daemon Server] - 2026-03-22T09:27:46.489Z - Time taken for 'nx/js/dependencies-and-lockfile:createDependencies' 3.527957999991486ms
[NX v22.6.1 Daemon Server] - 2026-03-22T09:27:46.489Z - Time taken for 'createMetadata' 0.011250000010477379ms
[NX v22.6.1 Daemon Server] - 2026-03-22T09:27:46.489Z - Time taken for 'serialize graph' 0.42108299999381416ms
[NX v22.6.1 Daemon Server] - 2026-03-22T09:27:46.971Z - [WATCHER]: Processing file changes in outputs
[NX v22.6.1 Daemon Server] - 2026-03-22T09:27:46.971Z - [WATCHER]: 0 file(s) created or restored, 2 file(s) modified, 0 file(s) deleted
[NX v22.6.1 Daemon Server] - 2026-03-22T09:27:46.971Z - [SYNC]: clearing sync generators cache due to file changes
[NX v22.6.1 Daemon Server] - 2026-03-22T09:27:47.037Z - [WATCHER]: 3 file(s) created or restored, 4 file(s) modified, 0 file(s) deleted
[NX v22.6.1 Daemon Server] - 2026-03-22T09:27:47.037Z - [SYNC]: clearing sync generators cache due to file changes
[NX v22.6.1 Daemon Server] - 2026-03-22T09:27:47.037Z - [WATCHER]: Processing file changes in outputs
[NX v22.6.1 Daemon Server] - 2026-03-22T09:27:47.145Z - [WATCHER]: Processing file changes in outputs
[NX v22.6.1 Daemon Server] - 2026-03-22T09:27:47.145Z - [WATCHER]: 0 file(s) created or restored, 2 file(s) modified, 0 file(s) deleted
[NX v22.6.1 Daemon Server] - 2026-03-22T09:27:47.145Z - [SYNC]: clearing sync generators cache due to file changes
[NX v22.6.1 Daemon Server] - 2026-03-22T09:27:47.196Z - [WATCHER]: 0 file(s) created or restored, 2 file(s) modified, 0 file(s) deleted
[NX v22.6.1 Daemon Server] - 2026-03-22T09:27:47.196Z - [SYNC]: clearing sync generators cache due to file changes
[NX v22.6.1 Daemon Server] - 2026-03-22T09:27:47.196Z - [WATCHER]: Processing file changes in outputs
[NX v22.6.1 Daemon Server] - 2026-03-22T09:27:47.250Z - [WATCHER]: 0 file(s) created or restored, 2 file(s) modified, 0 file(s) deleted
[NX v22.6.1 Daemon Server] - 2026-03-22T09:27:47.250Z - [SYNC]: clearing sync generators cache due to file changes
[NX v22.6.1 Daemon Server] - 2026-03-22T09:27:47.250Z - [WATCHER]: Processing file changes in outputs
[NX v22.6.1 Daemon Server] - 2026-03-22T09:27:47.302Z - [WATCHER]: 0 file(s) created or restored, 2 file(s) modified, 0 file(s) deleted
[NX v22.6.1 Daemon Server] - 2026-03-22T09:27:47.302Z - [SYNC]: clearing sync generators cache due to file changes
[NX v22.6.1 Daemon Server] - 2026-03-22T09:27:47.302Z - [WATCHER]: Processing file changes in outputs
[NX v22.6.1 Daemon Server] - 2026-03-22T09:27:47.368Z - [WATCHER]: 0 file(s) created or restored, 2 file(s) modified, 0 file(s) deleted
[NX v22.6.1 Daemon Server] - 2026-03-22T09:27:47.368Z - [SYNC]: clearing sync generators cache due to file changes
[NX v22.6.1 Daemon Server] - 2026-03-22T09:27:47.368Z - [WATCHER]: Processing file changes in outputs
[NX v22.6.1 Daemon Server] - 2026-03-22T09:27:47.373Z - [REQUEST]: Updated workspace context based on watched changes, recomputing project graph...
[NX v22.6.1 Daemon Server] - 2026-03-22T09:27:47.373Z - [REQUEST]: .gradle/9.4.1/executionHistory/executionHistory.lock,.gradle/9.4.1/fileHashes/resourceHashesCache.bin,payments/payments-library/build/libs/payments-library-0.0.0.jar,payments/payments-library/build/tmp/jar/MANIFEST.MF,payments/payments-library/build/tmp/compileJava/previous-compilation-data.bin,.gradle/9.4.1/fileHashes/fileHashes.bin,.gradle/buildOutputCleanup/outputFiles.bin,.gradle/9.4.1/executionHistory/executionHistory.bin,.gradle/9.4.1/checksums/sha1-checksums.bin,.gradle/9.4.1/checksums/md5-checksums.bin
[NX v22.6.1 Daemon Server] - 2026-03-22T09:27:47.373Z - [REQUEST]: 
[NX v22.6.1 Daemon Server] - 2026-03-22T09:27:47.376Z - Time taken for 'hash changed files from watcher' 1.6907500000088476ms
[NX v22.6.1 Daemon Server] - 2026-03-22T09:27:47.422Z - [WATCHER]: 0 file(s) created or restored, 2 file(s) modified, 0 file(s) deleted
[NX v22.6.1 Daemon Server] - 2026-03-22T09:27:47.422Z - [SYNC]: clearing sync generators cache due to file changes
[NX v22.6.1 Daemon Server] - 2026-03-22T09:27:47.422Z - [WATCHER]: Processing file changes in outputs
Time taken for 'plugin worker 77558 code loading' 50.817584000000004ms
Time taken for 'plugin worker 77559 code loading' 49.741167ms
Time taken for 'plugin worker 77560 code loading' 49.215165999999996ms
[NX v22.6.1 Daemon Server] - 2026-03-22T09:27:47.448Z - Time taken for 'start-plugin-worker:nx/js/dependencies-and-lockfile' 73.52912500000093ms
[NX v22.6.1 Daemon Server] - 2026-03-22T09:27:47.448Z - Time taken for 'start-plugin-worker:nx/core/package-json' 72.98433300000033ms
[NX v22.6.1 Daemon Server] - 2026-03-22T09:27:47.448Z - Time taken for 'start-plugin-worker:nx/core/project-json' 72.70137500000419ms
Time taken for 'nx/js/dependencies-and-lockfile:createNodes' 0.7482499999999987ms
[NX v22.6.1 Daemon Server] - 2026-03-22T09:27:47.457Z - Time taken for 'build-project-configs' 78.78183300001547ms
[NX v22.6.1 Daemon Server] - 2026-03-22T09:27:47.457Z - Time taken for 'createNodes:merge' 0.16266699999687262ms
[NX v22.6.1 Daemon Server] - 2026-03-22T09:27:47.457Z - Time taken for 'get-all-workspace-files' 1.2485409999790136ms
Time taken for 'build typescript dependencies' 0.05083300000001145ms
[NX v22.6.1 Daemon Server] - 2026-03-22T09:27:47.460Z - [SYNC]: collect registered sync generators
[NX v22.6.1 Daemon Server] - 2026-03-22T09:27:47.460Z - [SYNC]: project graph hash is the same, not collecting task sync generators
[NX v22.6.1 Daemon Server] - 2026-03-22T09:27:47.460Z - [SYNC]: nx.json hash is the same, not collecting global sync generators
[NX v22.6.1 Daemon Server] - 2026-03-22T09:27:47.460Z - Time taken for 'total execution time for createProjectGraph()' 4.396791000006488ms
[NX v22.6.1 Daemon Server] - 2026-03-22T09:27:47.460Z - Time taken for 'createDependencies' 2.7550829999963753ms
[NX v22.6.1 Daemon Server] - 2026-03-22T09:27:47.460Z - Time taken for 'nx/js/dependencies-and-lockfile:createDependencies' 2.7250830000266433ms
[NX v22.6.1 Daemon Server] - 2026-03-22T09:27:47.460Z - Time taken for 'createMetadata' 0.007666999998036772ms
[NX v22.6.1 Daemon Server] - 2026-03-22T09:27:47.460Z - Time taken for 'serialize graph' 0.1496659999829717ms
[NX v22.6.1 Daemon Server] - 2026-03-22T09:27:47.483Z - [WATCHER]: 0 file(s) created or restored, 2 file(s) modified, 0 file(s) deleted
[NX v22.6.1 Daemon Server] - 2026-03-22T09:27:47.489Z - [SYNC]: clearing sync generators cache due to file changes
[NX v22.6.1 Daemon Server] - 2026-03-22T09:27:47.489Z - [WATCHER]: Processing file changes in outputs
[NX v22.6.1 Daemon Server] - 2026-03-22T09:27:47.560Z - [WATCHER]: 0 file(s) created or restored, 2 file(s) modified, 0 file(s) deleted
[NX v22.6.1 Daemon Server] - 2026-03-22T09:27:47.560Z - [SYNC]: clearing sync generators cache due to file changes
[NX v22.6.1 Daemon Server] - 2026-03-22T09:27:47.560Z - [WATCHER]: Processing file changes in outputs
[NX v22.6.1 Daemon Server] - 2026-03-22T09:27:47.612Z - [WATCHER]: 0 file(s) created or restored, 2 file(s) modified, 0 file(s) deleted
[NX v22.6.1 Daemon Server] - 2026-03-22T09:27:47.612Z - [SYNC]: clearing sync generators cache due to file changes
[NX v22.6.1 Daemon Server] - 2026-03-22T09:27:47.612Z - [WATCHER]: Processing file changes in outputs
[NX v22.6.1 Daemon Server] - 2026-03-22T09:27:47.625Z - [REQUEST]: Updated workspace context based on watched changes, recomputing project graph...
[NX v22.6.1 Daemon Server] - 2026-03-22T09:27:47.625Z - [REQUEST]: .gradle/9.4.1/checksums/sha1-checksums.bin,.gradle/9.4.1/checksums/md5-checksums.bin
[NX v22.6.1 Daemon Server] - 2026-03-22T09:27:47.625Z - [REQUEST]: 
[NX v22.6.1 Daemon Server] - 2026-03-22T09:27:47.628Z - Time taken for 'hash changed files from watcher' 2.4616249999962747ms
[NX v22.6.1 Daemon Server] - 2026-03-22T09:27:47.673Z - [WATCHER]: Processing file changes in outputs
[NX v22.6.1 Daemon Server] - 2026-03-22T09:27:47.673Z - [WATCHER]: 0 file(s) created or restored, 2 file(s) modified, 0 file(s) deleted
[NX v22.6.1 Daemon Server] - 2026-03-22T09:27:47.673Z - [SYNC]: clearing sync generators cache due to file changes
Time taken for 'plugin worker 77563 code loading' 48.43725ms
Time taken for 'plugin worker 77562 code loading' 48.434083ms
Time taken for 'plugin worker 77561 code loading' 48.563291ms
[NX v22.6.1 Daemon Server] - 2026-03-22T09:27:47.700Z - Time taken for 'start-plugin-worker:nx/js/dependencies-and-lockfile' 73.46479100000579ms
[NX v22.6.1 Daemon Server] - 2026-03-22T09:27:47.701Z - Time taken for 'start-plugin-worker:nx/core/package-json' 73.98695799999405ms
[NX v22.6.1 Daemon Server] - 2026-03-22T09:27:47.701Z - Time taken for 'start-plugin-worker:nx/core/project-json' 73.63079200001084ms
Time taken for 'nx/js/dependencies-and-lockfile:createNodes' 0.7869999999999919ms
[NX v22.6.1 Daemon Server] - 2026-03-22T09:27:47.709Z - Time taken for 'build-project-configs' 78.97508400000515ms
[NX v22.6.1 Daemon Server] - 2026-03-22T09:27:47.709Z - Time taken for 'createNodes:merge' 0.19662499998230487ms
[NX v22.6.1 Daemon Server] - 2026-03-22T09:27:47.709Z - Time taken for 'get-all-workspace-files' 1.2636249999923166ms
Time taken for 'build typescript dependencies' 0.04837499999999295ms
[NX v22.6.1 Daemon Server] - 2026-03-22T09:27:47.712Z - [SYNC]: collect registered sync generators
[NX v22.6.1 Daemon Server] - 2026-03-22T09:27:47.712Z - [SYNC]: project graph hash is the same, not collecting task sync generators
[NX v22.6.1 Daemon Server] - 2026-03-22T09:27:47.712Z - [SYNC]: nx.json hash is the same, not collecting global sync generators
[NX v22.6.1 Daemon Server] - 2026-03-22T09:27:47.712Z - Time taken for 'total execution time for createProjectGraph()' 4.050458000012441ms
[NX v22.6.1 Daemon Server] - 2026-03-22T09:27:47.712Z - Time taken for 'createDependencies' 2.7331669999985024ms
[NX v22.6.1 Daemon Server] - 2026-03-22T09:27:47.712Z - Time taken for 'nx/js/dependencies-and-lockfile:createDependencies' 2.709333000006154ms
[NX v22.6.1 Daemon Server] - 2026-03-22T09:27:47.712Z - Time taken for 'createMetadata' 0.00820800001383759ms
[NX v22.6.1 Daemon Server] - 2026-03-22T09:27:47.712Z - Time taken for 'serialize graph' 0.1350840000086464ms
[NX v22.6.1 Daemon Server] - 2026-03-22T09:27:47.728Z - [WATCHER]: .gradle/9.4.1/checksums/sha1-checksums.bin was modified
[NX v22.6.1 Daemon Server] - 2026-03-22T09:27:47.728Z - [SYNC]: clearing sync generators cache due to file changes
[NX v22.6.1 Daemon Server] - 2026-03-22T09:27:47.728Z - [WATCHER]: Processing file changes in outputs
[NX v22.6.1 Daemon Server] - 2026-03-22T09:27:47.781Z - [WATCHER]: .gradle/9.4.1/checksums/sha1-checksums.bin was modified
[NX v22.6.1 Daemon Server] - 2026-03-22T09:27:47.781Z - [SYNC]: clearing sync generators cache due to file changes
[NX v22.6.1 Daemon Server] - 2026-03-22T09:27:47.781Z - [WATCHER]: Processing file changes in outputs
[NX v22.6.1 Daemon Server] - 2026-03-22T09:27:47.883Z - [WATCHER]: 0 file(s) created or restored, 2 file(s) modified, 0 file(s) deleted
[NX v22.6.1 Daemon Server] - 2026-03-22T09:27:47.883Z - [SYNC]: clearing sync generators cache due to file changes
[NX v22.6.1 Daemon Server] - 2026-03-22T09:27:47.883Z - [WATCHER]: Processing file changes in outputs
[NX v22.6.1 Daemon Server] - 2026-03-22T09:27:48.081Z - [REQUEST]: Updated workspace context based on watched changes, recomputing project graph...
[NX v22.6.1 Daemon Server] - 2026-03-22T09:27:48.081Z - [REQUEST]: .gradle/9.4.1/checksums/sha1-checksums.bin,.gradle/9.4.1/checksums/md5-checksums.bin,.gradle/9.4.1/fileHashes/resourceHashesCache.bin
[NX v22.6.1 Daemon Server] - 2026-03-22T09:27:48.081Z - [REQUEST]: 
[NX v22.6.1 Daemon Server] - 2026-03-22T09:27:48.085Z - [WATCHER]: 0 file(s) created or restored, 0 file(s) modified, 0 file(s) deleted
[NX v22.6.1 Daemon Server] - 2026-03-22T09:27:48.085Z - Time taken for 'hash changed files from watcher' 8.07941700000083ms
[NX v22.6.1 Daemon Server] - 2026-03-22T09:27:48.135Z - [WATCHER]: Processing file changes in outputs
[NX v22.6.1 Daemon Server] - 2026-03-22T09:27:48.136Z - [WATCHER]: .gradle/9.4.1/fileHashes/fileHashes.bin was modified
[NX v22.6.1 Daemon Server] - 2026-03-22T09:27:48.136Z - [SYNC]: clearing sync generators cache due to file changes
Time taken for 'plugin worker 77566 code loading' 54.07320800000001ms
Time taken for 'plugin worker 77567 code loading' 54.390333ms
Time taken for 'plugin worker 77568 code loading' 53.91158300000001ms
[NX v22.6.1 Daemon Server] - 2026-03-22T09:27:48.167Z - Time taken for 'start-plugin-worker:nx/js/dependencies-and-lockfile' 83.55783299999894ms
[NX v22.6.1 Daemon Server] - 2026-03-22T09:27:48.167Z - Time taken for 'start-plugin-worker:nx/core/package-json' 82.94445799998357ms
[NX v22.6.1 Daemon Server] - 2026-03-22T09:27:48.167Z - Time taken for 'start-plugin-worker:nx/core/project-json' 82.63012499999604ms
Time taken for 'nx/js/dependencies-and-lockfile:createNodes' 0.9062079999999924ms
[NX v22.6.1 Daemon Server] - 2026-03-22T09:27:48.178Z - Time taken for 'build-project-configs' 89.97216600002139ms
[NX v22.6.1 Daemon Server] - 2026-03-22T09:27:48.178Z - Time taken for 'createNodes:merge' 0.1875419999996666ms
[NX v22.6.1 Daemon Server] - 2026-03-22T09:27:48.178Z - Time taken for 'get-all-workspace-files' 1.4492500000051223ms
Time taken for 'build typescript dependencies' 0.05308300000000088ms
[NX v22.6.1 Daemon Server] - 2026-03-22T09:27:48.182Z - [SYNC]: collect registered sync generators
[NX v22.6.1 Daemon Server] - 2026-03-22T09:27:48.182Z - [SYNC]: project graph hash is the same, not collecting task sync generators
[NX v22.6.1 Daemon Server] - 2026-03-22T09:27:48.182Z - [SYNC]: nx.json hash is the same, not collecting global sync generators
[NX v22.6.1 Daemon Server] - 2026-03-22T09:27:48.182Z - Time taken for 'total execution time for createProjectGraph()' 5.813166000007186ms
[NX v22.6.1 Daemon Server] - 2026-03-22T09:27:48.182Z - Time taken for 'createDependencies' 4.1382919999887235ms
[NX v22.6.1 Daemon Server] - 2026-03-22T09:27:48.182Z - Time taken for 'nx/js/dependencies-and-lockfile:createDependencies' 4.10279200001969ms
[NX v22.6.1 Daemon Server] - 2026-03-22T09:27:48.182Z - Time taken for 'createMetadata' 0.008415999996941537ms
[NX v22.6.1 Daemon Server] - 2026-03-22T09:27:48.182Z - Time taken for 'serialize graph' 0.15841699999873526ms
[NX v22.6.1 Daemon Server] - 2026-03-22T09:27:48.498Z - [WATCHER]: Processing file changes in outputs
[NX v22.6.1 Daemon Server] - 2026-03-22T09:27:48.498Z - [WATCHER]: 1 file(s) created or restored, 4 file(s) modified, 0 file(s) deleted
[NX v22.6.1 Daemon Server] - 2026-03-22T09:27:48.499Z - [SYNC]: clearing sync generators cache due to file changes
[NX v22.6.1 Daemon Server] - 2026-03-22T09:27:48.558Z - [WATCHER]: 0 file(s) created or restored, 2 file(s) modified, 0 file(s) deleted
[NX v22.6.1 Daemon Server] - 2026-03-22T09:27:48.558Z - [SYNC]: clearing sync generators cache due to file changes
[NX v22.6.1 Daemon Server] - 2026-03-22T09:27:48.558Z - [WATCHER]: Processing file changes in outputs
[NX v22.6.1 Daemon Server] - 2026-03-22T09:27:48.618Z - [WATCHER]: Processing file changes in outputs
[NX v22.6.1 Daemon Server] - 2026-03-22T09:27:48.618Z - [WATCHER]: 0 file(s) created or restored, 2 file(s) modified, 0 file(s) deleted
[NX v22.6.1 Daemon Server] - 2026-03-22T09:27:48.618Z - [SYNC]: clearing sync generators cache due to file changes
[NX v22.6.1 Daemon Server] - 2026-03-22T09:27:48.670Z - [WATCHER]: 0 file(s) created or restored, 2 file(s) modified, 0 file(s) deleted
[NX v22.6.1 Daemon Server] - 2026-03-22T09:27:48.670Z - [SYNC]: clearing sync generators cache due to file changes
[NX v22.6.1 Daemon Server] - 2026-03-22T09:27:48.671Z - [WATCHER]: Processing file changes in outputs
[NX v22.6.1 Daemon Server] - 2026-03-22T09:27:48.722Z - [WATCHER]: 0 file(s) created or restored, 3 file(s) modified, 0 file(s) deleted
[NX v22.6.1 Daemon Server] - 2026-03-22T09:27:48.723Z - [SYNC]: clearing sync generators cache due to file changes
[NX v22.6.1 Daemon Server] - 2026-03-22T09:27:48.723Z - [WATCHER]: Processing file changes in outputs
[NX v22.6.1 Daemon Server] - 2026-03-22T09:27:48.887Z - [REQUEST]: Updated workspace context based on watched changes, recomputing project graph...
[NX v22.6.1 Daemon Server] - 2026-03-22T09:27:48.887Z - [REQUEST]: .gradle/9.4.1/fileHashes/fileHashes.bin,payments/payments-library/build/tmp/compileTestJava/previous-compilation-data.bin,.gradle/buildOutputCleanup/outputFiles.bin,.gradle/9.4.1/checksums/sha1-checksums.bin,.gradle/9.4.1/executionHistory/executionHistory.bin,.gradle/9.4.1/checksums/md5-checksums.bin,.gradle/9.4.1/fileHashes/resourceHashesCache.bin
[NX v22.6.1 Daemon Server] - 2026-03-22T09:27:48.888Z - [REQUEST]: 
[NX v22.6.1 Daemon Server] - 2026-03-22T09:27:48.890Z - Time taken for 'hash changed files from watcher' 1.831625000020722ms
Time taken for 'plugin worker 77569 code loading' 50.744042ms
Time taken for 'plugin worker 77571 code loading' 50.568292ms
Time taken for 'plugin worker 77570 code loading' 48.710291999999995ms
[NX v22.6.1 Daemon Server] - 2026-03-22T09:27:48.962Z - Time taken for 'start-plugin-worker:nx/js/dependencies-and-lockfile' 73.16420800000196ms
[NX v22.6.1 Daemon Server] - 2026-03-22T09:27:48.962Z - Time taken for 'start-plugin-worker:nx/core/package-json' 72.61249999998836ms
[NX v22.6.1 Daemon Server] - 2026-03-22T09:27:48.962Z - Time taken for 'start-plugin-worker:nx/core/project-json' 72.33279200000106ms
Time taken for 'nx/js/dependencies-and-lockfile:createNodes' 0.9301670000000115ms
[NX v22.6.1 Daemon Server] - 2026-03-22T09:27:48.972Z - Time taken for 'build-project-configs' 79.68462499999441ms
[NX v22.6.1 Daemon Server] - 2026-03-22T09:27:48.972Z - Time taken for 'createNodes:merge' 0.16745799998170696ms
[NX v22.6.1 Daemon Server] - 2026-03-22T09:27:48.972Z - Time taken for 'get-all-workspace-files' 1.2811670000082813ms
Time taken for 'build typescript dependencies' 0.05158299999999372ms
[NX v22.6.1 Daemon Server] - 2026-03-22T09:27:48.978Z - [SYNC]: collect registered sync generators
[NX v22.6.1 Daemon Server] - 2026-03-22T09:27:48.978Z - [SYNC]: project graph hash is the same, not collecting task sync generators
[NX v22.6.1 Daemon Server] - 2026-03-22T09:27:48.978Z - [SYNC]: nx.json hash is the same, not collecting global sync generators
[NX v22.6.1 Daemon Server] - 2026-03-22T09:27:48.978Z - Time taken for 'total execution time for createProjectGraph()' 7.072082999977283ms
[NX v22.6.1 Daemon Server] - 2026-03-22T09:27:48.978Z - Time taken for 'createDependencies' 5.815625000017462ms
[NX v22.6.1 Daemon Server] - 2026-03-22T09:27:48.978Z - Time taken for 'nx/js/dependencies-and-lockfile:createDependencies' 5.773541000002297ms
[NX v22.6.1 Daemon Server] - 2026-03-22T09:27:48.978Z - Time taken for 'createMetadata' 0.012416999990819022ms
[NX v22.6.1 Daemon Server] - 2026-03-22T09:27:48.978Z - Time taken for 'serialize graph' 0.160249999986263ms
[NX v22.6.1 Daemon Server] - 2026-03-22T09:27:49.014Z - [WATCHER]: 6 file(s) created or restored, 0 file(s) modified, 1 file(s) deleted
[NX v22.6.1 Daemon Server] - 2026-03-22T09:27:49.015Z - [SYNC]: clearing sync generators cache due to file changes
[NX v22.6.1 Daemon Server] - 2026-03-22T09:27:49.015Z - [WATCHER]: Processing file changes in outputs
[NX v22.6.1 Daemon Server] - 2026-03-22T09:27:49.069Z - [WATCHER]: 0 file(s) created or restored, 11 file(s) modified, 0 file(s) deleted
[NX v22.6.1 Daemon Server] - 2026-03-22T09:27:49.069Z - [SYNC]: clearing sync generators cache due to file changes
[NX v22.6.1 Daemon Server] - 2026-03-22T09:27:49.069Z - [WATCHER]: Processing file changes in outputs
[NX v22.6.1 Daemon Server] - 2026-03-22T09:27:49.118Z - [REQUEST]: Updated workspace context based on watched changes, recomputing project graph...
[NX v22.6.1 Daemon Server] - 2026-03-22T09:27:49.118Z - [REQUEST]: payments/payments-library/build/test-results/test/binary/results-generic.bin,payments/payments-library/build/test-results/test/binary/output-events.bin,payments/payments-library/build/reports/tests/test/css/style.css,payments/payments-library/build/reports/tests/test/js/report.js,payments/payments-library/build/reports/tests/test/index.html,payments/payments-library/build/reports/tests/test/css/base-style.css,.gradle/9.4.1/fileChanges/last-build.bin,.gradle/buildOutputCleanup/buildOutputCleanup.lock,.gradle/9.4.1/executionHistory/executionHistory.bin,.gradle/buildOutputCleanup/outputFiles.bin,.gradle/9.4.1/fileHashes/resourceHashesCache.bin,.gradle/9.4.1/fileHashes/fileHashes.lock,.gradle/9.4.1/checksums/sha1-checksums.bin,.gradle/9.4.1/checksums/checksums.lock,.gradle/9.4.1/executionHistory/executionHistory.lock,.gradle/9.4.1/checksums/md5-checksums.bin,.gradle/9.4.1/fileHashes/fileHashes.bin
[NX v22.6.1 Daemon Server] - 2026-03-22T09:27:49.118Z - [REQUEST]: payments/payments-library/build/test-results/test/binary/in-progress-results-generic2784219604806709195.bin
[NX v22.6.1 Daemon Server] - 2026-03-22T09:27:49.120Z - Time taken for 'hash changed files from watcher' 2.1031249999941792ms
Time taken for 'plugin worker 77574 code loading' 49.831084ms
Time taken for 'plugin worker 77572 code loading' 48.683541000000005ms
Time taken for 'plugin worker 77573 code loading' 49.42925ms
[NX v22.6.1 Daemon Server] - 2026-03-22T09:27:49.195Z - Time taken for 'start-plugin-worker:nx/js/dependencies-and-lockfile' 75.71508300001733ms
[NX v22.6.1 Daemon Server] - 2026-03-22T09:27:49.195Z - Time taken for 'start-plugin-worker:nx/core/package-json' 75.05866700000479ms
[NX v22.6.1 Daemon Server] - 2026-03-22T09:27:49.195Z - Time taken for 'start-plugin-worker:nx/core/project-json' 74.75145800001337ms
Time taken for 'nx/js/dependencies-and-lockfile:createNodes' 0.7402919999999966ms
[NX v22.6.1 Daemon Server] - 2026-03-22T09:27:49.203Z - Time taken for 'build-project-configs' 81.07666699998663ms
[NX v22.6.1 Daemon Server] - 2026-03-22T09:27:49.203Z - Time taken for 'createNodes:merge' 0.18570900001213886ms
[NX v22.6.1 Daemon Server] - 2026-03-22T09:27:49.203Z - Time taken for 'get-all-workspace-files' 1.2156250000116415ms
Time taken for 'build typescript dependencies' 0.04245800000001054ms
[NX v22.6.1 Daemon Server] - 2026-03-22T09:27:49.206Z - [SYNC]: collect registered sync generators
[NX v22.6.1 Daemon Server] - 2026-03-22T09:27:49.206Z - [SYNC]: project graph hash is the same, not collecting task sync generators
[NX v22.6.1 Daemon Server] - 2026-03-22T09:27:49.206Z - [SYNC]: nx.json hash is the same, not collecting global sync generators
[NX v22.6.1 Daemon Server] - 2026-03-22T09:27:49.206Z - Time taken for 'total execution time for createProjectGraph()' 3.3120420000050217ms
[NX v22.6.1 Daemon Server] - 2026-03-22T09:27:49.206Z - Time taken for 'createDependencies' 2.2642500000074506ms
[NX v22.6.1 Daemon Server] - 2026-03-22T09:27:49.206Z - Time taken for 'nx/js/dependencies-and-lockfile:createDependencies' 2.244165999989491ms
[NX v22.6.1 Daemon Server] - 2026-03-22T09:27:49.206Z - Time taken for 'createMetadata' 0.00812499999301508ms
[NX v22.6.1 Daemon Server] - 2026-03-22T09:27:49.206Z - Time taken for 'serialize graph' 0.13524999999208376ms
[NX v22.6.1 Daemon Server] - 2026-03-22T09:28:10.160Z - [WATCHER]: 5 file(s) created or restored, 0 file(s) modified, 0 file(s) deleted
[NX v22.6.1 Daemon Server] - 2026-03-22T09:28:10.160Z - [SYNC]: clearing sync generators cache due to file changes
[NX v22.6.1 Daemon Server] - 2026-03-22T09:28:10.160Z - [WATCHER]: Processing file changes in outputs
[NX v22.6.1 Daemon Server] - 2026-03-22T09:28:10.263Z - [REQUEST]: Updated workspace context based on watched changes, recomputing project graph...
[NX v22.6.1 Daemon Server] - 2026-03-22T09:28:10.263Z - [REQUEST]: common/scripts/install-run-rush-pnpm.js,common/scripts/install-run-rush.js,common/scripts/install-run-rushx.js,common/scripts/install-run.js,common/temp/rush#77598.lock
[NX v22.6.1 Daemon Server] - 2026-03-22T09:28:10.263Z - [REQUEST]: 
[NX v22.6.1 Daemon Server] - 2026-03-22T09:28:10.266Z - Time taken for 'hash changed files from watcher' 1.7341660000092816ms
Time taken for 'plugin worker 77667 code loading' 50.610666ms
Time taken for 'plugin worker 77665 code loading' 50.579709ms
Time taken for 'plugin worker 77666 code loading' 50.628791ms
[NX v22.6.1 Daemon Server] - 2026-03-22T09:28:10.340Z - Time taken for 'start-plugin-worker:nx/js/dependencies-and-lockfile' 75.62833399997908ms
[NX v22.6.1 Daemon Server] - 2026-03-22T09:28:10.340Z - Time taken for 'start-plugin-worker:nx/core/package-json' 75.13629200001014ms
[NX v22.6.1 Daemon Server] - 2026-03-22T09:28:10.340Z - Time taken for 'start-plugin-worker:nx/core/project-json' 74.8226250000007ms
Time taken for 'nx/js/dependencies-and-lockfile:createNodes' 0.8629170000000101ms
[NX v22.6.1 Daemon Server] - 2026-03-22T09:28:10.350Z - Time taken for 'build-project-configs' 81.28554099999019ms
[NX v22.6.1 Daemon Server] - 2026-03-22T09:28:10.350Z - Time taken for 'createNodes:merge' 0.1849579999980051ms
[NX v22.6.1 Daemon Server] - 2026-03-22T09:28:10.350Z - Time taken for 'get-all-workspace-files' 1.3322920000064187ms
Time taken for 'build typescript dependencies' 0.03462500000000546ms
[NX v22.6.1 Daemon Server] - 2026-03-22T09:28:10.352Z - [SYNC]: collect registered sync generators
[NX v22.6.1 Daemon Server] - 2026-03-22T09:28:10.352Z - [SYNC]: project graph hash is the same, not collecting task sync generators
[NX v22.6.1 Daemon Server] - 2026-03-22T09:28:10.352Z - [SYNC]: nx.json hash is the same, not collecting global sync generators
[NX v22.6.1 Daemon Server] - 2026-03-22T09:28:10.352Z - Time taken for 'total execution time for createProjectGraph()' 3.8114999999816064ms
[NX v22.6.1 Daemon Server] - 2026-03-22T09:28:10.352Z - Time taken for 'createDependencies' 2.3363330000138376ms
[NX v22.6.1 Daemon Server] - 2026-03-22T09:28:10.352Z - Time taken for 'nx/js/dependencies-and-lockfile:createDependencies' 2.3144170000159647ms
[NX v22.6.1 Daemon Server] - 2026-03-22T09:28:10.352Z - Time taken for 'createMetadata' 0.004791000013938174ms
[NX v22.6.1 Daemon Server] - 2026-03-22T09:28:10.352Z - Time taken for 'serialize graph' 0.33708300002035685ms
[NX v22.6.1 Daemon Server] - 2026-03-22T09:28:10.991Z - [WATCHER]: 10 file(s) created or restored, 1 file(s) modified, 0 file(s) deleted
[NX v22.6.1 Daemon Server] - 2026-03-22T09:28:10.991Z - [SYNC]: clearing sync generators cache due to file changes
[NX v22.6.1 Daemon Server] - 2026-03-22T09:28:10.991Z - [WATCHER]: Processing file changes in outputs
[NX v22.6.1 Daemon Server] - 2026-03-22T09:28:11.096Z - [REQUEST]: Updated workspace context based on watched changes, recomputing project graph...
[NX v22.6.1 Daemon Server] - 2026-03-22T09:28:11.096Z - [REQUEST]: common/temp/projects/portal-site/package.json,common/temp/.npmrc,common/temp/projects/portal-site.tgz,common/temp/current-variants.json,common/temp/projects/portal-library.tgz,common/temp/projects/portal-library/package.json,common/temp/projects/gotham-vite-commons/package.json,common/temp/projects/gotham-vite-commons.tgz,common/temp/package.json,common/temp/pnpmfileSettings.json,common/temp/.pnpmfile.cjs
[NX v22.6.1 Daemon Server] - 2026-03-22T09:28:11.096Z - [REQUEST]: 
[NX v22.6.1 Daemon Server] - 2026-03-22T09:28:11.100Z - Time taken for 'hash changed files from watcher' 3.0997500000230502ms
Time taken for 'plugin worker 77671 code loading' 49.527333ms
Time taken for 'plugin worker 77670 code loading' 49.658541ms
[NX v22.6.1 Daemon Server] - 2026-03-22T09:28:11.174Z - Time taken for 'start-plugin-worker:nx/core/package-json' 75.32774999999674ms
[NX v22.6.1 Daemon Server] - 2026-03-22T09:28:11.174Z - Time taken for 'start-plugin-worker:nx/core/project-json' 74.8940419999999ms
Time taken for 'plugin worker 77672 code loading' 50.302625000000006ms
[NX v22.6.1 Daemon Server] - 2026-03-22T09:28:11.184Z - Time taken for 'start-plugin-worker:nx/js/dependencies-and-lockfile' 86.21637499998906ms
Time taken for 'nx/js/dependencies-and-lockfile:createNodes' 0.7104170000000067ms
[NX v22.6.1 Daemon Server] - 2026-03-22T09:28:11.193Z - Time taken for 'build-project-configs' 91.22058399999514ms
[NX v22.6.1 Daemon Server] - 2026-03-22T09:28:11.193Z - Time taken for 'createNodes:merge' 0.1436669999966398ms
[NX v22.6.1 Daemon Server] - 2026-03-22T09:28:11.193Z - Time taken for 'get-all-workspace-files' 1.1005420000001322ms
Time taken for 'build typescript dependencies' 0.04041700000000503ms
[NX v22.6.1 Daemon Server] - 2026-03-22T09:28:11.195Z - [SYNC]: collect registered sync generators
[NX v22.6.1 Daemon Server] - 2026-03-22T09:28:11.195Z - [SYNC]: project graph hash is the same, not collecting task sync generators
[NX v22.6.1 Daemon Server] - 2026-03-22T09:28:11.195Z - [SYNC]: nx.json hash is the same, not collecting global sync generators
[NX v22.6.1 Daemon Server] - 2026-03-22T09:28:11.195Z - Time taken for 'total execution time for createProjectGraph()' 3.7204579999961425ms
[NX v22.6.1 Daemon Server] - 2026-03-22T09:28:11.195Z - Time taken for 'createDependencies' 2.4277909999946132ms
[NX v22.6.1 Daemon Server] - 2026-03-22T09:28:11.195Z - Time taken for 'nx/js/dependencies-and-lockfile:createDependencies' 2.407792000012705ms
[NX v22.6.1 Daemon Server] - 2026-03-22T09:28:11.195Z - Time taken for 'createMetadata' 0.005375000007916242ms
[NX v22.6.1 Daemon Server] - 2026-03-22T09:28:11.195Z - Time taken for 'serialize graph' 0.13387499999953434ms
[NX v22.6.1 Daemon Server] - 2026-03-22T09:28:12.138Z - [WATCHER]: Processing file changes in outputs
[NX v22.6.1 Daemon Server] - 2026-03-22T09:28:12.138Z - [WATCHER]: 3 file(s) created or restored, 0 file(s) modified, 0 file(s) deleted
[NX v22.6.1 Daemon Server] - 2026-03-22T09:28:12.138Z - [SYNC]: clearing sync generators cache due to file changes
[NX v22.6.1 Daemon Server] - 2026-03-22T09:28:12.242Z - [REQUEST]: Updated workspace context based on watched changes, recomputing project graph...
[NX v22.6.1 Daemon Server] - 2026-03-22T09:28:12.242Z - [REQUEST]: common/temp/projects/portal-library.tgz,common/temp/projects/portal-site.tgz,common/temp/projects/gotham-vite-commons.tgz
[NX v22.6.1 Daemon Server] - 2026-03-22T09:28:12.242Z - [REQUEST]: 
[NX v22.6.1 Daemon Server] - 2026-03-22T09:28:12.245Z - Time taken for 'hash changed files from watcher' 2.882917000009911ms
Time taken for 'plugin worker 77675 code loading' 50.931292ms
Time taken for 'plugin worker 77676 code loading' 49.723124999999996ms
Time taken for 'plugin worker 77677 code loading' 51.131125ms
[NX v22.6.1 Daemon Server] - 2026-03-22T09:28:12.330Z - Time taken for 'start-plugin-worker:nx/js/dependencies-and-lockfile' 86.05870900000446ms
[NX v22.6.1 Daemon Server] - 2026-03-22T09:28:12.330Z - Time taken for 'start-plugin-worker:nx/core/package-json' 85.24308300000848ms
[NX v22.6.1 Daemon Server] - 2026-03-22T09:28:12.330Z - Time taken for 'start-plugin-worker:nx/core/project-json' 84.90245799999684ms
Time taken for 'nx/js/dependencies-and-lockfile:createNodes' 0.8779170000000107ms
[NX v22.6.1 Daemon Server] - 2026-03-22T09:28:12.340Z - Time taken for 'build-project-configs' 92.096292000002ms
[NX v22.6.1 Daemon Server] - 2026-03-22T09:28:12.340Z - Time taken for 'createNodes:merge' 0.17162499998812564ms
[NX v22.6.1 Daemon Server] - 2026-03-22T09:28:12.340Z - Time taken for 'get-all-workspace-files' 1.3524580000084825ms
Time taken for 'build typescript dependencies' 0.04483399999999449ms
[NX v22.6.1 Daemon Server] - 2026-03-22T09:28:12.342Z - [SYNC]: collect registered sync generators
[NX v22.6.1 Daemon Server] - 2026-03-22T09:28:12.342Z - [SYNC]: project graph hash is the same, not collecting task sync generators
[NX v22.6.1 Daemon Server] - 2026-03-22T09:28:12.342Z - [SYNC]: nx.json hash is the same, not collecting global sync generators
[NX v22.6.1 Daemon Server] - 2026-03-22T09:28:12.342Z - Time taken for 'total execution time for createProjectGraph()' 3.8605830000014976ms
[NX v22.6.1 Daemon Server] - 2026-03-22T09:28:12.342Z - Time taken for 'createDependencies' 2.4784579999977723ms
[NX v22.6.1 Daemon Server] - 2026-03-22T09:28:12.342Z - Time taken for 'nx/js/dependencies-and-lockfile:createDependencies' 2.455083000008017ms
[NX v22.6.1 Daemon Server] - 2026-03-22T09:28:12.342Z - Time taken for 'createMetadata' 0.0044169999891892076ms
[NX v22.6.1 Daemon Server] - 2026-03-22T09:28:12.342Z - Time taken for 'serialize graph' 0.13425000000279397ms
[NX v22.6.1 Daemon Server] - 2026-03-22T09:28:12.469Z - [WATCHER]: common/temp/rush#77598.lock was created or restored
[NX v22.6.1 Daemon Server] - 2026-03-22T09:28:12.470Z - [SYNC]: clearing sync generators cache due to file changes
[NX v22.6.1 Daemon Server] - 2026-03-22T09:28:12.470Z - [WATCHER]: Processing file changes in outputs
[NX v22.6.1 Daemon Server] - 2026-03-22T09:28:12.573Z - [REQUEST]: Updated workspace context based on watched changes, recomputing project graph...
[NX v22.6.1 Daemon Server] - 2026-03-22T09:28:12.573Z - [REQUEST]: common/temp/rush#77598.lock
[NX v22.6.1 Daemon Server] - 2026-03-22T09:28:12.573Z - [REQUEST]: 
[NX v22.6.1 Daemon Server] - 2026-03-22T09:28:12.577Z - Time taken for 'hash changed files from watcher' 2.5304999999934807ms
Time taken for 'plugin worker 77698 code loading' 46.582292ms
[NX v22.6.1 Daemon Server] - 2026-03-22T09:28:12.649Z - Time taken for 'start-plugin-worker:nx/js/dependencies-and-lockfile' 73.93879099999322ms
[NX v22.6.1 Daemon Server] - 2026-03-22T09:28:12.649Z - Time taken for 'start-plugin-worker:nx/core/package-json' 72.9225419999857ms
[NX v22.6.1 Daemon Server] - 2026-03-22T09:28:12.649Z - Time taken for 'start-plugin-worker:nx/core/project-json' 72.47858300001826ms
Time taken for 'plugin worker 77696 code loading' 48.755292000000004ms
Time taken for 'plugin worker 77697 code loading' 48.77820800000001ms
Time taken for 'nx/js/dependencies-and-lockfile:createNodes' 0.7460000000000093ms
[NX v22.6.1 Daemon Server] - 2026-03-22T09:28:12.658Z - Time taken for 'build-project-configs' 79.59191600000486ms
[NX v22.6.1 Daemon Server] - 2026-03-22T09:28:12.658Z - Time taken for 'createNodes:merge' 0.16566600001533516ms
[NX v22.6.1 Daemon Server] - 2026-03-22T09:28:12.658Z - Time taken for 'get-all-workspace-files' 1.1295420000096783ms
Time taken for 'build typescript dependencies' 0.04091699999999321ms
[NX v22.6.1 Daemon Server] - 2026-03-22T09:28:12.660Z - [SYNC]: collect registered sync generators
[NX v22.6.1 Daemon Server] - 2026-03-22T09:28:12.660Z - [SYNC]: project graph hash is the same, not collecting task sync generators
[NX v22.6.1 Daemon Server] - 2026-03-22T09:28:12.660Z - [SYNC]: nx.json hash is the same, not collecting global sync generators
[NX v22.6.1 Daemon Server] - 2026-03-22T09:28:12.660Z - Time taken for 'total execution time for createProjectGraph()' 3.332666000002064ms
[NX v22.6.1 Daemon Server] - 2026-03-22T09:28:12.660Z - Time taken for 'createDependencies' 2.279458999983035ms
[NX v22.6.1 Daemon Server] - 2026-03-22T09:28:12.660Z - Time taken for 'nx/js/dependencies-and-lockfile:createDependencies' 2.2564999999885913ms
[NX v22.6.1 Daemon Server] - 2026-03-22T09:28:12.660Z - Time taken for 'createMetadata' 0.004999999975552782ms
[NX v22.6.1 Daemon Server] - 2026-03-22T09:28:12.660Z - Time taken for 'serialize graph' 0.12833300000056624ms
[NX v22.6.1 Daemon Server] - 2026-03-22T09:29:41.308Z - [WATCHER]: 0 file(s) created or restored, 0 file(s) modified, 0 file(s) deleted
[NX v22.6.1 Daemon Server] - 2026-03-22T09:29:41.308Z - [WATCHER]: Processing file changes in outputs
[NX v22.6.1 Daemon Server] - 2026-03-22T09:29:41.510Z - [REQUEST]: Updated workspace context based on watched changes, recomputing project graph...
[NX v22.6.1 Daemon Server] - 2026-03-22T09:29:41.510Z - [REQUEST]: 
[NX v22.6.1 Daemon Server] - 2026-03-22T09:29:41.510Z - [REQUEST]: 
[NX v22.6.1 Daemon Server] - 2026-03-22T09:29:41.513Z - Time taken for 'hash changed files from watcher' 1.6559170000255108ms
Time taken for 'plugin worker 77746 code loading' 50.850542000000004ms
Time taken for 'plugin worker 77745 code loading' 51.838042ms
Time taken for 'plugin worker 77747 code loading' 51.837834ms
[NX v22.6.1 Daemon Server] - 2026-03-22T09:29:41.588Z - Time taken for 'start-plugin-worker:nx/js/dependencies-and-lockfile' 76.72333300003083ms
[NX v22.6.1 Daemon Server] - 2026-03-22T09:29:41.588Z - Time taken for 'start-plugin-worker:nx/core/package-json' 75.9155000000028ms
[NX v22.6.1 Daemon Server] - 2026-03-22T09:29:41.588Z - Time taken for 'start-plugin-worker:nx/core/project-json' 75.61375000001863ms
Time taken for 'nx/js/dependencies-and-lockfile:createNodes' 0.8223330000000004ms
[NX v22.6.1 Daemon Server] - 2026-03-22T09:29:41.598Z - Time taken for 'build-project-configs' 82.7858750000014ms
[NX v22.6.1 Daemon Server] - 2026-03-22T09:29:41.598Z - Time taken for 'createNodes:merge' 0.21754099999088794ms
[NX v22.6.1 Daemon Server] - 2026-03-22T09:29:41.598Z - Time taken for 'get-all-workspace-files' 1.3173750000423752ms
Time taken for 'build typescript dependencies' 0.05141700000000071ms
[NX v22.6.1 Daemon Server] - 2026-03-22T09:29:41.601Z - [SYNC]: collect registered sync generators
[NX v22.6.1 Daemon Server] - 2026-03-22T09:29:41.601Z - [SYNC]: project graph hash is the same, not collecting task sync generators
[NX v22.6.1 Daemon Server] - 2026-03-22T09:29:41.601Z - [SYNC]: nx.json hash is the same, not collecting global sync generators
[NX v22.6.1 Daemon Server] - 2026-03-22T09:29:41.601Z - Time taken for 'total execution time for createProjectGraph()' 4.570750000013504ms
[NX v22.6.1 Daemon Server] - 2026-03-22T09:29:41.601Z - Time taken for 'createDependencies' 2.683167000010144ms
[NX v22.6.1 Daemon Server] - 2026-03-22T09:29:41.601Z - Time taken for 'nx/js/dependencies-and-lockfile:createDependencies' 2.6540830000303686ms
[NX v22.6.1 Daemon Server] - 2026-03-22T09:29:41.601Z - Time taken for 'createMetadata' 0.0066250000381842256ms
[NX v22.6.1 Daemon Server] - 2026-03-22T09:29:41.601Z - Time taken for 'serialize graph' 0.14858400000957772ms
[NX v22.6.1 Daemon Server] - 2026-03-22T09:29:41.866Z - [WATCHER]: Processing file changes in outputs
[NX v22.6.1 Daemon Server] - 2026-03-22T09:29:41.866Z - [WATCHER]: 2 file(s) created or restored, 0 file(s) modified, 0 file(s) deleted
[NX v22.6.1 Daemon Server] - 2026-03-22T09:29:41.866Z - [SYNC]: clearing sync generators cache due to file changes
[NX v22.6.1 Daemon Server] - 2026-03-22T09:29:41.968Z - [REQUEST]: Updated workspace context based on watched changes, recomputing project graph...
[NX v22.6.1 Daemon Server] - 2026-03-22T09:29:41.968Z - [REQUEST]: .pants.d/pids/.lock.pantsd,.pants.d/pids/.lock.pantsd.lock_message
[NX v22.6.1 Daemon Server] - 2026-03-22T09:29:41.968Z - [REQUEST]: 
[NX v22.6.1 Daemon Server] - 2026-03-22T09:29:41.971Z - Time taken for 'hash changed files from watcher' 1.5435419999994338ms
Time taken for 'plugin worker 77750 code loading' 47.504ms
Time taken for 'plugin worker 77752 code loading' 46.867333ms
Time taken for 'plugin worker 77751 code loading' 47.95125ms
[NX v22.6.1 Daemon Server] - 2026-03-22T09:29:42.045Z - Time taken for 'start-plugin-worker:nx/js/dependencies-and-lockfile' 76.14620799996192ms
[NX v22.6.1 Daemon Server] - 2026-03-22T09:29:42.045Z - Time taken for 'start-plugin-worker:nx/core/package-json' 75.46962500002701ms
[NX v22.6.1 Daemon Server] - 2026-03-22T09:29:42.045Z - Time taken for 'start-plugin-worker:nx/core/project-json' 75.1785830000299ms
Time taken for 'nx/js/dependencies-and-lockfile:createNodes' 0.8054169999999914ms
[NX v22.6.1 Daemon Server] - 2026-03-22T09:29:42.055Z - Time taken for 'build-project-configs' 81.92633299995214ms
[NX v22.6.1 Daemon Server] - 2026-03-22T09:29:42.055Z - Time taken for 'createNodes:merge' 0.18033300002571195ms
[NX v22.6.1 Daemon Server] - 2026-03-22T09:29:42.055Z - Time taken for 'get-all-workspace-files' 1.1985839999979362ms
Time taken for 'build typescript dependencies' 0.04145900000000324ms
[NX v22.6.1 Daemon Server] - 2026-03-22T09:29:42.057Z - [SYNC]: collect registered sync generators
[NX v22.6.1 Daemon Server] - 2026-03-22T09:29:42.057Z - [SYNC]: project graph hash is the same, not collecting task sync generators
[NX v22.6.1 Daemon Server] - 2026-03-22T09:29:42.057Z - [SYNC]: nx.json hash is the same, not collecting global sync generators
[NX v22.6.1 Daemon Server] - 2026-03-22T09:29:42.057Z - Time taken for 'total execution time for createProjectGraph()' 3.8180409999913536ms
[NX v22.6.1 Daemon Server] - 2026-03-22T09:29:42.058Z - Time taken for 'createDependencies' 2.458541999978479ms
[NX v22.6.1 Daemon Server] - 2026-03-22T09:29:42.058Z - Time taken for 'nx/js/dependencies-and-lockfile:createDependencies' 2.4375829999917187ms
[NX v22.6.1 Daemon Server] - 2026-03-22T09:29:42.058Z - Time taken for 'createMetadata' 0.007999999972525984ms
[NX v22.6.1 Daemon Server] - 2026-03-22T09:29:42.058Z - Time taken for 'serialize graph' 0.15308400004869327ms
[NX v22.6.1 Daemon Server] - 2026-03-22T09:29:43.105Z - [WATCHER]: 4 file(s) created or restored, 0 file(s) modified, 0 file(s) deleted
[NX v22.6.1 Daemon Server] - 2026-03-22T09:29:43.105Z - [SYNC]: clearing sync generators cache due to file changes
[NX v22.6.1 Daemon Server] - 2026-03-22T09:29:43.105Z - [WATCHER]: Processing file changes in outputs
[NX v22.6.1 Daemon Server] - 2026-03-22T09:29:43.191Z - [WATCHER]: Processing file changes in outputs
[NX v22.6.1 Daemon Server] - 2026-03-22T09:29:43.192Z - [WATCHER]: .pants.d/pids/.lock.pantsd.lock_message was deleted
[NX v22.6.1 Daemon Server] - 2026-03-22T09:29:43.192Z - [SYNC]: clearing sync generators cache due to file changes
[NX v22.6.1 Daemon Server] - 2026-03-22T09:29:43.208Z - [REQUEST]: Updated workspace context based on watched changes, recomputing project graph...
[NX v22.6.1 Daemon Server] - 2026-03-22T09:29:43.208Z - [REQUEST]: .pants.d/pids/d0ce509c5478/pantsd/pid,.pants.d/pids/d0ce509c5478/pantsd/process_name,.pants.d/pids/d0ce509c5478/pantsd/socket,.pants.d/pids/d0ce509c5478/pantsd/fingerprint
[NX v22.6.1 Daemon Server] - 2026-03-22T09:29:43.208Z - [REQUEST]: .pants.d/pids/.lock.pantsd.lock_message
[NX v22.6.1 Daemon Server] - 2026-03-22T09:29:43.210Z - Time taken for 'hash changed files from watcher' 1.7535000000498258ms
Time taken for 'plugin worker 77753 code loading' 46.718666999999996ms
Time taken for 'plugin worker 77754 code loading' 47.621874999999996ms
Time taken for 'plugin worker 77755 code loading' 47.83225ms
[NX v22.6.1 Daemon Server] - 2026-03-22T09:29:43.286Z - Time taken for 'start-plugin-worker:nx/js/dependencies-and-lockfile' 77.59766699996544ms
[NX v22.6.1 Daemon Server] - 2026-03-22T09:29:43.286Z - Time taken for 'start-plugin-worker:nx/core/package-json' 76.90724999998929ms
[NX v22.6.1 Daemon Server] - 2026-03-22T09:29:43.286Z - Time taken for 'start-plugin-worker:nx/core/project-json' 76.60170900000958ms
Time taken for 'nx/js/dependencies-and-lockfile:createNodes' 0.8236670000000004ms
[NX v22.6.1 Daemon Server] - 2026-03-22T09:29:43.296Z - Time taken for 'build-project-configs' 83.22087499999907ms
[NX v22.6.1 Daemon Server] - 2026-03-22T09:29:43.296Z - Time taken for 'createNodes:merge' 0.15341700002318248ms
[NX v22.6.1 Daemon Server] - 2026-03-22T09:29:43.296Z - Time taken for 'get-all-workspace-files' 1.3302919999696314ms
Time taken for 'build typescript dependencies' 0.04245900000000802ms
[NX v22.6.1 Daemon Server] - 2026-03-22T09:29:43.298Z - [SYNC]: collect registered sync generators
[NX v22.6.1 Daemon Server] - 2026-03-22T09:29:43.298Z - [SYNC]: project graph hash is the same, not collecting task sync generators
[NX v22.6.1 Daemon Server] - 2026-03-22T09:29:43.298Z - [SYNC]: nx.json hash is the same, not collecting global sync generators
[NX v22.6.1 Daemon Server] - 2026-03-22T09:29:43.298Z - Time taken for 'total execution time for createProjectGraph()' 3.826792000036221ms
[NX v22.6.1 Daemon Server] - 2026-03-22T09:29:43.298Z - Time taken for 'createDependencies' 2.631917000049725ms
[NX v22.6.1 Daemon Server] - 2026-03-22T09:29:43.298Z - Time taken for 'nx/js/dependencies-and-lockfile:createDependencies' 2.6120000000228174ms
[NX v22.6.1 Daemon Server] - 2026-03-22T09:29:43.298Z - Time taken for 'createMetadata' 0.005499999970197678ms
[NX v22.6.1 Daemon Server] - 2026-03-22T09:29:43.298Z - Time taken for 'serialize graph' 0.1497910000034608ms
[NX v22.6.1 Daemon Server] - 2026-03-22T09:29:44.104Z - [WATCHER]: 0 file(s) created or restored, 0 file(s) modified, 5 file(s) deleted
[NX v22.6.1 Daemon Server] - 2026-03-22T09:29:44.104Z - [SYNC]: clearing sync generators cache due to file changes
[NX v22.6.1 Daemon Server] - 2026-03-22T09:29:44.104Z - [WATCHER]: Processing file changes in outputs
[NX v22.6.1 Daemon Server] - 2026-03-22T09:29:44.177Z - [WATCHER]: Processing file changes in outputs
[NX v22.6.1 Daemon Server] - 2026-03-22T09:29:44.308Z - [REQUEST]: Updated workspace context based on watched changes, recomputing project graph...
[NX v22.6.1 Daemon Server] - 2026-03-22T09:29:44.308Z - [REQUEST]: 
[NX v22.6.1 Daemon Server] - 2026-03-22T09:29:44.308Z - [REQUEST]: .pants.d/pids/d0ce509c5478/pantsd/pid,.pants.d/pids/d0ce509c5478/pantsd/fingerprint,.pants.d/pids/d0ce509c5478/pantsd,.pants.d/pids/d0ce509c5478/pantsd/socket,.pants.d/pids/d0ce509c5478/pantsd/process_name
[NX v22.6.1 Daemon Server] - 2026-03-22T09:29:44.312Z - Time taken for 'hash changed files from watcher' 3.787332999985665ms
Time taken for 'plugin worker 77756 code loading' 55.373958ms
Time taken for 'plugin worker 77758 code loading' 54.989667000000004ms
Time taken for 'plugin worker 77757 code loading' 55.626416ms
[NX v22.6.1 Daemon Server] - 2026-03-22T09:29:44.395Z - Time taken for 'start-plugin-worker:nx/js/dependencies-and-lockfile' 85.05174999998417ms
[NX v22.6.1 Daemon Server] - 2026-03-22T09:29:44.396Z - Time taken for 'start-plugin-worker:nx/core/package-json' 84.87679200002458ms
[NX v22.6.1 Daemon Server] - 2026-03-22T09:29:44.396Z - Time taken for 'start-plugin-worker:nx/core/project-json' 84.29658300004667ms
Time taken for 'nx/js/dependencies-and-lockfile:createNodes' 0.9377080000000007ms
[NX v22.6.1 Daemon Server] - 2026-03-22T09:29:44.404Z - Time taken for 'build-project-configs' 91.03387500002282ms
[NX v22.6.1 Daemon Server] - 2026-03-22T09:29:44.404Z - Time taken for 'createNodes:merge' 0.1457079999963753ms
[NX v22.6.1 Daemon Server] - 2026-03-22T09:29:44.404Z - Time taken for 'get-all-workspace-files' 1.1166250000242144ms
Time taken for 'build typescript dependencies' 0.041791000000003464ms
[NX v22.6.1 Daemon Server] - 2026-03-22T09:29:44.406Z - [SYNC]: collect registered sync generators
[NX v22.6.1 Daemon Server] - 2026-03-22T09:29:44.406Z - [SYNC]: project graph hash is the same, not collecting task sync generators
[NX v22.6.1 Daemon Server] - 2026-03-22T09:29:44.406Z - [SYNC]: nx.json hash is the same, not collecting global sync generators
[NX v22.6.1 Daemon Server] - 2026-03-22T09:29:44.406Z - Time taken for 'total execution time for createProjectGraph()' 3.576375000004191ms
[NX v22.6.1 Daemon Server] - 2026-03-22T09:29:44.406Z - Time taken for 'createDependencies' 2.539249999972526ms
[NX v22.6.1 Daemon Server] - 2026-03-22T09:29:44.406Z - Time taken for 'nx/js/dependencies-and-lockfile:createDependencies' 2.523958000005223ms
[NX v22.6.1 Daemon Server] - 2026-03-22T09:29:44.406Z - Time taken for 'createMetadata' 0.004125000035855919ms
[NX v22.6.1 Daemon Server] - 2026-03-22T09:29:44.406Z - Time taken for 'serialize graph' 0.11966699996264651ms
[NX v22.6.1 Daemon Server] - 2026-03-22T09:30:27.372Z - [WATCHER]: 1 file(s) created or restored, 0 file(s) modified, 1 file(s) deleted
[NX v22.6.1 Daemon Server] - 2026-03-22T09:30:27.372Z - [SYNC]: clearing sync generators cache due to file changes
[NX v22.6.1 Daemon Server] - 2026-03-22T09:30:27.372Z - [WATCHER]: Processing file changes in outputs
[NX v22.6.1 Daemon Server] - 2026-03-22T09:30:27.478Z - [REQUEST]: Updated workspace context based on watched changes, recomputing project graph...
[NX v22.6.1 Daemon Server] - 2026-03-22T09:30:27.478Z - [REQUEST]: .moon/workspace.yml
[NX v22.6.1 Daemon Server] - 2026-03-22T09:30:27.478Z - [REQUEST]: .moon/workspace.yml.tmp.73736.1774171827174
[NX v22.6.1 Daemon Server] - 2026-03-22T09:30:27.484Z - Time taken for 'hash changed files from watcher' 4.9520420000189915ms
Time taken for 'plugin worker 77768 code loading' 56.330166000000006ms
Time taken for 'plugin worker 77767 code loading' 55.429625ms
Time taken for 'plugin worker 77766 code loading' 53.998625ms
[NX v22.6.1 Daemon Server] - 2026-03-22T09:30:27.578Z - Time taken for 'start-plugin-worker:nx/js/dependencies-and-lockfile' 97.66370799997821ms
[NX v22.6.1 Daemon Server] - 2026-03-22T09:30:27.578Z - Time taken for 'start-plugin-worker:nx/core/package-json' 95.9163749999716ms
[NX v22.6.1 Daemon Server] - 2026-03-22T09:30:27.578Z - Time taken for 'start-plugin-worker:nx/core/project-json' 95.2322920000297ms
Time taken for 'nx/js/dependencies-and-lockfile:createNodes' 0.8383749999999992ms
[NX v22.6.1 Daemon Server] - 2026-03-22T09:30:27.588Z - Time taken for 'build-project-configs' 103.64587499998743ms
[NX v22.6.1 Daemon Server] - 2026-03-22T09:30:27.588Z - Time taken for 'createNodes:merge' 0.1586249999818392ms
[NX v22.6.1 Daemon Server] - 2026-03-22T09:30:27.588Z - Time taken for 'get-all-workspace-files' 1.4372500000172295ms
Time taken for 'build typescript dependencies' 0.04866699999999469ms
[NX v22.6.1 Daemon Server] - 2026-03-22T09:30:27.591Z - [SYNC]: collect registered sync generators
[NX v22.6.1 Daemon Server] - 2026-03-22T09:30:27.591Z - [SYNC]: project graph hash is the same, not collecting task sync generators
[NX v22.6.1 Daemon Server] - 2026-03-22T09:30:27.591Z - [SYNC]: nx.json hash is the same, not collecting global sync generators
[NX v22.6.1 Daemon Server] - 2026-03-22T09:30:27.591Z - Time taken for 'total execution time for createProjectGraph()' 3.8769999999785796ms
[NX v22.6.1 Daemon Server] - 2026-03-22T09:30:27.591Z - Time taken for 'createDependencies' 2.5747919999994338ms
[NX v22.6.1 Daemon Server] - 2026-03-22T09:30:27.591Z - Time taken for 'nx/js/dependencies-and-lockfile:createDependencies' 2.5502090000081807ms
[NX v22.6.1 Daemon Server] - 2026-03-22T09:30:27.591Z - Time taken for 'createMetadata' 0.0054579999996349216ms
[NX v22.6.1 Daemon Server] - 2026-03-22T09:30:27.591Z - Time taken for 'serialize graph' 0.3073749999748543ms
[NX v22.6.1 Daemon Server] - 2026-03-22T09:30:32.255Z - [WATCHER]: 1 file(s) created or restored, 0 file(s) modified, 1 file(s) deleted
[NX v22.6.1 Daemon Server] - 2026-03-22T09:30:32.255Z - [SYNC]: clearing sync generators cache due to file changes
[NX v22.6.1 Daemon Server] - 2026-03-22T09:30:32.255Z - [WATCHER]: Processing file changes in outputs
[NX v22.6.1 Daemon Server] - 2026-03-22T09:30:32.359Z - [REQUEST]: Updated workspace context based on watched changes, recomputing project graph...
[NX v22.6.1 Daemon Server] - 2026-03-22T09:30:32.359Z - [REQUEST]: pants.toml
[NX v22.6.1 Daemon Server] - 2026-03-22T09:30:32.359Z - [REQUEST]: pants.toml.tmp.73736.1774171832193
[NX v22.6.1 Daemon Server] - 2026-03-22T09:30:32.363Z - Time taken for 'hash changed files from watcher' 3.352833000011742ms
Time taken for 'plugin worker 77772 code loading' 50.471999999999994ms
Time taken for 'plugin worker 77771 code loading' 51.694084000000004ms
Time taken for 'plugin worker 77773 code loading' 51.718250000000005ms
[NX v22.6.1 Daemon Server] - 2026-03-22T09:30:32.448Z - Time taken for 'start-plugin-worker:nx/js/dependencies-and-lockfile' 87.23025000002235ms
[NX v22.6.1 Daemon Server] - 2026-03-22T09:30:32.448Z - Time taken for 'start-plugin-worker:nx/core/package-json' 86.140625ms
[NX v22.6.1 Daemon Server] - 2026-03-22T09:30:32.448Z - Time taken for 'start-plugin-worker:nx/core/project-json' 85.58137500000885ms
Time taken for 'nx/js/dependencies-and-lockfile:createNodes' 0.8910419999999988ms
[NX v22.6.1 Daemon Server] - 2026-03-22T09:30:32.458Z - Time taken for 'build-project-configs' 92.87062499998137ms
[NX v22.6.1 Daemon Server] - 2026-03-22T09:30:32.458Z - Time taken for 'createNodes:merge' 0.1716249999590218ms
[NX v22.6.1 Daemon Server] - 2026-03-22T09:30:32.458Z - Time taken for 'get-all-workspace-files' 1.2168749999837019ms
Time taken for 'build typescript dependencies' 0.054417000000000826ms
[NX v22.6.1 Daemon Server] - 2026-03-22T09:30:32.460Z - [SYNC]: collect registered sync generators
[NX v22.6.1 Daemon Server] - 2026-03-22T09:30:32.460Z - [SYNC]: project graph hash is the same, not collecting task sync generators
[NX v22.6.1 Daemon Server] - 2026-03-22T09:30:32.460Z - [SYNC]: nx.json hash is the same, not collecting global sync generators
[NX v22.6.1 Daemon Server] - 2026-03-22T09:30:32.461Z - Time taken for 'total execution time for createProjectGraph()' 4.232541000004858ms
[NX v22.6.1 Daemon Server] - 2026-03-22T09:30:32.461Z - Time taken for 'createDependencies' 2.8670839999685995ms
[NX v22.6.1 Daemon Server] - 2026-03-22T09:30:32.461Z - Time taken for 'nx/js/dependencies-and-lockfile:createDependencies' 2.8447910000104457ms
[NX v22.6.1 Daemon Server] - 2026-03-22T09:30:32.461Z - Time taken for 'createMetadata' 0.005792000039946288ms
[NX v22.6.1 Daemon Server] - 2026-03-22T09:30:32.461Z - Time taken for 'serialize graph' 0.14741700002923608ms
[NX v22.6.1 Daemon Server] - 2026-03-22T09:30:43.328Z - [WATCHER]: Processing file changes in outputs
[NX v22.6.1 Daemon Server] - 2026-03-22T09:30:43.328Z - [WATCHER]: 1 file(s) created or restored, 0 file(s) modified, 1 file(s) deleted
[NX v22.6.1 Daemon Server] - 2026-03-22T09:30:43.328Z - [SYNC]: clearing sync generators cache due to file changes
[NX v22.6.1 Daemon Server] - 2026-03-22T09:30:43.432Z - [REQUEST]: Updated workspace context based on watched changes, recomputing project graph...
[NX v22.6.1 Daemon Server] - 2026-03-22T09:30:43.432Z - [REQUEST]: build.gradle.kts
[NX v22.6.1 Daemon Server] - 2026-03-22T09:30:43.432Z - [REQUEST]: build.gradle.kts.tmp.73736.1774171843266
[NX v22.6.1 Daemon Server] - 2026-03-22T09:30:43.436Z - Time taken for 'hash changed files from watcher' 2.6226669999887235ms
Time taken for 'plugin worker 77786 code loading' 50.783625ms
Time taken for 'plugin worker 77787 code loading' 50.184709ms
Time taken for 'plugin worker 77785 code loading' 50.787082999999996ms
[NX v22.6.1 Daemon Server] - 2026-03-22T09:30:43.510Z - Time taken for 'start-plugin-worker:nx/js/dependencies-and-lockfile' 75.71158399997512ms
[NX v22.6.1 Daemon Server] - 2026-03-22T09:30:43.510Z - Time taken for 'start-plugin-worker:nx/core/package-json' 74.59783300000709ms
[NX v22.6.1 Daemon Server] - 2026-03-22T09:30:43.510Z - Time taken for 'start-plugin-worker:nx/core/project-json' 73.97895900002914ms
Time taken for 'nx/js/dependencies-and-lockfile:createNodes' 0.75054200000001ms
[NX v22.6.1 Daemon Server] - 2026-03-22T09:30:43.519Z - Time taken for 'build-project-configs' 81.05737500003306ms
[NX v22.6.1 Daemon Server] - 2026-03-22T09:30:43.519Z - Time taken for 'createNodes:merge' 0.20579099998576567ms
[NX v22.6.1 Daemon Server] - 2026-03-22T09:30:43.519Z - Time taken for 'get-all-workspace-files' 1.1990839999634773ms
Time taken for 'build typescript dependencies' 0.04683299999999235ms
[NX v22.6.1 Daemon Server] - 2026-03-22T09:30:43.521Z - [SYNC]: collect registered sync generators
[NX v22.6.1 Daemon Server] - 2026-03-22T09:30:43.521Z - [SYNC]: project graph hash is the same, not collecting task sync generators
[NX v22.6.1 Daemon Server] - 2026-03-22T09:30:43.521Z - [SYNC]: nx.json hash is the same, not collecting global sync generators
[NX v22.6.1 Daemon Server] - 2026-03-22T09:30:43.521Z - Time taken for 'total execution time for createProjectGraph()' 3.9667499999632128ms
[NX v22.6.1 Daemon Server] - 2026-03-22T09:30:43.521Z - Time taken for 'createDependencies' 2.651750000019092ms
[NX v22.6.1 Daemon Server] - 2026-03-22T09:30:43.521Z - Time taken for 'nx/js/dependencies-and-lockfile:createDependencies' 2.6334999999962747ms
[NX v22.6.1 Daemon Server] - 2026-03-22T09:30:43.521Z - Time taken for 'createMetadata' 0.004874999984167516ms
[NX v22.6.1 Daemon Server] - 2026-03-22T09:30:43.521Z - Time taken for 'serialize graph' 0.12770899996394292ms
[NX v22.6.1 Daemon Server] - 2026-03-22T09:31:18.404Z - [WATCHER]: 1 file(s) created or restored, 0 file(s) modified, 1 file(s) deleted
[NX v22.6.1 Daemon Server] - 2026-03-22T09:31:18.404Z - [SYNC]: clearing sync generators cache due to file changes
[NX v22.6.1 Daemon Server] - 2026-03-22T09:31:18.404Z - [WATCHER]: Processing file changes in outputs
[NX v22.6.1 Daemon Server] - 2026-03-22T09:31:18.510Z - [REQUEST]: Updated workspace context based on watched changes, recomputing project graph...
[NX v22.6.1 Daemon Server] - 2026-03-22T09:31:18.510Z - [REQUEST]: portal/portal-site/package.json
[NX v22.6.1 Daemon Server] - 2026-03-22T09:31:18.510Z - [REQUEST]: portal/portal-site/package.json.tmp.73736.1774171878240
[NX v22.6.1 Daemon Server] - 2026-03-22T09:31:18.514Z - Time taken for 'hash changed files from watcher' 4.108665999956429ms
Time taken for 'plugin worker 77789 code loading' 52.898791ms
Time taken for 'plugin worker 77790 code loading' 52.158916ms
Time taken for 'plugin worker 77791 code loading' 51.72125ms
[NX v22.6.1 Daemon Server] - 2026-03-22T09:31:18.599Z - Time taken for 'start-plugin-worker:nx/js/dependencies-and-lockfile' 87.5690000000177ms
[NX v22.6.1 Daemon Server] - 2026-03-22T09:31:18.599Z - Time taken for 'start-plugin-worker:nx/core/package-json' 86.3097500000149ms
[NX v22.6.1 Daemon Server] - 2026-03-22T09:31:18.599Z - Time taken for 'start-plugin-worker:nx/core/project-json' 85.68174999998882ms
Time taken for 'nx/js/dependencies-and-lockfile:createNodes' 0.8336669999999913ms
[NX v22.6.1 Daemon Server] - 2026-03-22T09:31:18.609Z - Time taken for 'build-project-configs' 93.1571249999688ms
[NX v22.6.1 Daemon Server] - 2026-03-22T09:31:18.609Z - Time taken for 'createNodes:merge' 0.15883400000166148ms
[NX v22.6.1 Daemon Server] - 2026-03-22T09:31:18.609Z - Time taken for 'get-all-workspace-files' 1.3575829999754205ms
Time taken for 'build typescript dependencies' 0.8540840000000003ms
[NX v22.6.1 Daemon Server] - 2026-03-22T09:31:18.612Z - [SYNC]: collect registered sync generators
[NX v22.6.1 Daemon Server] - 2026-03-22T09:31:18.612Z - [SYNC]: project graph hash is the same, not collecting task sync generators
[NX v22.6.1 Daemon Server] - 2026-03-22T09:31:18.612Z - [SYNC]: nx.json hash is the same, not collecting global sync generators
[NX v22.6.1 Daemon Server] - 2026-03-22T09:31:18.612Z - Time taken for 'total execution time for createProjectGraph()' 4.693665999977384ms
[NX v22.6.1 Daemon Server] - 2026-03-22T09:31:18.612Z - Time taken for 'createDependencies' 3.5033330000005662ms
[NX v22.6.1 Daemon Server] - 2026-03-22T09:31:18.612Z - Time taken for 'nx/js/dependencies-and-lockfile:createDependencies' 3.4778329999535345ms
[NX v22.6.1 Daemon Server] - 2026-03-22T09:31:18.612Z - Time taken for 'createMetadata' 0.005499999970197678ms
[NX v22.6.1 Daemon Server] - 2026-03-22T09:31:18.612Z - Time taken for 'serialize graph' 0.14395800000056624ms
[NX v22.6.1 Daemon Server] - 2026-03-22T09:31:23.314Z - [WATCHER]: 1 file(s) created or restored, 0 file(s) modified, 1 file(s) deleted
[NX v22.6.1 Daemon Server] - 2026-03-22T09:31:23.314Z - [SYNC]: clearing sync generators cache due to file changes
[NX v22.6.1 Daemon Server] - 2026-03-22T09:31:23.314Z - [WATCHER]: Processing file changes in outputs
[NX v22.6.1 Daemon Server] - 2026-03-22T09:31:23.418Z - [REQUEST]: Updated workspace context based on watched changes, recomputing project graph...
[NX v22.6.1 Daemon Server] - 2026-03-22T09:31:23.418Z - [REQUEST]: portal/portal-library/package.json
[NX v22.6.1 Daemon Server] - 2026-03-22T09:31:23.418Z - [REQUEST]: portal/portal-library/package.json.tmp.73736.1774171883252
[NX v22.6.1 Daemon Server] - 2026-03-22T09:31:23.423Z - Time taken for 'hash changed files from watcher' 3.614292000012938ms
Time taken for 'plugin worker 77795 code loading' 52.25512500000001ms
Time taken for 'plugin worker 77794 code loading' 51.67008299999999ms
Time taken for 'plugin worker 77793 code loading' 49.74912499999999ms
[NX v22.6.1 Daemon Server] - 2026-03-22T09:31:23.508Z - Time taken for 'start-plugin-worker:nx/js/dependencies-and-lockfile' 87.73412500001723ms
[NX v22.6.1 Daemon Server] - 2026-03-22T09:31:23.508Z - Time taken for 'start-plugin-worker:nx/core/package-json' 86.43954099999974ms
[NX v22.6.1 Daemon Server] - 2026-03-22T09:31:23.508Z - Time taken for 'start-plugin-worker:nx/core/project-json' 85.80629199999385ms
Time taken for 'nx/js/dependencies-and-lockfile:createNodes' 0.7380840000000006ms
[NX v22.6.1 Daemon Server] - 2026-03-22T09:31:23.517Z - Time taken for 'build-project-configs' 92.85691699996823ms
[NX v22.6.1 Daemon Server] - 2026-03-22T09:31:23.517Z - Time taken for 'createNodes:merge' 0.15049999998882413ms
[NX v22.6.1 Daemon Server] - 2026-03-22T09:31:23.517Z - Time taken for 'get-all-workspace-files' 1.3992919999873266ms
Time taken for 'build typescript dependencies' 0.9696249999999935ms
[NX v22.6.1 Daemon Server] - 2026-03-22T09:31:23.520Z - [SYNC]: collect registered sync generators
[NX v22.6.1 Daemon Server] - 2026-03-22T09:31:23.520Z - [SYNC]: project graph hash is the same, not collecting task sync generators
[NX v22.6.1 Daemon Server] - 2026-03-22T09:31:23.520Z - [SYNC]: nx.json hash is the same, not collecting global sync generators
[NX v22.6.1 Daemon Server] - 2026-03-22T09:31:23.520Z - Time taken for 'total execution time for createProjectGraph()' 4.771082999999635ms
[NX v22.6.1 Daemon Server] - 2026-03-22T09:31:23.520Z - Time taken for 'createDependencies' 3.4171670000068843ms
[NX v22.6.1 Daemon Server] - 2026-03-22T09:31:23.520Z - Time taken for 'nx/js/dependencies-and-lockfile:createDependencies' 3.397166999988258ms
[NX v22.6.1 Daemon Server] - 2026-03-22T09:31:23.520Z - Time taken for 'createMetadata' 0.0043750000186264515ms
[NX v22.6.1 Daemon Server] - 2026-03-22T09:31:23.520Z - Time taken for 'serialize graph' 0.12537500000325963ms
[NX v22.6.1 Daemon Server] - 2026-03-22T09:31:29.145Z - [Server] lock file hash changed! old=8056799646919127581, new=1222659837856617272
[NX v22.6.1 Daemon Server] - 2026-03-22T09:31:29.145Z - [Server] Daemon outdated: LOCK_FILES_CHANGED
[NX v22.6.1 Daemon Server] - 2026-03-22T09:31:29.145Z - [Server] Restarting daemon...
[NX v22.6.1 Daemon Server] - 2026-03-22T09:31:29.145Z - Restarting daemon with script: /Users/jbadeau/git/frontseat-demo/node_modules/nx/src/daemon/server/start.js
[NX v22.6.1 Daemon Server] - 2026-03-22T09:31:29.145Z - Old daemon __dirname: /Users/jbadeau/git/frontseat-demo/node_modules/nx/src/daemon/server
[NX v22.6.1 Daemon Server] - 2026-03-22T09:31:29.145Z - Current process.execPath: /Users/jbadeau/.local/share/mise/installs/node/25.8.0/bin/node
[NX v22.6.1 Daemon Server] - 2026-03-22T09:31:29.145Z - Started new daemon process in background
[NX v22.6.1 Daemon Server] - 2026-03-22T09:31:29.146Z - [WATCHER]: Stopping the watcher for /Users/jbadeau/git/frontseat-demo (sources)
[NX v22.6.1 Daemon Server] - 2026-03-22T09:31:29.146Z - [WATCHER]: Stopping the watcher for /Users/jbadeau/git/frontseat-demo (outputs)
[NX v22.6.1 Daemon Server] - 2026-03-22T09:31:29.147Z - [LATEST-NX]: Cleaning up latest Nx installation from /private/var/folders/z4/qvn77v055yd8k4smdjw9nn3w0000gn/T/tmp-77072-iUeE96iy3YsK
[NX v22.6.1 Daemon Server] - 2026-03-22T09:31:29.147Z - Server stopped because: "LOCK_FILES_CHANGED"
[NX v22.6.1 Daemon Server] - 2026-03-22T09:31:29.209Z - New daemon starting from: /Users/jbadeau/git/frontseat-demo/node_modules/nx/src/daemon/server/server.js
[NX v22.6.1 Daemon Server] - 2026-03-22T09:31:29.209Z - New daemon __dirname: /Users/jbadeau/git/frontseat-demo/node_modules/nx/src/daemon/server
[NX v22.6.1 Daemon Server] - 2026-03-22T09:31:29.209Z - New daemon nxVersion: 22.6.1
[NX v22.6.1 Daemon Server] - 2026-03-22T09:31:29.210Z - New daemon getInstalledNxVersion(): 22.6.1
[NX v22.6.1 Daemon Server] - 2026-03-22T09:31:29.210Z - Time taken for 'workspace context init' 0.20008299999999934ms
[NX v22.6.1 Daemon Server] - 2026-03-22T09:31:29.211Z - [Server] Starting outdated check interval (20ms)
[NX v22.6.1 Daemon Server] - 2026-03-22T09:31:29.211Z - Started listening on: /private/var/folders/z4/qvn77v055yd8k4smdjw9nn3w0000gn/T/37587caab0737ff9378e/d.sock
[NX v22.6.1 Daemon Server] - 2026-03-22T09:31:29.211Z - [WATCHER]: Subscribed to changes within: /Users/jbadeau/git/frontseat-demo (native)
[NX v22.6.1 Daemon Server] - 2026-03-22T09:31:29.212Z - [LATEST-NX]: Pulling latest Nx...
Fetching nx...
[NX v22.6.1 Daemon Server] - 2026-03-22T09:31:29.215Z - [AI-AGENTS]: Starting agent configuration status computation
[NX v22.6.1 Daemon Server] - 2026-03-22T09:31:29.273Z - [WATCHER]: Processing file changes in outputs
[NX v22.6.1 Daemon Server] - 2026-03-22T09:31:29.314Z - Time taken for 'loadSpecifiedNxPlugins' 1.5413340000000062ms
Time taken for 'plugin worker 77825 code loading' 49.736584ms
Time taken for 'plugin worker 77827 code loading' 49.844959ms
Time taken for 'plugin worker 77826 code loading' 48.581917000000004ms
[NX v22.6.1 Daemon Server] - 2026-03-22T09:31:29.390Z - Time taken for 'start-plugin-worker:/Users/jbadeau/git/frontseat-demo/node_modules/nx/src/plugins/js' 76.740208ms
[NX v22.6.1 Daemon Server] - 2026-03-22T09:31:29.390Z - Time taken for 'start-plugin-worker:/Users/jbadeau/git/frontseat-demo/node_modules/nx/src/plugins/package-json' 76.36658300000002ms
[NX v22.6.1 Daemon Server] - 2026-03-22T09:31:29.390Z - Time taken for 'start-plugin-worker:/Users/jbadeau/git/frontseat-demo/node_modules/nx/src/plugins/project-json/build-nodes/project-json' 76.04825ms
[NX v22.6.1 Daemon Server] - 2026-03-22T09:31:29.391Z - Time taken for 'Load Nx Plugin: /Users/jbadeau/git/frontseat-demo/node_modules/nx/src/plugins/project-json/build-nodes/project-json' 78.225209ms
[NX v22.6.1 Daemon Server] - 2026-03-22T09:31:29.391Z - Time taken for 'Load Nx Plugin: /Users/jbadeau/git/frontseat-demo/node_modules/nx/src/plugins/package-json' 78.576833ms
[NX v22.6.1 Daemon Server] - 2026-03-22T09:31:29.394Z - [REQUEST]: Updated workspace context based on watched changes, recomputing project graph...
[NX v22.6.1 Daemon Server] - 2026-03-22T09:31:29.394Z - [REQUEST]: 
[NX v22.6.1 Daemon Server] - 2026-03-22T09:31:29.394Z - [REQUEST]: 
[NX v22.6.1 Daemon Server] - 2026-03-22T09:31:29.397Z - Time taken for 'loadDefaultNxPlugins' 80.51041600000002ms
[NX v22.6.1 Daemon Server] - 2026-03-22T09:31:29.397Z - Time taken for 'Load Nx Plugin: /Users/jbadeau/git/frontseat-demo/node_modules/nx/src/plugins/js' 80.436667ms
[NX v22.6.1 Daemon Server] - 2026-03-22T09:31:29.397Z - Time taken for 'hash changed files from watcher' 1.4628329999999892ms
Time taken for 'nx/js/dependencies-and-lockfile:createNodes' 1.7560420000000079ms
[NX v22.6.1 Daemon Server] - 2026-03-22T09:31:29.412Z - Time taken for 'build-project-configs' 5.749583000000001ms
[NX v22.6.1 Daemon Server] - 2026-03-22T09:31:29.412Z - Time taken for 'createNodes:merge' 1.1138750000000073ms
[NX v22.6.1 Daemon Server] - 2026-03-22T09:31:29.412Z - Time taken for 'native-file-deps' 0.001416000000006079ms
[NX v22.6.1 Daemon Server] - 2026-03-22T09:31:29.412Z - Time taken for 'get-workspace-files' 1.3846249999999998ms
[NX v22.6.1 Daemon Server] - 2026-03-22T09:31:29.412Z - Time taken for 'get-all-workspace-files' 0.5178750000000036ms
[NX v22.6.1 Daemon Server] - 2026-03-22T09:31:29.412Z - Time taken for 'read cache' 1.3813750000000198ms
Time taken for 'build typescript dependencies' 0.8908330000000007ms
[NX v22.6.1 Daemon Server] - 2026-03-22T09:31:29.421Z - [SYNC]: collect registered sync generators
[NX v22.6.1 Daemon Server] - 2026-03-22T09:31:29.421Z - Time taken for 'total execution time for createProjectGraph()' 12.954249999999973ms
[NX v22.6.1 Daemon Server] - 2026-03-22T09:31:29.421Z - Time taken for 'createDependencies' 8.677250000000015ms
[NX v22.6.1 Daemon Server] - 2026-03-22T09:31:29.421Z - Time taken for 'nx/js/dependencies-and-lockfile:createDependencies' 8.614542000000029ms
[NX v22.6.1 Daemon Server] - 2026-03-22T09:31:29.421Z - Time taken for 'createMetadata' 0.015417000000013559ms
[NX v22.6.1 Daemon Server] - 2026-03-22T09:31:29.421Z - Time taken for 'serialize graph' 0.16083299999996825ms
[NX v22.6.1 Daemon Server] - 2026-03-22T09:31:31.788Z - [LATEST-NX]: Successfully pulled latest Nx to /private/var/folders/z4/qvn77v055yd8k4smdjw9nn3w0000gn/T/tmp-77819-vG7Uh3MxLMYU
[NX v22.6.1 Daemon Server] - 2026-03-22T09:31:31.821Z - [NX-CONSOLE]: Using local implementation (NX_USE_LOCAL=true or inner call)
DEBUG nx::native::ide::install: Detected editor: Unknown
[NX v22.6.1 Daemon Server] - 2026-03-22T09:31:31.822Z - [NX-CONSOLE]: Console status check completed, shouldPrompt: false
DEBUG nx::native::ide::install: Editor command 'code' is installed
DEBUG nx::native::ide::install: Editor command 'code-insiders' not found
DEBUG nx::native::ide::install: Checking if Nx Console extension is installed with: code --list-extensions
DEBUG nx::native::ide::install: Nx Console extension is not installed
DEBUG nx::native::ide::install: Editor command 'cursor' not found
DEBUG nx::native::ide::install: Checking if Nx Console extension is installed with: cursor --list-extensions
DEBUG nx::native::ide::install: Command 'cursor' not found, cannot check extension status
[NX v22.6.1 Daemon Server] - 2026-03-22T09:31:32.097Z - [AI-AGENTS]: Agent configuration status computation completed: 0 fully configured, 0 outdated, 0 partially configured, 5 non-configured
[NX v22.6.1 Daemon Server] - 2026-03-22T09:31:36.901Z - [WATCHER]: Processing file changes in outputs
[NX v22.6.1 Daemon Server] - 2026-03-22T09:31:36.901Z - [WATCHER]: .moon/cache/CACHEDIR.TAG was created or restored
[NX v22.6.1 Daemon Server] - 2026-03-22T09:31:36.901Z - [SYNC]: clearing sync generators cache due to file changes
[NX v22.6.1 Daemon Server] - 2026-03-22T09:31:37.005Z - [REQUEST]: Updated workspace context based on watched changes, recomputing project graph...
[NX v22.6.1 Daemon Server] - 2026-03-22T09:31:37.005Z - [REQUEST]: .moon/cache/CACHEDIR.TAG
[NX v22.6.1 Daemon Server] - 2026-03-22T09:31:37.005Z - [REQUEST]: 
[NX v22.6.1 Daemon Server] - 2026-03-22T09:31:37.008Z - Time taken for 'hash changed files from watcher' 2.1231250000000728ms
Time taken for 'plugin worker 78064 code loading' 48.116375ms
Time taken for 'plugin worker 78063 code loading' 49.065917ms
Time taken for 'plugin worker 78065 code loading' 46.967749999999995ms
[NX v22.6.1 Daemon Server] - 2026-03-22T09:31:37.082Z - Time taken for 'start-plugin-worker:nx/js/dependencies-and-lockfile' 75.4686670000001ms
[NX v22.6.1 Daemon Server] - 2026-03-22T09:31:37.082Z - Time taken for 'start-plugin-worker:nx/core/package-json' 74.41445900000053ms
[NX v22.6.1 Daemon Server] - 2026-03-22T09:31:37.082Z - Time taken for 'start-plugin-worker:nx/core/project-json' 73.98308300000008ms
Time taken for 'nx/js/dependencies-and-lockfile:createNodes' 0.7423339999999996ms
[NX v22.6.1 Daemon Server] - 2026-03-22T09:31:37.090Z - Time taken for 'build-project-configs' 80.7807499999999ms
[NX v22.6.1 Daemon Server] - 2026-03-22T09:31:37.090Z - Time taken for 'createNodes:merge' 0.25241599999935715ms
[NX v22.6.1 Daemon Server] - 2026-03-22T09:31:37.090Z - Time taken for 'get-all-workspace-files' 1.4014580000002752ms
Time taken for 'build typescript dependencies' 0.04262500000000102ms
[NX v22.6.1 Daemon Server] - 2026-03-22T09:31:37.093Z - [SYNC]: collect registered sync generators
[NX v22.6.1 Daemon Server] - 2026-03-22T09:31:37.093Z - [SYNC]: project graph hash is the same, not collecting task sync generators
[NX v22.6.1 Daemon Server] - 2026-03-22T09:31:37.093Z - [SYNC]: nx.json hash is the same, not collecting global sync generators
[NX v22.6.1 Daemon Server] - 2026-03-22T09:31:37.093Z - Time taken for 'total execution time for createProjectGraph()' 4.13879100000031ms
[NX v22.6.1 Daemon Server] - 2026-03-22T09:31:37.093Z - Time taken for 'createDependencies' 2.916041999999834ms
[NX v22.6.1 Daemon Server] - 2026-03-22T09:31:37.093Z - Time taken for 'nx/js/dependencies-and-lockfile:createDependencies' 2.874166000000514ms
[NX v22.6.1 Daemon Server] - 2026-03-22T09:31:37.093Z - Time taken for 'createMetadata' 0.01020799999969313ms
[NX v22.6.1 Daemon Server] - 2026-03-22T09:31:37.093Z - Time taken for 'serialize graph' 0.16258400000060647ms
[NX v22.6.1 Daemon Server] - 2026-03-22T09:31:37.135Z - [WATCHER]: .moon/cache/states/moonVersionCheck.json was created or restored
[NX v22.6.1 Daemon Server] - 2026-03-22T09:31:37.135Z - [SYNC]: clearing sync generators cache due to file changes
[NX v22.6.1 Daemon Server] - 2026-03-22T09:31:37.135Z - [WATCHER]: Processing file changes in outputs
[NX v22.6.1 Daemon Server] - 2026-03-22T09:31:37.239Z - [REQUEST]: Updated workspace context based on watched changes, recomputing project graph...
[NX v22.6.1 Daemon Server] - 2026-03-22T09:31:37.239Z - [REQUEST]: .moon/cache/states/moonVersionCheck.json
[NX v22.6.1 Daemon Server] - 2026-03-22T09:31:37.239Z - [REQUEST]: 
[NX v22.6.1 Daemon Server] - 2026-03-22T09:31:37.243Z - Time taken for 'hash changed files from watcher' 2.749790999999277ms
Time taken for 'plugin worker 78069 code loading' 52.727125ms
Time taken for 'plugin worker 78067 code loading' 52.45325ms
Time taken for 'plugin worker 78068 code loading' 53.071292ms
[NX v22.6.1 Daemon Server] - 2026-03-22T09:31:37.330Z - Time taken for 'start-plugin-worker:nx/js/dependencies-and-lockfile' 88.96500000000015ms
[NX v22.6.1 Daemon Server] - 2026-03-22T09:31:37.330Z - Time taken for 'start-plugin-worker:nx/core/package-json' 87.98824999999943ms
[NX v22.6.1 Daemon Server] - 2026-03-22T09:31:37.330Z - Time taken for 'start-plugin-worker:nx/core/project-json' 87.48266600000079ms
Time taken for 'nx/js/dependencies-and-lockfile:createNodes' 0.9658749999999969ms
[NX v22.6.1 Daemon Server] - 2026-03-22T09:31:37.340Z - Time taken for 'build-project-configs' 95.05024999999932ms
[NX v22.6.1 Daemon Server] - 2026-03-22T09:31:37.340Z - Time taken for 'createNodes:merge' 0.19308300000011513ms
[NX v22.6.1 Daemon Server] - 2026-03-22T09:31:37.340Z - Time taken for 'get-all-workspace-files' 1.3040000000000873ms
Time taken for 'build typescript dependencies' 0.04225000000000989ms
[NX v22.6.1 Daemon Server] - 2026-03-22T09:31:37.342Z - [SYNC]: collect registered sync generators
[NX v22.6.1 Daemon Server] - 2026-03-22T09:31:37.342Z - [SYNC]: project graph hash is the same, not collecting task sync generators
[NX v22.6.1 Daemon Server] - 2026-03-22T09:31:37.342Z - [SYNC]: nx.json hash is the same, not collecting global sync generators
[NX v22.6.1 Daemon Server] - 2026-03-22T09:31:37.342Z - Time taken for 'total execution time for createProjectGraph()' 3.5230409999994663ms
[NX v22.6.1 Daemon Server] - 2026-03-22T09:31:37.342Z - Time taken for 'createDependencies' 2.3361660000000484ms
[NX v22.6.1 Daemon Server] - 2026-03-22T09:31:37.342Z - Time taken for 'nx/js/dependencies-and-lockfile:createDependencies' 2.313375000000633ms
[NX v22.6.1 Daemon Server] - 2026-03-22T09:31:37.342Z - Time taken for 'createMetadata' 0.013417000000117696ms
[NX v22.6.1 Daemon Server] - 2026-03-22T09:31:37.342Z - Time taken for 'serialize graph' 0.16691699999955745ms
[NX v22.6.1 Daemon Server] - 2026-03-22T09:31:38.565Z - [WATCHER]: 0 file(s) created or restored, 3 file(s) modified, 0 file(s) deleted
[NX v22.6.1 Daemon Server] - 2026-03-22T09:31:38.565Z - [SYNC]: clearing sync generators cache due to file changes
[NX v22.6.1 Daemon Server] - 2026-03-22T09:31:38.565Z - [WATCHER]: Processing file changes in outputs
[NX v22.6.1 Daemon Server] - 2026-03-22T09:31:38.768Z - [REQUEST]: Updated workspace context based on watched changes, recomputing project graph...
[NX v22.6.1 Daemon Server] - 2026-03-22T09:31:38.768Z - [REQUEST]: .gradle/9.4.1/fileHashes/fileHashes.lock,.gradle/9.4.1/checksums/checksums.lock,.gradle/buildOutputCleanup/buildOutputCleanup.lock
[NX v22.6.1 Daemon Server] - 2026-03-22T09:31:38.768Z - [REQUEST]: 
[NX v22.6.1 Daemon Server] - 2026-03-22T09:31:38.771Z - Time taken for 'hash changed files from watcher' 1.7580830000006245ms
Time taken for 'plugin worker 78105 code loading' 55.10295800000001ms
Time taken for 'plugin worker 78103 code loading' 55.172375ms
Time taken for 'plugin worker 78104 code loading' 55.53975ms
[NX v22.6.1 Daemon Server] - 2026-03-22T09:31:38.855Z - Time taken for 'start-plugin-worker:nx/js/dependencies-and-lockfile' 84.9213749999999ms
[NX v22.6.1 Daemon Server] - 2026-03-22T09:31:38.855Z - Time taken for 'start-plugin-worker:nx/core/package-json' 84.1685839999991ms
[NX v22.6.1 Daemon Server] - 2026-03-22T09:31:38.855Z - Time taken for 'start-plugin-worker:nx/core/project-json' 83.81550000000061ms
Time taken for 'nx/js/dependencies-and-lockfile:createNodes' 0.9315419999999932ms
[NX v22.6.1 Daemon Server] - 2026-03-22T09:31:38.865Z - Time taken for 'build-project-configs' 91.34712499999841ms
[NX v22.6.1 Daemon Server] - 2026-03-22T09:31:38.865Z - Time taken for 'createNodes:merge' 0.20212499999979627ms
[NX v22.6.1 Daemon Server] - 2026-03-22T09:31:38.865Z - Time taken for 'get-all-workspace-files' 1.4241669999992155ms
Time taken for 'build typescript dependencies' 0.05191699999998889ms
[NX v22.6.1 Daemon Server] - 2026-03-22T09:31:38.868Z - [SYNC]: collect registered sync generators
[NX v22.6.1 Daemon Server] - 2026-03-22T09:31:38.868Z - [SYNC]: project graph hash is the same, not collecting task sync generators
[NX v22.6.1 Daemon Server] - 2026-03-22T09:31:38.868Z - [SYNC]: nx.json hash is the same, not collecting global sync generators
[NX v22.6.1 Daemon Server] - 2026-03-22T09:31:38.868Z - Time taken for 'total execution time for createProjectGraph()' 4.68945899999926ms
[NX v22.6.1 Daemon Server] - 2026-03-22T09:31:38.868Z - Time taken for 'createDependencies' 3.2629159999996773ms
[NX v22.6.1 Daemon Server] - 2026-03-22T09:31:38.868Z - Time taken for 'nx/js/dependencies-and-lockfile:createDependencies' 3.229332999999315ms
[NX v22.6.1 Daemon Server] - 2026-03-22T09:31:38.868Z - Time taken for 'createMetadata' 0.009833000000071479ms
[NX v22.6.1 Daemon Server] - 2026-03-22T09:31:38.868Z - Time taken for 'serialize graph' 0.15329099999871687ms
[NX v22.6.1 Daemon Server] - 2026-03-22T09:31:38.907Z - [WATCHER]: Processing file changes in outputs
[NX v22.6.1 Daemon Server] - 2026-03-22T09:31:38.907Z - [WATCHER]: 2 file(s) created or restored, 1 file(s) modified, 1 file(s) deleted
[NX v22.6.1 Daemon Server] - 2026-03-22T09:31:38.907Z - [SYNC]: clearing sync generators cache due to file changes
[NX v22.6.1 Daemon Server] - 2026-03-22T09:31:39.009Z - [REQUEST]: Updated workspace context based on watched changes, recomputing project graph...
[NX v22.6.1 Daemon Server] - 2026-03-22T09:31:39.009Z - [REQUEST]: payments/payments-library/build/test-results/test/binary/output-events.bin,payments/payments-library/build/test-results/test/binary/in-progress-results-generic5725447740995420022.bin,.gradle/9.4.1/executionHistory/executionHistory.lock
[NX v22.6.1 Daemon Server] - 2026-03-22T09:31:39.009Z - [REQUEST]: payments/payments-library/build/test-results/test/binary/results-generic.bin
[NX v22.6.1 Daemon Server] - 2026-03-22T09:31:39.011Z - Time taken for 'hash changed files from watcher' 1.873833999999988ms
Time taken for 'plugin worker 78107 code loading' 51.8215ms
Time taken for 'plugin worker 78109 code loading' 49.074208999999996ms
Time taken for 'plugin worker 78108 code loading' 51.391166ms
[NX v22.6.1 Daemon Server] - 2026-03-22T09:31:39.085Z - Time taken for 'start-plugin-worker:nx/js/dependencies-and-lockfile' 74.84862500000054ms
[NX v22.6.1 Daemon Server] - 2026-03-22T09:31:39.085Z - Time taken for 'start-plugin-worker:nx/core/package-json' 74.14079200000015ms
[NX v22.6.1 Daemon Server] - 2026-03-22T09:31:39.085Z - Time taken for 'start-plugin-worker:nx/core/project-json' 73.79674999999952ms
Time taken for 'nx/js/dependencies-and-lockfile:createNodes' 0.9069169999999929ms
[NX v22.6.1 Daemon Server] - 2026-03-22T09:31:39.094Z - Time taken for 'build-project-configs' 80.82945800000016ms
[NX v22.6.1 Daemon Server] - 2026-03-22T09:31:39.095Z - Time taken for 'createNodes:merge' 0.1617499999993015ms
[NX v22.6.1 Daemon Server] - 2026-03-22T09:31:39.095Z - Time taken for 'get-all-workspace-files' 1.272791999999754ms
Time taken for 'build typescript dependencies' 0.040666000000001645ms
[NX v22.6.1 Daemon Server] - 2026-03-22T09:31:39.097Z - [SYNC]: collect registered sync generators
[NX v22.6.1 Daemon Server] - 2026-03-22T09:31:39.097Z - [SYNC]: project graph hash is the same, not collecting task sync generators
[NX v22.6.1 Daemon Server] - 2026-03-22T09:31:39.097Z - [SYNC]: nx.json hash is the same, not collecting global sync generators
[NX v22.6.1 Daemon Server] - 2026-03-22T09:31:39.097Z - Time taken for 'total execution time for createProjectGraph()' 3.396208000000115ms
[NX v22.6.1 Daemon Server] - 2026-03-22T09:31:39.097Z - Time taken for 'createDependencies' 2.2797499999996944ms
[NX v22.6.1 Daemon Server] - 2026-03-22T09:31:39.097Z - Time taken for 'nx/js/dependencies-and-lockfile:createDependencies' 2.2570419999992737ms
[NX v22.6.1 Daemon Server] - 2026-03-22T09:31:39.097Z - Time taken for 'createMetadata' 0.006833000001279288ms
[NX v22.6.1 Daemon Server] - 2026-03-22T09:31:39.097Z - Time taken for 'serialize graph' 0.14724999999998545ms
[NX v22.6.1 Daemon Server] - 2026-03-22T09:31:39.142Z - [WATCHER]: 1 file(s) created or restored, 9 file(s) modified, 1 file(s) deleted
[NX v22.6.1 Daemon Server] - 2026-03-22T09:31:39.142Z - [SYNC]: clearing sync generators cache due to file changes
[NX v22.6.1 Daemon Server] - 2026-03-22T09:31:39.142Z - [WATCHER]: Processing file changes in outputs
[NX v22.6.1 Daemon Server] - 2026-03-22T09:31:39.245Z - [REQUEST]: Updated workspace context based on watched changes, recomputing project graph...
[NX v22.6.1 Daemon Server] - 2026-03-22T09:31:39.246Z - [REQUEST]: payments/payments-library/build/reports/tests/test/index.html,.gradle/9.4.1/checksums/checksums.lock,.gradle/9.4.1/fileChanges/last-build.bin,.gradle/9.4.1/fileHashes/fileHashes.bin,.gradle/9.4.1/executionHistory/executionHistory.bin,.gradle/buildOutputCleanup/buildOutputCleanup.lock,payments/payments-library/build/test-results/test/binary/results-generic.bin,.gradle/9.4.1/fileHashes/fileHashes.lock,.gradle/buildOutputCleanup/outputFiles.bin,.gradle/9.4.1/executionHistory/executionHistory.lock
[NX v22.6.1 Daemon Server] - 2026-03-22T09:31:39.246Z - [REQUEST]: payments/payments-library/build/test-results/test/binary/in-progress-results-generic5725447740995420022.bin
[NX v22.6.1 Daemon Server] - 2026-03-22T09:31:39.248Z - Time taken for 'hash changed files from watcher' 2.4402090000003227ms
Time taken for 'plugin worker 78111 code loading' 47.247417ms
Time taken for 'plugin worker 78110 code loading' 46.724958ms
Time taken for 'plugin worker 78112 code loading' 48.481667ms
[NX v22.6.1 Daemon Server] - 2026-03-22T09:31:39.323Z - Time taken for 'start-plugin-worker:nx/js/dependencies-and-lockfile' 76.21995900000002ms
[NX v22.6.1 Daemon Server] - 2026-03-22T09:31:39.323Z - Time taken for 'start-plugin-worker:nx/core/package-json' 75.41458299999977ms
[NX v22.6.1 Daemon Server] - 2026-03-22T09:31:39.323Z - Time taken for 'start-plugin-worker:nx/core/project-json' 75.04091700000026ms
Time taken for 'nx/js/dependencies-and-lockfile:createNodes' 0.8386249999999933ms
[NX v22.6.1 Daemon Server] - 2026-03-22T09:31:39.332Z - Time taken for 'build-project-configs' 81.93866699999853ms
[NX v22.6.1 Daemon Server] - 2026-03-22T09:31:39.332Z - Time taken for 'createNodes:merge' 0.1538749999999709ms
[NX v22.6.1 Daemon Server] - 2026-03-22T09:31:39.332Z - Time taken for 'get-all-workspace-files' 1.1280829999996058ms
Time taken for 'build typescript dependencies' 0.035833000000010884ms
[NX v22.6.1 Daemon Server] - 2026-03-22T09:31:39.334Z - [SYNC]: collect registered sync generators
[NX v22.6.1 Daemon Server] - 2026-03-22T09:31:39.334Z - [SYNC]: project graph hash is the same, not collecting task sync generators
[NX v22.6.1 Daemon Server] - 2026-03-22T09:31:39.334Z - [SYNC]: nx.json hash is the same, not collecting global sync generators
[NX v22.6.1 Daemon Server] - 2026-03-22T09:31:39.334Z - Time taken for 'total execution time for createProjectGraph()' 3.4178329999995185ms
[NX v22.6.1 Daemon Server] - 2026-03-22T09:31:39.334Z - Time taken for 'createDependencies' 2.3221250000005966ms
[NX v22.6.1 Daemon Server] - 2026-03-22T09:31:39.334Z - Time taken for 'nx/js/dependencies-and-lockfile:createDependencies' 2.2994999999991705ms
[NX v22.6.1 Daemon Server] - 2026-03-22T09:31:39.334Z - Time taken for 'createMetadata' 0.006874999999126885ms
[NX v22.6.1 Daemon Server] - 2026-03-22T09:31:39.334Z - Time taken for 'serialize graph' 0.14650000000074215ms
[NX v22.6.1 Daemon Server] - 2026-03-22T09:31:40.659Z - [WATCHER]: 1 file(s) created or restored, 0 file(s) modified, 1 file(s) deleted
[NX v22.6.1 Daemon Server] - 2026-03-22T09:31:40.660Z - [SYNC]: clearing sync generators cache due to file changes
[NX v22.6.1 Daemon Server] - 2026-03-22T09:31:40.660Z - [WATCHER]: Processing file changes in outputs
[NX v22.6.1 Daemon Server] - 2026-03-22T09:31:40.725Z - [WATCHER]: Processing file changes in outputs
[NX v22.6.1 Daemon Server] - 2026-03-22T09:31:40.725Z - [WATCHER]: 5 file(s) created or restored, 4 file(s) modified, 0 file(s) deleted
[NX v22.6.1 Daemon Server] - 2026-03-22T09:31:40.726Z - [SYNC]: clearing sync generators cache due to file changes
[NX v22.6.1 Daemon Server] - 2026-03-22T09:31:40.762Z - [REQUEST]: Updated workspace context based on watched changes, recomputing project graph...
[NX v22.6.1 Daemon Server] - 2026-03-22T09:31:40.762Z - [REQUEST]: common/temp/rush#78133.lock,common/temp/projects/portal-library/package.json,common/temp/projects/portal-site.tgz,common/temp/projects/gotham-vite-commons.tgz,common/temp/projects/portal-site/package.json,common/temp/projects/portal-library.tgz,common/temp/pnpmfileSettings.json,common/temp/package.json,common/temp/.npmrc,common/temp/.pnpmfile.cjs
[NX v22.6.1 Daemon Server] - 2026-03-22T09:31:40.762Z - [REQUEST]: common/temp/rush#77598.lock
[NX v22.6.1 Daemon Server] - 2026-03-22T09:31:40.765Z - Time taken for 'hash changed files from watcher' 1.7526250000009895ms
Time taken for 'plugin worker 78194 code loading' 47.036500000000004ms
Time taken for 'plugin worker 78195 code loading' 46.840165999999996ms
Time taken for 'plugin worker 78193 code loading' 47.7175ms
[NX v22.6.1 Daemon Server] - 2026-03-22T09:31:40.840Z - Time taken for 'start-plugin-worker:nx/js/dependencies-and-lockfile' 76.5398750000004ms
[NX v22.6.1 Daemon Server] - 2026-03-22T09:31:40.840Z - Time taken for 'start-plugin-worker:nx/core/package-json' 75.9052499999998ms
[NX v22.6.1 Daemon Server] - 2026-03-22T09:31:40.840Z - Time taken for 'start-plugin-worker:nx/core/project-json' 75.63266699999986ms
Time taken for 'nx/js/dependencies-and-lockfile:createNodes' 0.8040829999999914ms
[NX v22.6.1 Daemon Server] - 2026-03-22T09:31:40.849Z - Time taken for 'build-project-configs' 82.12262499999997ms
[NX v22.6.1 Daemon Server] - 2026-03-22T09:31:40.849Z - Time taken for 'createNodes:merge' 0.1485419999989972ms
[NX v22.6.1 Daemon Server] - 2026-03-22T09:31:40.849Z - Time taken for 'get-all-workspace-files' 1.2473339999996824ms
Time taken for 'build typescript dependencies' 0.03883400000000847ms
[NX v22.6.1 Daemon Server] - 2026-03-22T09:31:40.852Z - [SYNC]: collect registered sync generators
[NX v22.6.1 Daemon Server] - 2026-03-22T09:31:40.852Z - [SYNC]: project graph hash is the same, not collecting task sync generators
[NX v22.6.1 Daemon Server] - 2026-03-22T09:31:40.852Z - [SYNC]: nx.json hash is the same, not collecting global sync generators
[NX v22.6.1 Daemon Server] - 2026-03-22T09:31:40.852Z - Time taken for 'total execution time for createProjectGraph()' 4.147500000000946ms
[NX v22.6.1 Daemon Server] - 2026-03-22T09:31:40.852Z - Time taken for 'createDependencies' 3.0959169999987353ms
[NX v22.6.1 Daemon Server] - 2026-03-22T09:31:40.852Z - Time taken for 'nx/js/dependencies-and-lockfile:createDependencies' 3.065791999999419ms
[NX v22.6.1 Daemon Server] - 2026-03-22T09:31:40.852Z - Time taken for 'createMetadata' 0.010916999999608379ms
[NX v22.6.1 Daemon Server] - 2026-03-22T09:31:40.852Z - Time taken for 'serialize graph' 0.17770799999925657ms
[NX v22.6.1 Daemon Server] - 2026-03-22T09:31:40.940Z - [WATCHER]: 9 file(s) created or restored, 0 file(s) modified, 6 file(s) deleted
[NX v22.6.1 Daemon Server] - 2026-03-22T09:31:40.940Z - [SYNC]: clearing sync generators cache due to file changes
[NX v22.6.1 Daemon Server] - 2026-03-22T09:31:40.940Z - [WATCHER]: Processing file changes in outputs
[NX v22.6.1 Daemon Server] - 2026-03-22T09:31:41.043Z - [REQUEST]: Updated workspace context based on watched changes, recomputing project graph...
[NX v22.6.1 Daemon Server] - 2026-03-22T09:31:41.044Z - [REQUEST]: common/temp/pnpm-store/v3/files/d9/1e0641ebaa96dfd32c305896563979ba30bf1f378b562dffaf124a2974db1ebe622deeeef06ac056e2267d1e0ea8bdc2a2d142eb51bd141e893e6dd3a50c42-index.json,common/temp/pnpm-store/v3/files/cf/1a23a3016e21f5ea12560d8720458b171ed16ffcd6e1b6f9d12114f40a4b7a316dfa1e0185ac899bd290a83ed5e351e5642a8150a4814fae551608a88f4c32-index.json,common/temp/pnpm-store/v3/files/d5/31350fb415deca2db7cb7300699a12e2c1dc62944814ae03383eb8d87b78a4c9947d19ba535eebf576356b61910a287ec1257e8dd1cb097bb6bf61d74866ff-index.json,common/temp/pnpm-store/v3/file+projects+gotham-vite-commons.tgz/tarball-integrity,common/temp/pnpm-store/v3/file+projects+portal-library.tgz/tarball-integrity,common/temp/pnpm-store/v3/files/4c/d59bdf2a060a9547b65faf09f232127b26b709b0eefe2c404d04af408bd1b12a621adb6f0daa3536c892ea0bfd0c1c08dbb4f3072afc29db89b489e44343c0-exec,common/temp/pnpm-store/v3/files/f8/37397513e03fb5536208903d206ae4262cacdaf9a93f475a758bc935697382c5f29c55c470f7dfe61f3b7b906eacdbe137ebd1f45eb67c579648c6e74be17c-exec,common/temp/pnpm-store/v3/files/c6/ffec3d25ddc368870c7addcbd08d1af3ce79df07358d2f37f6f703908c02330a5e2985ffb6ebf040998155938153fb674ccb683c5982992eb9de7702c5111e-exec,common/temp/pnpm-store/v3/file+projects+portal-site.tgz/tarball-integrity
[NX v22.6.1 Daemon Server] - 2026-03-22T09:31:41.044Z - [REQUEST]: common/temp/pnpm-store/v3/files/f8/37397513e03fb5536208903d206ae4262cacdaf9a93f475a758bc935697382c5f29c55c470f7dfe61f3b7b906eacdbe137ebd1f45eb67c579648c6e74be17cx781921,common/temp/pnpm-store/v3/files/cf/1a23a3016e21f5ea12560d8720458b171ed16ffcd6e1b6f9d12114f40a4b7a316dfa1e0185ac899bd290a83ed5e351e5642a8150a4814fae551608a88f4c3278192,common/temp/pnpm-store/v3/files/d5/31350fb415deca2db7cb7300699a12e2c1dc62944814ae03383eb8d87b78a4c9947d19ba535eebf576356b61910a287ec1257e8dd1cb097bb6bf61d74866ff78192,common/temp/pnpm-store/v3/files/c6/ffec3d25ddc368870c7addcbd08d1af3ce79df07358d2f37f6f703908c02330a5e2985ffb6ebf040998155938153fb674ccb683c5982992eb9de7702c5111ex781923,common/temp/pnpm-store/v3/files/d9/1e0641ebaa96dfd32c305896563979ba30bf1f378b562dffaf124a2974db1ebe622deeeef06ac056e2267d1e0ea8bdc2a2d142eb51bd141e893e6dd3a50c4278192,common/temp/pnpm-store/v3/files/4c/d59bdf2a060a9547b65faf09f232127b26b709b0eefe2c404d04af408bd1b12a621adb6f0daa3536c892ea0bfd0c1c08dbb4f3072afc29db89b489e44343c0x781922
[NX v22.6.1 Daemon Server] - 2026-03-22T09:31:41.046Z - Time taken for 'hash changed files from watcher' 2.17699999999968ms
[NX v22.6.1 Daemon Server] - 2026-03-22T09:31:41.046Z - [WATCHER]: 4 file(s) created or restored, 0 file(s) modified, 4 file(s) deleted
[NX v22.6.1 Daemon Server] - 2026-03-22T09:31:41.046Z - [SYNC]: clearing sync generators cache due to file changes
[NX v22.6.1 Daemon Server] - 2026-03-22T09:31:41.046Z - [WATCHER]: Processing file changes in outputs
Time taken for 'plugin worker 78201 code loading' 46.615375ms
Time taken for 'plugin worker 78203 code loading' 48.228500000000004ms
Time taken for 'plugin worker 78202 code loading' 49.040208ms
[NX v22.6.1 Daemon Server] - 2026-03-22T09:31:41.122Z - Time taken for 'start-plugin-worker:nx/js/dependencies-and-lockfile' 76.97554200000013ms
[NX v22.6.1 Daemon Server] - 2026-03-22T09:31:41.122Z - Time taken for 'start-plugin-worker:nx/core/package-json' 76.33045899999888ms
[NX v22.6.1 Daemon Server] - 2026-03-22T09:31:41.122Z - Time taken for 'start-plugin-worker:nx/core/project-json' 76.01141599999937ms
Time taken for 'nx/js/dependencies-and-lockfile:createNodes' 0.8779579999999925ms
[NX v22.6.1 Daemon Server] - 2026-03-22T09:31:41.131Z - Time taken for 'build-project-configs' 83.20550000000003ms
[NX v22.6.1 Daemon Server] - 2026-03-22T09:31:41.131Z - Time taken for 'createNodes:merge' 0.16449999999895226ms
[NX v22.6.1 Daemon Server] - 2026-03-22T09:31:41.131Z - Time taken for 'get-all-workspace-files' 1.214750000001004ms
Time taken for 'build typescript dependencies' 0.05366700000000435ms
[NX v22.6.1 Daemon Server] - 2026-03-22T09:31:41.134Z - [SYNC]: collect registered sync generators
[NX v22.6.1 Daemon Server] - 2026-03-22T09:31:41.134Z - [SYNC]: project graph hash is the same, not collecting task sync generators
[NX v22.6.1 Daemon Server] - 2026-03-22T09:31:41.134Z - [SYNC]: nx.json hash is the same, not collecting global sync generators
[NX v22.6.1 Daemon Server] - 2026-03-22T09:31:41.134Z - Time taken for 'total execution time for createProjectGraph()' 3.6646659999987605ms
[NX v22.6.1 Daemon Server] - 2026-03-22T09:31:41.134Z - Time taken for 'createDependencies' 2.601958999999624ms
[NX v22.6.1 Daemon Server] - 2026-03-22T09:31:41.134Z - Time taken for 'nx/js/dependencies-and-lockfile:createDependencies' 2.5799580000002607ms
[NX v22.6.1 Daemon Server] - 2026-03-22T09:31:41.134Z - Time taken for 'createMetadata' 0.007249999998748535ms
[NX v22.6.1 Daemon Server] - 2026-03-22T09:31:41.134Z - Time taken for 'serialize graph' 0.1324160000003758ms
[NX v22.6.1 Daemon Server] - 2026-03-22T09:31:41.143Z - [WATCHER]: 6 file(s) created or restored, 0 file(s) modified, 7 file(s) deleted
[NX v22.6.1 Daemon Server] - 2026-03-22T09:31:41.143Z - [SYNC]: clearing sync generators cache due to file changes
[NX v22.6.1 Daemon Server] - 2026-03-22T09:31:41.143Z - [WATCHER]: Processing file changes in outputs
[NX v22.6.1 Daemon Server] - 2026-03-22T09:31:41.149Z - [REQUEST]: Updated workspace context based on watched changes, recomputing project graph...
[NX v22.6.1 Daemon Server] - 2026-03-22T09:31:41.149Z - [REQUEST]: common/temp/pnpm-store/metadata-v1.3/registry.npmjs.org/pnpm.json,common/temp/pnpm-store/metadata-v1.3/registry.npmjs.org/vite.json,common/temp/pnpm-store/metadata-v1.3/registry.npmjs.org/vitest.json,common/temp/pnpm-store/pnpm-state.json,common/temp/pnpm-store/metadata-v1.3/registry.npmjs.org/debug.json,common/temp/pnpm-store/metadata-v1.3/registry.npmjs.org/chai.json,common/temp/pnpm-store/metadata-v1.3/registry.npmjs.org/execa.json,common/temp/pnpm-store/metadata-v1.3/registry.npmjs.org/fsevents.json,common/temp/pnpm-store/metadata-v1.3/registry.npmjs.org/std-env.json,common/temp/pnpm-store/metadata-v1.3/registry.npmjs.org/picocolors.json
[NX v22.6.1 Daemon Server] - 2026-03-22T09:31:41.149Z - [REQUEST]: common/temp/pnpm-store/metadata-v1.3/registry.npmjs.org/pnpm.json_tmp_78192,common/temp/pnpm-store/metadata-v1.3/registry.npmjs.org/vitest.json_tmp_78192,common/temp/pnpm-store/metadata-v1.3/registry.npmjs.org/vite.json_tmp_78192,common/temp/pnpm-store/pnpm-state.json.3288227466,common/temp/pnpm-store/metadata-v1.3/registry.npmjs.org/debug.json_tmp_78192,common/temp/pnpm-store/metadata-v1.3/registry.npmjs.org/chai.json_tmp_78192,common/temp/pnpm-store/metadata-v1.3/registry.npmjs.org/std-env.json_tmp_78192,common/temp/pnpm-store/metadata-v1.3/registry.npmjs.org/picocolors.json_tmp_78192,common/temp/pnpm-store/metadata-v1.3/registry.npmjs.org/execa.json_tmp_78192,common/temp/pnpm-store/metadata-v1.3/registry.npmjs.org/pathe.json_tmp_78192,common/temp/pnpm-store/metadata-v1.3/registry.npmjs.org/fsevents.json_tmp_78192
[NX v22.6.1 Daemon Server] - 2026-03-22T09:31:41.151Z - Time taken for 'hash changed files from watcher' 2.4491670000006707ms
[NX v22.6.1 Daemon Server] - 2026-03-22T09:31:41.194Z - [WATCHER]: Processing file changes in outputs
[NX v22.6.1 Daemon Server] - 2026-03-22T09:31:41.194Z - [WATCHER]: 17 file(s) created or restored, 0 file(s) modified, 17 file(s) deleted
[NX v22.6.1 Daemon Server] - 2026-03-22T09:31:41.194Z - [SYNC]: clearing sync generators cache due to file changes
Time taken for 'plugin worker 78204 code loading' 50.970083ms
Time taken for 'plugin worker 78206 code loading' 51.232417ms
Time taken for 'plugin worker 78205 code loading' 50.189707999999996ms
[NX v22.6.1 Daemon Server] - 2026-03-22T09:31:41.224Z - Time taken for 'start-plugin-worker:nx/js/dependencies-and-lockfile' 74.50620799999888ms
[NX v22.6.1 Daemon Server] - 2026-03-22T09:31:41.224Z - Time taken for 'start-plugin-worker:nx/core/package-json' 73.91749999999956ms
[NX v22.6.1 Daemon Server] - 2026-03-22T09:31:41.224Z - Time taken for 'start-plugin-worker:nx/core/project-json' 73.65016699999978ms
Time taken for 'nx/js/dependencies-and-lockfile:createNodes' 0.8268750000000011ms
[NX v22.6.1 Daemon Server] - 2026-03-22T09:31:41.233Z - Time taken for 'build-project-configs' 80.11266700000124ms
[NX v22.6.1 Daemon Server] - 2026-03-22T09:31:41.233Z - Time taken for 'createNodes:merge' 0.1645410000000993ms
[NX v22.6.1 Daemon Server] - 2026-03-22T09:31:41.233Z - Time taken for 'get-all-workspace-files' 1.4082500000004075ms
Time taken for 'build typescript dependencies' 0.040542000000002076ms
[NX v22.6.1 Daemon Server] - 2026-03-22T09:31:41.236Z - [SYNC]: collect registered sync generators
[NX v22.6.1 Daemon Server] - 2026-03-22T09:31:41.236Z - [SYNC]: project graph hash is the same, not collecting task sync generators
[NX v22.6.1 Daemon Server] - 2026-03-22T09:31:41.236Z - [SYNC]: nx.json hash is the same, not collecting global sync generators
[NX v22.6.1 Daemon Server] - 2026-03-22T09:31:41.236Z - Time taken for 'total execution time for createProjectGraph()' 3.4007500000006985ms
[NX v22.6.1 Daemon Server] - 2026-03-22T09:31:41.236Z - Time taken for 'createDependencies' 2.3885000000009313ms
[NX v22.6.1 Daemon Server] - 2026-03-22T09:31:41.236Z - Time taken for 'nx/js/dependencies-and-lockfile:createDependencies' 2.365084000000934ms
[NX v22.6.1 Daemon Server] - 2026-03-22T09:31:41.236Z - Time taken for 'createMetadata' 0.006708999999318621ms
[NX v22.6.1 Daemon Server] - 2026-03-22T09:31:41.236Z - Time taken for 'serialize graph' 0.15354200000001583ms
[NX v22.6.1 Daemon Server] - 2026-03-22T09:31:41.246Z - [WATCHER]: 43 file(s) created or restored, 0 file(s) modified, 43 file(s) deleted
[NX v22.6.1 Daemon Server] - 2026-03-22T09:31:41.246Z - [SYNC]: clearing sync generators cache due to file changes
[NX v22.6.1 Daemon Server] - 2026-03-22T09:31:41.246Z - [WATCHER]: Processing file changes in outputs
[NX v22.6.1 Daemon Server] - 2026-03-22T09:31:41.300Z - [REQUEST]: Updated workspace context based on watched changes, recomputing project graph...
[NX v22.6.1 Daemon Server] - 2026-03-22T09:31:41.300Z - [REQUEST]: common/temp/pnpm-store/v3/files/c7/934edbfd43aca00e4e71f2a9d04e024e2af78b8f078ec44b7101b1545efc5654eba80c66998aa8db4a6a94fb023b83165d1701c092d03d703147b8e594b125,common/temp/pnpm-store/v3/files/b6/dc19b9c386e8008449176f8dfb28c67f6ef9f7109b1b8f3f093e790808a350fdef216bc78d1fc0c5f6bc7a9d3a510cf53fd60935d6cbb590e4b8cc346960b0,common/temp/pnpm-store/v3/files/59/18ad5e690852dcd802a82ad48a2cc21dd49ed1b4b6f4770235e8961357932d0c56d903da0547f62cfd64b376bbbf9313d6d10806ba42d7f83b4cbedeaba872-exec,common/temp/pnpm-store/v3/files/d1/f336ff272bc6b96dc9a04a7d0ef8f02936dd594f514060340478ee575fe01d55fc7a174df5814a4faf72c8462b012998eca7bb898e3f9a3e87205fb9135af2,common/temp/pnpm-store/v3/files/01/5255c95d483c863ab5745be882dcdc6cedc38ce7ee807578c147067b388d8faee5fd2e411e7c15f534d047043bd96982dba877d831c519675e732b800fff84,common/temp/pnpm-store/metadata-v1.3/registry.npmjs.org/pathe.json,common/temp/pnpm-store/v3/files/6e/cf8891f15acf50a33e17240a2f7f11159350dd1e4fb0cac41121dd7fd3ee2ecf69573327232be79263ea6f8a7c45ee8cc6bfd5eef88f965c00a98385161472,common/temp/pnpm-store/v3/files/e7/1a037d7f9f2fb7da0139da82658fa5b16dc21fd1efb5a630caaa1c64bae42defbc1d181eb805f81d58999df8e35b4c8f99fade4d36d765cda09c339617df43-index.json,common/temp/pnpm-store/v3/files/45/4ea57909cb31a6ab2f643248eb41175ae04f3cdc50e707f1f2f35de908f8a32ec3d9164ec4eb9e51d3db25bbac0b2881eaac2c674d613f59a145877437fec7,common/temp/pnpm-store/v3/files/bc/e0aeaa0412581c71f445ca7ea3e37267edbf43a179637fa1a50498a2df99323c9569a337e885ff5e57eada82d4ebf7348fe935e15264795bd90fcf236014ae,common/temp/pnpm-store/v3/files/a5/5beb27f8159815957d1072bdfda98edeaf28e26c90c39b202db7cbef36439ef6f566397edfab68afae882369d3b861f02d4d7548f8f424fe7cf89d4d7a00d2,common/temp/pnpm-store/v3/files/94/d3c17478826e55dba2caad4cf81c845eb355824d8c44d03a2ec1d50b53de9967540e73ca1a6395a6e27fb0a0e4f1b2edfd24c28a750dcb99e835713ef32d8d,common/temp/pnpm-store/metadata-v1.3/registry.npmjs.org/acorn-walk.json,common/temp/pnpm-store/v3/files/0a/c9c32f0bf184f2bb6e504af99ec9a0e14be45e520d005fb27368a29debea6ca317f6d12dc0d3e330c426d3e8d292f005302627f3ebf9b1414099cfd994606c,common/temp/pnpm-store/v3/files/1d/dcabb62418f951c96d2aad43835d429738d62a78c5ef591a82310b8b5eb67aa9a936b93b37789cd3f8008af48650cb6a6f4edc22f6399bd1aa2ab667996e2d,common/temp/pnpm-store/v3/files/76/e844b25ce0bcaebef506f498ab7e8b7dbfea9608cb75e9181929f68187e3966e9494c1d28108e8fdd4192d97f840382f3880d4a4d1115c8e1294f04e5766ee,common/temp/pnpm-store/v3/files/d7/1e95be28f26e4cb29f2c9accacee74b56aeab5d3b0b6413d6aa1c76183db10f9c2ae693ab5e6852ffae834a990aa86ba83d94b1208ef675cd7099e9ec1be5c,common/temp/pnpm-store/v3/files/94/48cb73bca78124ea3b16fd87555e731d663ff477db4b14ae11e955ef77e895f1a4adcdf778f0a20e87002dd0fb7980b89a6062440e83e61f0ded9357c07fa7,common/temp/pnpm-store/v3/files/95/24e7651d56ad30b062e3434e34aa4d68322c8843e5c7b0d38bdf7c7ca9d3e5cdd721744321c44ab11e2d4178dc7ec6a19c7654e311ac3a5b30fd68984c532d,common/temp/pnpm-store/v3/files/57/286779b5dc8855760c449cfa9e81fb2d0b8d29b492b5383a024de38a85021058d1327ed55eb5b580f6fb01eeb19e85f67e4afaf97c934b13cbb3c47d5e2aa6-index.json,common/temp/pnpm-store/v3/files/27/19a4ee98a8e2573c3940e6154513ccd671e86f953c926a4c03811fcef7ae398b6993a3e82599add39c4b219fa91d0686e3dd18b52eae750647b52ff3b08cc5,common/temp/pnpm-store/v3/files/59/e776f9c7820f23ea89ef6d34914092eb2db84d08dadc59c131aa2d63a84a1a642b81c9821c8d478fc3c65332b334d75d8422d0774ca0129cdc5464996c3686,common/temp/pnpm-store/v3/files/57/c5108871cb2ddb71bf22e3f24c5d40d15743dc5bd3f3d85aff477db62e817a6e72ad772aa9108a4094202668b68b336026bcff5fdcaceee6f0b529a819e932,common/temp/pnpm-store/v3/files/55/2e4a5c75f44c205f8dcbfca3b24a9c5c660d2c702170f48fbaa00be50d6eda29e7942e224ee0b604726b7963be11617200bf63f882e438234b2848e648e71a,common/temp/pnpm-store/v3/files/b2/2082f3bec363e2f858d0e30a0665955fd7a39e50d0140f0b8144ed53515e3e88ad287186221b51bc35f6a1dfc8333569a69826489661a362c2d5de2cce0c1a,common/temp/pnpm-store/v3/files/d4/f757592b724214d552f6eb68e5dd03e54cd6ec2936875de7d50d870eadd1338e7776779caf41562a7bcac36743c0b32ee855ed4d299aaa0e1900152753e512,common/temp/pnpm-store/v3/files/b0/04ac4bdaf51a1217ac22a1361deee36a68211cd10a43cb5737358da227bb1e6eee847b5db2dc60d788d0fbdbe17d09bd928629022f9344b91292824a7bfae9,common/temp/pnpm-store/v3/files/f7/36b2207fc1f4921aed6a3bf5f8578a8412de3fed8adaf7724bd1c223512c337c6eb414d5f969561d8239a263da3ce81b4c81740e7f3cf0b5aa918cf116d98f,common/temp/pnpm-store/v3/files/2b/793749030656a7a03b7de5551b3ff4f2cc32a0ca1f4630cf2395f62e596a96a1327eb022e2c1ccde18fd6c160086a116a36d8e45f5f12a0922f148f234353a,common/temp/pnpm-store/v3/files/80/17e730cb8d9f0cf4c5f5c3ce9074e00efbe59f041ed96d336ecc3cfdf5a22892d6dd4f9e222397f00f9c546a9feec8f48d31f6972f9e0324c2e270d7ca8f3f,common/temp/pnpm-store/v3/files/2a/8f31902709b8056d7196e9d27892342487a9221ad0c2cc834ddfb780c9cc24a2d6914e47c07996eb723a1419f25ada06cb66b12e2dbaa03409371d2c67b326,common/temp/pnpm-store/v3/files/c2/12dd58c60bd93c08d3c867f3f66a01bad57a6bb42cd68d349657ef73baa9a21d0937d7badb0b84c923744357d2a86c43db888a6a38fda40e997928a27da70d-index.json,common/temp/pnpm-store/v3/files/4e/7e9d62ac32bb6f86260acf146b75f5aae235325849906c5c257f8bf435368efd3bae61982c358c5bee284b6078dfc0dfd96b8ebe9ab7e7fe3bf10892d2cfa8,common/temp/pnpm-store/v3/files/9b/0573357202d21f133c1b463ce22914c59bba32993c274349db3c91f1571e1e800589c7adbad0d7995cc5311b5d2cd09bb09f9b3c95c0f4c559a95ce384d997,common/temp/pnpm-store/v3/files/68/1e708beff898f0a22187cb1c253706845cede4745d520af650054ea8440d37b07585a3bcfbf9b59bcd79a6720a3083717e791cfef3e0e49cebe01b732d14bb,common/temp/pnpm-store/v3/files/96/1fe75e62d1e65edde83403f0c1c40cd407eb5ab05c76e0d48bdd404541234390dc0823934de237913676f16e74a0cc74d75f8a6fe24a630d64111b1064e727,common/temp/pnpm-store/v3/files/8c/2d656c0d661138bdca0da78bddf71d349e9f88ab002357d9ff00f66b17e3af389b8207d512fa916ad4546bf57682d204b369ba2d5adbd2e82ddde3184ec252,common/temp/pnpm-store/v3/files/9b/258c0876444f6bc74dba7b2fb9d1aa86cc23c60a8955800c6e510cfd44998c4875142ceedf21cecce35fad489a5c079b7cca5e2858cbdeff6fca2d07b07ad7,common/temp/pnpm-store/v3/files/4f/aa874d9d862ffc921528742c4f1fe8a9b22a358760f6e93fcef138523575329a801ce9659ed8e96b02b73e581b3e99d91973e22981b358ffb5e43103a536c2,common/temp/pnpm-store/v3/files/66/43b56f4867842572cd9fc668eada5fd21911eafab4efd90642c585069912d06eedc49a566e851a79952bb2078bd7151f729d917b8897dbfbe05fb5bd85efab,common/temp/pnpm-store/v3/files/da/7f61758437faccab8d4921d5ac92b68dcef7b7843b2abf10d27dcd8e0e96ae699e25fc909e16277f8dd2c57b9c8c08df325e9367e94861c647c1a59a984fef,common/temp/pnpm-store/v3/files/48/1faf70d939dfcae284e8579876b87845af654084ed1216ae0e49bf6abe1f3f86a071373cd48c06bddebbac97752ac399529527bb0b1dce975ca91232467e39,common/temp/pnpm-store/v3/files/34/89ec3783403daa899ec5bd89d8d23a7386ab2cea6243ccccb23d2cd7a69c735f2852d66a6c3571d22a7bf724823173c8c115c4e49b9120331638145e3dc058,common/temp/pnpm-store/v3/files/c5/c787dac9e1b5be4cf658aa0ec984c39ea57b7efa993664117fe311bfd1c4d1727a036e97b78db250973fd1438ff2dcbb45fc284c8c71e3f69eda5a1eb0c454-index.json,common/temp/pnpm-store/v3/files/a5/e11462fb31e98bdd4f5216f6f51d962d9688f9e5438f8a1374baa25b63260855f429fee745f297000a5001f608bd10ddd63a377be8dacab70c2bd88afae069,common/temp/pnpm-store/v3/files/1b/a0b2795458f285d5faee97322a1a456494f22ae2a4c0f52c6b7a108a9f0a97218b251931b2cb7345158adf3a4771cbe258a17ad31694fc3f0211b321ea9df1,common/temp/pnpm-store/v3/files/ef/c7de550c40808907eb56cc6dbd62672f368d002bdf706d4be31ef738a039f5e261372eab823f32b0f35b22a007104eb7165d8b7dd974e6d7dba227c13a9b38,common/temp/pnpm-store/v3/files/5e/54ff2be1841980d918f9f1ec6e659be2cb25e8cdbe8a554e7364c51b9bf7af0ccae17eea04427c8643f76a2f7a0c174682fe523ae9b90788e332cdcf19831e,common/temp/pnpm-store/v3/files/c8/bef2e1fb780513a4110c6c6cf32a0733bc6fc430a5fe214d1e4d87e95c36325279125abcf10dd4dde24504b1e5120cdce19665c21dc5aa8dbf87b4a615d0f4,common/temp/pnpm-store/v3/files/1c/9218b80c8870c59c03523d8cc9fd12e44c5c81fc6bbbb65fdbb34ad2eec0d212b44d8a25d553b51201e30055eca4e2080b48ded1cf30bedebefeec22174b3d,common/temp/pnpm-store/v3/files/22/03964acd4d091abe4539705942b10cc6c682f0feaa2bcfaeb1451b4d538ac4eed8517eb8aa5002968e32fdf353c9df9b6cedcb3ed63a4219da1f56c67e3b05,common/temp/pnpm-store/v3/files/6e/6d5797ebbe63d712ad52d626804e4eb473bad08d3c1f5908e68a6f9832128eaf3da227ff649e9a93dd4d3018b041c584c4d7b95b3bef5177e976db79890eb4,common/temp/pnpm-store/metadata-v1.3/registry.npmjs.org/rollup.json,common/temp/pnpm-store/v3/files/b6/837a8cf75032a994bd54894b06f749b2dc1b578f9c9fd8881b2c39985bd6a5dc25293bef1532a3a4031303aef39638d7e8a25c30df40bca7da4f3e6ae20dd0,common/temp/pnpm-store/v3/files/c5/5dbd26ea2276687630de9493547c00540406e0eb7d15d7602a8f5782c179a3b28e9a3cc683e656902d147ac29103fbacd89b3190330a03d0f1c8c23b6b0cad,common/temp/pnpm-store/v3/files/53/e379218927f52b2906c4587fc9d086a3af9410b41169470811d53cbc59e9f7c8b28c6089ffe2fb1ff03a42801f76af4118dedcb7d3f95f5dfa992c2366409a,common/temp/pnpm-store/v3/files/44/6c305a7c10be455f6af295b76d8518bc3ec5849dcc04709b4aeee83853540dee994e6165cdbc57790ee2cb6062bcab4e52e9baf808f468a28e5b408cd6dca8-index.json,common/temp/pnpm-store/v3/files/e0/51b9df54c86d1913cfeef4d9c79bd5d5fd229805dee7696c5360c03f57399c93a6eb3c92ebdd5e3d344dc884ef715a14e2990af4ddf4d737628e4b50707815,common/temp/pnpm-store/v3/files/e4/64b5d8574e64d9623399803b115183b22bd295b3f0c769626e8063a54f906a5b03b67399bccd701250d063efbf25a0718ed00210a07fd532f3d234ddf68b92-index.json,common/temp/pnpm-store/v3/files/97/8c6de5c65d0c1f0ee21303f226b94adeff040d3e2bd9e32e02f642e5cb6a521b98125a11c15af22d49adcd6912118063355b0d78e55d7434aa91ef2ef0ad06
[NX v22.6.1 Daemon Server] - 2026-03-22T09:31:41.300Z - [REQUEST]: common/temp/pnpm-store/metadata-v1.3/registry.npmjs.org/pathe.json_tmp_78192,common/temp/pnpm-store/v3/files/d7/1e95be28f26e4cb29f2c9accacee74b56aeab5d3b0b6413d6aa1c76183db10f9c2ae693ab5e6852ffae834a990aa86ba83d94b1208ef675cd7099e9ec1be5c781922,common/temp/pnpm-store/v3/files/6e/cf8891f15acf50a33e17240a2f7f11159350dd1e4fb0cac41121dd7fd3ee2ecf69573327232be79263ea6f8a7c45ee8cc6bfd5eef88f965c00a98385161472781923,common/temp/pnpm-store/v3/files/94/d3c17478826e55dba2caad4cf81c845eb355824d8c44d03a2ec1d50b53de9967540e73ca1a6395a6e27fb0a0e4f1b2edfd24c28a750dcb99e835713ef32d8d781923,common/temp/pnpm-store/v3/files/e7/1a037d7f9f2fb7da0139da82658fa5b16dc21fd1efb5a630caaa1c64bae42defbc1d181eb805f81d58999df8e35b4c8f99fade4d36d765cda09c339617df4378192,common/temp/pnpm-store/v3/files/bc/e0aeaa0412581c71f445ca7ea3e37267edbf43a179637fa1a50498a2df99323c9569a337e885ff5e57eada82d4ebf7348fe935e15264795bd90fcf236014ae781923,common/temp/pnpm-store/v3/files/a5/5beb27f8159815957d1072bdfda98edeaf28e26c90c39b202db7cbef36439ef6f566397edfab68afae882369d3b861f02d4d7548f8f424fe7cf89d4d7a00d2781922,common/temp/pnpm-store/v3/files/59/18ad5e690852dcd802a82ad48a2cc21dd49ed1b4b6f4770235e8961357932d0c56d903da0547f62cfd64b376bbbf9313d6d10806ba42d7f83b4cbedeaba872x781922,common/temp/pnpm-store/v3/files/1d/dcabb62418f951c96d2aad43835d429738d62a78c5ef591a82310b8b5eb67aa9a936b93b37789cd3f8008af48650cb6a6f4edc22f6399bd1aa2ab667996e2d781922,common/temp/pnpm-store/v3/files/76/e844b25ce0bcaebef506f498ab7e8b7dbfea9608cb75e9181929f68187e3966e9494c1d28108e8fdd4192d97f840382f3880d4a4d1115c8e1294f04e5766ee781923,common/temp/pnpm-store/v3/files/b6/dc19b9c386e8008449176f8dfb28c67f6ef9f7109b1b8f3f093e790808a350fdef216bc78d1fc0c5f6bc7a9d3a510cf53fd60935d6cbb590e4b8cc346960b0781922,common/temp/pnpm-store/v3/files/0a/c9c32f0bf184f2bb6e504af99ec9a0e14be45e520d005fb27368a29debea6ca317f6d12dc0d3e330c426d3e8d292f005302627f3ebf9b1414099cfd994606c781923,common/temp/pnpm-store/v3/files/01/5255c95d483c863ab5745be882dcdc6cedc38ce7ee807578c147067b388d8faee5fd2e411e7c15f534d047043bd96982dba877d831c519675e732b800fff84781923,common/temp/pnpm-store/v3/files/d1/f336ff272bc6b96dc9a04a7d0ef8f02936dd594f514060340478ee575fe01d55fc7a174df5814a4faf72c8462b012998eca7bb898e3f9a3e87205fb9135af2781923,common/temp/pnpm-store/metadata-v1.3/registry.npmjs.org/acorn-walk.json_tmp_78192,common/temp/pnpm-store/v3/files/45/4ea57909cb31a6ab2f643248eb41175ae04f3cdc50e707f1f2f35de908f8a32ec3d9164ec4eb9e51d3db25bbac0b2881eaac2c674d613f59a145877437fec7781923,common/temp/pnpm-store/v3/files/c7/934edbfd43aca00e4e71f2a9d04e024e2af78b8f078ec44b7101b1545efc5654eba80c66998aa8db4a6a94fb023b83165d1701c092d03d703147b8e594b125781922,common/temp/pnpm-store/v3/files/27/19a4ee98a8e2573c3940e6154513ccd671e86f953c926a4c03811fcef7ae398b6993a3e82599add39c4b219fa91d0686e3dd18b52eae750647b52ff3b08cc5781922,common/temp/pnpm-store/v3/files/1c/9218b80c8870c59c03523d8cc9fd12e44c5c81fc6bbbb65fdbb34ad2eec0d212b44d8a25d553b51201e30055eca4e2080b48ded1cf30bedebefeec22174b3d781923,common/temp/pnpm-store/v3/files/94/48cb73bca78124ea3b16fd87555e731d663ff477db4b14ae11e955ef77e895f1a4adcdf778f0a20e87002dd0fb7980b89a6062440e83e61f0ded9357c07fa7781922,common/temp/pnpm-store/v3/files/f7/36b2207fc1f4921aed6a3bf5f8578a8412de3fed8adaf7724bd1c223512c337c6eb414d5f969561d8239a263da3ce81b4c81740e7f3cf0b5aa918cf116d98f781923,common/temp/pnpm-store/v3/files/68/1e708beff898f0a22187cb1c253706845cede4745d520af650054ea8440d37b07585a3bcfbf9b59bcd79a6720a3083717e791cfef3e0e49cebe01b732d14bb781922,common/temp/pnpm-store/v3/files/5e/54ff2be1841980d918f9f1ec6e659be2cb25e8cdbe8a554e7364c51b9bf7af0ccae17eea04427c8643f76a2f7a0c174682fe523ae9b90788e332cdcf19831e781921,common/temp/pnpm-store/v3/files/55/2e4a5c75f44c205f8dcbfca3b24a9c5c660d2c702170f48fbaa00be50d6eda29e7942e224ee0b604726b7963be11617200bf63f882e438234b2848e648e71a781923,common/temp/pnpm-store/v3/files/b6/837a8cf75032a994bd54894b06f749b2dc1b578f9c9fd8881b2c39985bd6a5dc25293bef1532a3a4031303aef39638d7e8a25c30df40bca7da4f3e6ae20dd0781922,common/temp/pnpm-store/v3/files/53/e379218927f52b2906c4587fc9d086a3af9410b41169470811d53cbc59e9f7c8b28c6089ffe2fb1ff03a42801f76af4118dedcb7d3f95f5dfa992c2366409a781922,common/temp/pnpm-store/v3/files/80/17e730cb8d9f0cf4c5f5c3ce9074e00efbe59f041ed96d336ecc3cfdf5a22892d6dd4f9e222397f00f9c546a9feec8f48d31f6972f9e0324c2e270d7ca8f3f781921,common/temp/pnpm-store/v3/files/97/8c6de5c65d0c1f0ee21303f226b94adeff040d3e2bd9e32e02f642e5cb6a521b98125a11c15af22d49adcd6912118063355b0d78e55d7434aa91ef2ef0ad06781923,common/temp/pnpm-store/v3/files/1b/a0b2795458f285d5faee97322a1a456494f22ae2a4c0f52c6b7a108a9f0a97218b251931b2cb7345158adf3a4771cbe258a17ad31694fc3f0211b321ea9df1781923,common/temp/pnpm-store/v3/files/44/6c305a7c10be455f6af295b76d8518bc3ec5849dcc04709b4aeee83853540dee994e6165cdbc57790ee2cb6062bcab4e52e9baf808f468a28e5b408cd6dca878192,common/temp/pnpm-store/v3/files/ef/c7de550c40808907eb56cc6dbd62672f368d002bdf706d4be31ef738a039f5e261372eab823f32b0f35b22a007104eb7165d8b7dd974e6d7dba227c13a9b38781922,common/temp/pnpm-store/v3/files/d4/f757592b724214d552f6eb68e5dd03e54cd6ec2936875de7d50d870eadd1338e7776779caf41562a7bcac36743c0b32ee855ed4d299aaa0e1900152753e512781923,common/temp/pnpm-store/v3/files/c5/5dbd26ea2276687630de9493547c00540406e0eb7d15d7602a8f5782c179a3b28e9a3cc683e656902d147ac29103fbacd89b3190330a03d0f1c8c23b6b0cad781923,common/temp/pnpm-store/v3/files/4e/7e9d62ac32bb6f86260acf146b75f5aae235325849906c5c257f8bf435368efd3bae61982c358c5bee284b6078dfc0dfd96b8ebe9ab7e7fe3bf10892d2cfa8781922,common/temp/pnpm-store/v3/files/95/24e7651d56ad30b062e3434e34aa4d68322c8843e5c7b0d38bdf7c7ca9d3e5cdd721744321c44ab11e2d4178dc7ec6a19c7654e311ac3a5b30fd68984c532d781922,common/temp/pnpm-store/v3/files/96/1fe75e62d1e65edde83403f0c1c40cd407eb5ab05c76e0d48bdd404541234390dc0823934de237913676f16e74a0cc74d75f8a6fe24a630d64111b1064e727781923,common/temp/pnpm-store/v3/files/57/c5108871cb2ddb71bf22e3f24c5d40d15743dc5bd3f3d85aff477db62e817a6e72ad772aa9108a4094202668b68b336026bcff5fdcaceee6f0b529a819e932781922,common/temp/pnpm-store/v3/files/66/43b56f4867842572cd9fc668eada5fd21911eafab4efd90642c585069912d06eedc49a566e851a79952bb2078bd7151f729d917b8897dbfbe05fb5bd85efab781922,common/temp/pnpm-store/v3/files/48/1faf70d939dfcae284e8579876b87845af654084ed1216ae0e49bf6abe1f3f86a071373cd48c06bddebbac97752ac399529527bb0b1dce975ca91232467e39781922,common/temp/pnpm-store/v3/files/a5/e11462fb31e98bdd4f5216f6f51d962d9688f9e5438f8a1374baa25b63260855f429fee745f297000a5001f608bd10ddd63a377be8dacab70c2bd88afae069781922,common/temp/pnpm-store/v3/files/2b/793749030656a7a03b7de5551b3ff4f2cc32a0ca1f4630cf2395f62e596a96a1327eb022e2c1ccde18fd6c160086a116a36d8e45f5f12a0922f148f234353a781921,common/temp/pnpm-store/v3/files/c5/c787dac9e1b5be4cf658aa0ec984c39ea57b7efa993664117fe311bfd1c4d1727a036e97b78db250973fd1438ff2dcbb45fc284c8c71e3f69eda5a1eb0c45478192,common/temp/pnpm-store/v3/files/4f/aa874d9d862ffc921528742c4f1fe8a9b22a358760f6e93fcef138523575329a801ce9659ed8e96b02b73e581b3e99d91973e22981b358ffb5e43103a536c2781921,common/temp/pnpm-store/v3/files/6e/6d5797ebbe63d712ad52d626804e4eb473bad08d3c1f5908e68a6f9832128eaf3da227ff649e9a93dd4d3018b041c584c4d7b95b3bef5177e976db79890eb4781921,common/temp/pnpm-store/v3/files/c8/bef2e1fb780513a4110c6c6cf32a0733bc6fc430a5fe214d1e4d87e95c36325279125abcf10dd4dde24504b1e5120cdce19665c21dc5aa8dbf87b4a615d0f4781922,common/temp/pnpm-store/v3/files/59/e776f9c7820f23ea89ef6d34914092eb2db84d08dadc59c131aa2d63a84a1a642b81c9821c8d478fc3c65332b334d75d8422d0774ca0129cdc5464996c3686781922,common/temp/pnpm-store/v3/files/c2/12dd58c60bd93c08d3c867f3f66a01bad57a6bb42cd68d349657ef73baa9a21d0937d7badb0b84c923744357d2a86c43db888a6a38fda40e997928a27da70d78192,common/temp/pnpm-store/v3/files/b2/2082f3bec363e2f858d0e30a0665955fd7a39e50d0140f0b8144ed53515e3e88ad287186221b51bc35f6a1dfc8333569a69826489661a362c2d5de2cce0c1a781923,common/temp/pnpm-store/v3/files/34/89ec3783403daa899ec5bd89d8d23a7386ab2cea6243ccccb23d2cd7a69c735f2852d66a6c3571d22a7bf724823173c8c115c4e49b9120331638145e3dc058781921,common/temp/pnpm-store/metadata-v1.3/registry.npmjs.org/rollup.json_tmp_78192,common/temp/pnpm-store/v3/files/9b/258c0876444f6bc74dba7b2fb9d1aa86cc23c60a8955800c6e510cfd44998c4875142ceedf21cecce35fad489a5c079b7cca5e2858cbdeff6fca2d07b07ad7781922,common/temp/pnpm-store/v3/files/da/7f61758437faccab8d4921d5ac92b68dcef7b7843b2abf10d27dcd8e0e96ae699e25fc909e16277f8dd2c57b9c8c08df325e9367e94861c647c1a59a984fef781922,common/temp/pnpm-store/v3/files/8c/2d656c0d661138bdca0da78bddf71d349e9f88ab002357d9ff00f66b17e3af389b8207d512fa916ad4546bf57682d204b369ba2d5adbd2e82ddde3184ec252781922,common/temp/pnpm-store/v3/files/2a/8f31902709b8056d7196e9d27892342487a9221ad0c2cc834ddfb780c9cc24a2d6914e47c07996eb723a1419f25ada06cb66b12e2dbaa03409371d2c67b326781923,common/temp/pnpm-store/v3/files/e0/51b9df54c86d1913cfeef4d9c79bd5d5fd229805dee7696c5360c03f57399c93a6eb3c92ebdd5e3d344dc884ef715a14e2990af4ddf4d737628e4b50707815781923,common/temp/pnpm-store/v3/files/9b/0573357202d21f133c1b463ce22914c59bba32993c274349db3c91f1571e1e800589c7adbad0d7995cc5311b5d2cd09bb09f9b3c95c0f4c559a95ce384d997781922,common/temp/pnpm-store/v3/files/57/286779b5dc8855760c449cfa9e81fb2d0b8d29b492b5383a024de38a85021058d1327ed55eb5b580f6fb01eeb19e85f67e4afaf97c934b13cbb3c47d5e2aa678192,common/temp/pnpm-store/v3/files/22/03964acd4d091abe4539705942b10cc6c682f0feaa2bcfaeb1451b4d538ac4eed8517eb8aa5002968e32fdf353c9df9b6cedcb3ed63a4219da1f56c67e3b05781921,common/temp/pnpm-store/v3/files/b0/04ac4bdaf51a1217ac22a1361deee36a68211cd10a43cb5737358da227bb1e6eee847b5db2dc60d788d0fbdbe17d09bd928629022f9344b91292824a7bfae9781923,common/temp/pnpm-store/v3/files/e4/64b5d8574e64d9623399803b115183b22bd295b3f0c769626e8063a54f906a5b03b67399bccd701250d063efbf25a0718ed00210a07fd532f3d234ddf68b9278192
[NX v22.6.1 Daemon Server] - 2026-03-22T09:31:41.304Z - [WATCHER]: 188 file(s) created or restored, 0 file(s) modified, 188 file(s) deleted
[NX v22.6.1 Daemon Server] - 2026-03-22T09:31:41.305Z - [SYNC]: clearing sync generators cache due to file changes
[NX v22.6.1 Daemon Server] - 2026-03-22T09:31:41.305Z - [WATCHER]: Processing file changes in outputs
[NX v22.6.1 Daemon Server] - 2026-03-22T09:31:41.306Z - Time taken for 'hash changed files from watcher' 4.930209000000104ms
[NX v22.6.1 Daemon Server] - 2026-03-22T09:31:41.358Z - [WATCHER]: 89 file(s) created or restored, 0 file(s) modified, 89 file(s) deleted
[NX v22.6.1 Daemon Server] - 2026-03-22T09:31:41.359Z - [SYNC]: clearing sync generators cache due to file changes
[NX v22.6.1 Daemon Server] - 2026-03-22T09:31:41.359Z - [WATCHER]: Processing file changes in outputs
Time taken for 'plugin worker 78213 code loading' 52.386375ms
Time taken for 'plugin worker 78212 code loading' 52.384375000000006ms
Time taken for 'plugin worker 78211 code loading' 52.893958000000005ms
[NX v22.6.1 Daemon Server] - 2026-03-22T09:31:41.378Z - Time taken for 'start-plugin-worker:nx/js/dependencies-and-lockfile' 75.34529199999997ms
[NX v22.6.1 Daemon Server] - 2026-03-22T09:31:41.378Z - Time taken for 'start-plugin-worker:nx/core/package-json' 74.71674999999959ms
[NX v22.6.1 Daemon Server] - 2026-03-22T09:31:41.378Z - Time taken for 'start-plugin-worker:nx/core/project-json' 74.39745799999946ms
Time taken for 'nx/js/dependencies-and-lockfile:createNodes' 0.8300409999999943ms
[NX v22.6.1 Daemon Server] - 2026-03-22T09:31:41.387Z - Time taken for 'build-project-configs' 80.86650000000009ms
[NX v22.6.1 Daemon Server] - 2026-03-22T09:31:41.387Z - Time taken for 'createNodes:merge' 0.17241700000158744ms
[NX v22.6.1 Daemon Server] - 2026-03-22T09:31:41.387Z - Time taken for 'get-all-workspace-files' 1.2281249999996362ms
Time taken for 'build typescript dependencies' 0.04291700000000276ms
[NX v22.6.1 Daemon Server] - 2026-03-22T09:31:41.391Z - [SYNC]: collect registered sync generators
[NX v22.6.1 Daemon Server] - 2026-03-22T09:31:41.391Z - [SYNC]: project graph hash is the same, not collecting task sync generators
[NX v22.6.1 Daemon Server] - 2026-03-22T09:31:41.391Z - [SYNC]: nx.json hash is the same, not collecting global sync generators
[NX v22.6.1 Daemon Server] - 2026-03-22T09:31:41.391Z - Time taken for 'total execution time for createProjectGraph()' 4.779541999998401ms
[NX v22.6.1 Daemon Server] - 2026-03-22T09:31:41.391Z - Time taken for 'createDependencies' 3.618333000000348ms
[NX v22.6.1 Daemon Server] - 2026-03-22T09:31:41.391Z - Time taken for 'nx/js/dependencies-and-lockfile:createDependencies' 3.587792000000263ms
[NX v22.6.1 Daemon Server] - 2026-03-22T09:31:41.391Z - Time taken for 'createMetadata' 0.009417000001121778ms
[NX v22.6.1 Daemon Server] - 2026-03-22T09:31:41.391Z - Time taken for 'serialize graph' 0.16350000000056752ms
[NX v22.6.1 Daemon Server] - 2026-03-22T09:31:41.424Z - [REQUEST]: Updated workspace context based on watched changes, recomputing project graph...
[NX v22.6.1 Daemon Server] - 2026-03-22T09:31:41.424Z - [REQUEST]: common/temp/pnpm-store/v3/files/c4/f40f320902542a3f945c55fc040e2d1c630978da2c54f6228c06334ab4ee089564b01ff0f84926d3c11e04016fa59f9cad099217d23dda02ec2625ab5e63f5,common/temp/pnpm-store/v3/files/cc/1cbc839725493b860e39bc052b85dfc8d8755d41d799be41f00def509dfa85aa93e446d36c81fc50be05e4b8579aff80a39e2174eb370c0da2440ef50ad153,common/temp/pnpm-store/v3/files/44/28c332eb073d649cbde8b9ee4bc96bb3ce2b3a2a1df7ecb6d8d6ca216ef5fe59d040d63f97fa156d3464f8899665a666689f1e42219eaa0a2a77d0130ee6d5,common/temp/pnpm-store/v3/files/2f/c91b2dc47f4a1a159528af099f82bb546f659243aaa73bebbb3060cb538b2d12b5254030e4f69162b078bf9cbc5a86909eb46f83ec2a802d4c90222b8dbac8,common/temp/pnpm-store/v3/files/ee/c1cc38266914d888e9c70205d0f16952b7862675950a2a7e1b7637150d303e5f23054c8dc5833d69ebe0de6c2693d3cf62f64be1df2c5a3680a8809044ccf4,common/temp/pnpm-store/v3/files/24/f9e91866b9effd72b99e47de585d2dfc721f4ecd663a1187833d908b9516f2eca37364143004c0f918f1377c7dfe2fb55d7ec97002cab50b779319c5e23204,common/temp/pnpm-store/v3/files/e2/edf907ea9058b123a131db61daa111fb646b300f3532ba3f68f2b956d0d462880ebe6fcefdbd0f318157be00c1b429f968ddcd99c920b927db6b1497dfbc23,common/temp/pnpm-store/v3/files/64/7f3bec5875d8b0da4e9dbfc2f9e006feefda247164734801853b1d7ab8ca9363b2b2aa8d46c80df4cdd223bd8b7b6460ec96925793429895d6b18bdd2a4636,common/temp/pnpm-store/v3/files/ae/7b24f81a5d7025b351dfe9f34630fb6c61f9622011e185769c752bd28105f1c576ed86e65118719334a87d312833034b426eecaebb7191bbef830d7ee65ca7,common/temp/pnpm-store/v3/files/3e/0c87f4a078623a5b1cb02855052e8c1562adfb1871972aa9f421dfb4d3a1822a6327fcae9fad01cbddc40931bc62b6eb93dc74fcd373e4aff8b6ebb51638fa,common/temp/pnpm-store/v3/files/a0/2694b740745fcf2ed8736e9443de88a3b0ff557f6090d8a6b9b49e191f91d52c946160c6fb935b6e9c8a51b1c84e4ccf82c5e00c64107603bf780ae196869c,common/temp/pnpm-store/v3/files/dc/cf5da15ea193970f3f5c7df4c20e4959df78cdc23bfdfe91f7a0b0f87f2fd6336e01de10de257c781f293dccda2f8cca56a12e84d5bf8e3d5da8d758882ce8,common/temp/pnpm-store/v3/files/2d/92cfef46fb1c46bc544b443c7d89bed240c5e95befdfa616af35db290c5b9bd4d029383d24dd50b0034025429d48bbdec6ecd90e3f4ed75aa9fb5d9d492b43,common/temp/pnpm-store/v3/files/58/016fe418bbc9447de749000e154d4f06d8ac830e2b9680f05eed2f0aaa1bb86a0c70910109442eb8343ca1dc0137fac523648c2fa953777b961dc05c32377b,common/temp/pnpm-store/v3/files/2b/d0fae3261bd90b76aa14cee8df5ed8147e1f040aa50483cc1b32e867b309c40c170c2e23ec17d8a719b68610dc4914140d61d11e8d15bb2a22a1fbbad8141e,common/temp/pnpm-store/v3/files/be/fb9e9fb75aacbaa263dbc33e87235710247ba8983eb49144d2530620f26e894b538216443ae407aa826e211a54b2b0f1567873597aa4248fe010a84ace7c39,common/temp/pnpm-store/v3/files/25/d65598fa85259c7ee7f97dffe7ea9b5cb8e8c1568c7b7995c3256be1936e5fc6d13dcaae246cbfa5f0832d5f002546eb53ab8a017a65226c908df76530314c,common/temp/pnpm-store/v3/files/34/bf144b973a34f61114bae66ae9576234a415ff4ce3148dac2ef0472bdb8054d02adf93d3e762b9a4e5f8be3833002b4d7df6f2b40e4cea4197612005272e59,common/temp/pnpm-store/v3/files/d1/1e0e63075bfca96913428bca68e897a7f53be169938d861428e3b314f48985b67e2ac737f9839205cf15b321bfb6907cb627d84594e03c7c75b99e56fb447f,common/temp/pnpm-store/v3/files/89/1888c0f374fb35989cb34acf36d21f7a2d45c1cd20cdd0050c30eca24497a9bade8a11b67b07bc279596ab5baed8c2b3051f80cc959ce545410c0db5bbe175,common/temp/pnpm-store/v3/files/2a/cdb0cbe48592b60da1b8852317a1c404ee9da95f191d2c5813410dac2e9aa23d658f4fa38098031531fe9a7ad4c48c3caec3125525ed8b7a7128af81046ab3,common/temp/pnpm-store/v3/files/e7/83d024055fde42a3aeed65a2f3373c298d3af361dac57088607984aafdd5953bd139f5319cb75d218e1947b5cd712ed88237023cfcd1aa6c1705ba3db7e025,common/temp/pnpm-store/v3/files/c3/ad3d61246405b2a1d74bb6b0bca1cd8bd80dc5385e217a44e0ff6c859a5185c9c30626cac12e4f74d6df926002366864f474b16174d4686d7847ec3371af31,common/temp/pnpm-store/v3/files/8a/b455550c1ee5428e27dea8410042331ef6320672a79cf215df56b0d9c7ad3ed75bb2e9be26dfedc18b310def802722004ec6353474b9c13a72fa05ce236ebd,common/temp/pnpm-store/v3/files/ba/abe057a28855d8bd48daa94410f7ced16afbc3946e617578e1a8b7b4bde060c46514db04437edbdd2bd4bfcb34ab9e3c6402b3e0cbae30ec0655b4bf4dd4be,common/temp/pnpm-store/v3/files/0b/43086403139bd6bbe3d3285829785ad9e1413fa64de05896186e71c35fca4ed2fcba8f61b01f205d394fa0c49045b0dd6e9cdb67c858c4311373483f4f9395,common/temp/pnpm-store/v3/files/90/4fa807cb4f2420d354d12758df59b91eb3e3078ced1b5db8d39a151f556bf3b9cd0e442e0d155a1b49d9a4b5bc6485cab1b40bee758c1974ea10e1df6e47cf,common/temp/pnpm-store/v3/files/1e/405000d4d5a63da90256a74e2bdadc94a24b37e992e33c0bef57b2d6f488924e9744dc0f10456351fb38d52e261027ecf61063f196eb7d69c277c955d45377,common/temp/pnpm-store/v3/files/36/59792dc58db9504979a31c4751ab3e204ec6a0a1615f7b3d1771cb881bd711593abb915ef077f59fdb5323646bf7191b7e030e93cedbe068312b2fd907b8f7,common/temp/pnpm-store/v3/files/62/4ab918632df0cd40c748758011b2ec37208e5e9f6f34177e5f0cb620fdf2a7a53cef9cf471fc2108693f95b7d0852e852c018b62adb69c7fb6e7656af2a918,common/temp/pnpm-store/metadata-v1.3/registry.npmjs.org/local-pkg.json,common/temp/pnpm-store/v3/files/44/84c605f8a32e405d759be79fc8ddaa84f2a71bea6ce2d8424186c57cde163547bee75a3f0d073450fdc7ddbcfde53061677674f0ae815aaca4600b4d96502b-index.json,common/temp/pnpm-store/v3/files/e8/0e2e80d81c098dc946eaa9885cf4d588d1021b13bdcf4e8e28569f4924f58f1e37bcca35bd38308f33a681cb94de68a898b5bf86426a8b7697d4d2a7a97904,common/temp/pnpm-store/v3/files/d9/a2d094a950a449878a590fa326baf28ceebaf399bfefba0af596c66ac826d4fc9e6c45ba06f1881882a5047fb524386ecea0a6db549a8447e849b940796f38,common/temp/pnpm-store/v3/files/b3/5c533645f49126465778f087ec4d64d41e8e028534cfc443eeeda348ae921b5c6ecd3b0f201b985d160c190a02cc1bba83308f63d7db99b4a2315bd44a4419,common/temp/pnpm-store/v3/files/5d/2d2108392a20dea33655b9c76c2b280e12d403b04579552c0976e9d473315c272fbdff8feaaa54c1c32b179ac2680e7b7aaccdca97bcd9e434cfff6a0b9c3e,common/temp/pnpm-store/v3/files/a6/26cea9424ac418ba1ace4022fd5dd12e99103e867a7720041d9686d2fb1315d20f7fb7b73565317d61702da1d9922915d04ad8d53d8377c3cf96d35074f000,common/temp/pnpm-store/v3/files/60/6f2431c0d7fab6e7357c1f30857e0f9690be5890fbfe93b42a82a10972d3482a2d89e1a96bd578a35e2e869ed9f6184fd73812e7fd9361448d069e19d71e2e,common/temp/pnpm-store/v3/files/d2/d0c452699302c8920b652ee90267828cfe600f634587d2681ac2d229a9874f65bc435631b6506006553f2028081ea96fe31f87083fd4302ecfbbaaaf083fc4,common/temp/pnpm-store/v3/files/f2/e1e270c42c6efe2b4079b60f6478b23c5c8644aa7b79580e4df647b21bafcb2ad3ef42c56e87809cc0efccb483f0556fd44145564d889bf68e6d6dde1ead27,common/temp/pnpm-store/v3/files/ed/eb3a27a3bb3c75ef6a28c5a7e22116fd23ae1816be0fd18bfc5a8839ce504dafcc90ab6cd01cbe10d8404213b749a51b3cb46e24da0f6cb682a8aa9156f33f,common/temp/pnpm-store/v3/files/51/a4f1336fc7ff447e1f3ff44b3e26707be94733dab0446ffd90b98caea2d7131b2f42710ff704e1a2df59086bfeaa5a251b02fa6b7631831fa3f86256f0d395,common/temp/pnpm-store/v3/files/c0/891ff01c7d570dcc7d2ce704dd320895462bbe0781d90e4442052cfebb68278eb497ec44eced7a0bb421e18205bdb3ff5e37cfcc87b1e541f67a5b57662e0f,common/temp/pnpm-store/v3/files/ec/0562277bd9818c99f386281c76e3f6a717890663be4f1eaa101de3d31e04ad8d4b88aa4c59ca77795698913f7745ac8efdfd79446a2cdc92874dc231f3011b,common/temp/pnpm-store/v3/files/0a/6a0db1dedc4e14cfa484f0799e872f2a4e3ec3b39ef26e222bbb4f9062894f8c4f098cfcc64eda51d2465cf810c76c0af8926718f29831c6ccaff438a4e08b,common/temp/pnpm-store/v3/files/dd/65110e0d1fd6b53f5d8b48e64de618ef26e1ceaa17e3e6cc70d5d203d155539f485fa1a6aaf40c0c09628dad72cef72b48b4a096651f2b7b36d709b2ff23f7,common/temp/pnpm-store/v3/files/a4/1892088afdb052016dbf2f75529a58fe5fc292d9797916185c9098a3556282d3adea88f16c1ed1cef5c72b3af4cf0eee3ca5cbd5c2a71461d263a46ef7a5de,common/temp/pnpm-store/metadata-v1.3/registry.npmjs.org/magic-string.json,common/temp/pnpm-store/v3/files/5e/74242ec703c1cb0b7d8685b84c41efe2b139e7dc60d8a79565fb80bf192da0272d802fd2d16428ddb7c8de78e5fb26abed01118ec3fc81c1949ad07066ef47,common/temp/pnpm-store/v3/files/a0/d02ccc6c4e83517d2f329b1b37c4ef9a53753c536412f8f8ddeb045e2f4a58da692d7d33a2d1ca33db600a32ad6e286b465f93f3d9312c4650bec5c933f535,common/temp/pnpm-store/v3/files/3b/402f976853b322255fc957084208c72fb578ab9d868d3dc08b94d20b0fbf1968b3fb7533186c6fe79a35c04ce0a3e53626d96a5d20bab601ed1525059d4dd0,common/temp/pnpm-store/v3/files/7b/9f2f7594f6f8fd7e4fd1367ee0cb6a7b4563fbd2920a27263b9fabcaa8d14d8b7235e57cf81af07656cbb4fb907f942426c8e9d2ef84013b13546d8493db4a,common/temp/pnpm-store/v3/files/df/a15b703c95cd638ed24fc05bc967c7e0943d7767d69173b5c020425387f7ac7638f37294e83729110ff16da1b37084df8883907a1ebf87ed162ad01182f222,common/temp/pnpm-store/v3/files/dd/2349e6b7a7a8cd8efc5e98a0cc73c9a4ea5815f47c523c40ec91815a606c400dbc49390af0b403e129f9f6a10db8115d1e50c03d56ee4ae42c37866c2f97e0,common/temp/pnpm-store/v3/files/2d/d3233b201ff4a2aa0b31609c77064174a05cc3c2909ce9ddead8b25c4d24d49dc37f72f0c7a3989a728b23c69907b83899a3e770bc95abdf0dcfbdd400d3ce,common/temp/pnpm-store/v3/files/73/a8825fa5b3ed9c734112fbe85336561fcea5c6a9777a23553651b1720da995b07fd6cacdc009e93130d6466d2c4258b32b0c88667b20a6e8d7ff530f11d43f,common/temp/pnpm-store/v3/files/1e/e0cc594c847e63a2696df3d01bd2270ee50aa01fb0c6db374dca2f6eecc0cfcffe0a9f93d24a99086b90b3dff3d818255c2e1e1a8ea7bf4e3deffd8cf735af-exec,common/temp/pnpm-store/v3/files/a6/9fbb4bde563b075be967adff138788c4a0efb491bdffb38b10a1136f7b04460aa122013a7050f4b84352e7e8ae235021b1d8b1b9b3ca3ae9ea460099f678d7,common/temp/pnpm-store/v3/files/12/a7074a193cd49e1346da4cfb7b8714a41401ca16c00ca3889f5153b87932d28943bbb13f6596b2cb09a210d2acf85221a88274e588e01bc490fd9aabdcbf97,common/temp/pnpm-store/v3/files/aa/f7531c65c4f8c8a929bb3a05d469d47260ed9f25db74d9bfbb7e364d3c33730b8fcb543902f18e659481d6a308d53caf0c8dc862164fe11c7fca283cceb235,common/temp/pnpm-store/v3/files/23/bbcf3ad6996e1472f4d45644547f96738103ff4bdc5694b1cb34905d3671b48834e5916684385e119e7a1c916caff100e43eb6fcdf1edde1881bfcbb8e2a67,common/temp/pnpm-store/v3/files/29/54f497a5cd5d9d8c7f9755223e7cedde4c70e18f8ecaf9a9df2d2bb7cfb4c54d1f575d678dd2b46c18f0793ab1088027caac0ac9969085943ba7e601664aac,common/temp/pnpm-store/v3/files/f7/4d0b1545bf279f87c7ed00e08d01dd7ec51523a8a7c85be1561365ddf21f152c65c29d51ee32279f195e5c57c308a10a4c1fd7a2ab12f5719e49116a6ea4ab,common/temp/pnpm-store/v3/files/36/e08bc8b4f9b99436f9c49fa42495f8a6179ce629c9ed8bb46f6b18cb0897f44d8597bd4008cbbaf7162959eacb6a6328bf2fc79ed4afec29895b3b45c8ff43,common/temp/pnpm-store/v3/files/26/c28a9d3d3e295afa95863c755cd67ca725a0a310ae1c995cf0d7492833923c4b8bee529dccc8924098c920b7973de5e142a437f81465ff8703da0573e8756f,common/temp/pnpm-store/v3/files/44/eef9ebb19f9cf2d80cad6212cc5e2cba9cdae869da89d3c975baca03f1f559effa50f8d72611da0e8958a9f1f1819dbbae6a6b9ec470faabf32acc439f4f54,common/temp/pnpm-store/v3/files/11/76eb480529cc4d2a02f4e723cc1bf6485ee924d0e306c53941ccfe1e3cba29df4974755b7acc5e231283c88c18b736a6bba9710b2f827fa7cb06a47617415a,common/temp/pnpm-store/v3/files/27/51091f4d7929acd7ceb538462ef47d0df61d9f14b081a0bd5d0f0156adf81d88e197e7863235ddf54b14212a36f65396c59d08031a6d458c4ae2a82323130e,common/temp/pnpm-store/v3/files/bb/48e507cd2859520ca2711e55ba8f4b287df50422068c3240766cfbb7be009fdaed63c07c2e22d5ab141813c1f8756765c3b884c317c4d68cc7d67cffa1a6a4,common/temp/pnpm-store/v3/files/9e/1400cf33a483562597e7fc9266d0e1cb8ed9fd8b77ae06aaaa93584e04220294d2b7014ead3cf7d2d3d040d5f27d25d0e2a5f469895d22af030b6dc8385ca2,common/temp/pnpm-store/v3/files/ee/7520aecaa07689011f7fdd0549cbeb955df6b5ab1de65d982d9d8abc6ecc0fe733f8db3084fb65ed07571c441dd16f78b019c8c3eb7df711bb7f63ac420f7c,common/temp/pnpm-store/v3/files/6d/cc40c5e7cfb03d01d582d8bc65ed3cda542b733c992d5a52999f22f68fd4207febbb39753ff28024455feb9a857e50855045616c2e004069b14692d9a1b2c0,common/temp/pnpm-store/v3/files/ac/3a82c69b9239e78f12fa090f1819fd598857503aa32133ed33312c7409c9a0a3b20a1e85a051ac0136820dce4422055cc0c297cc1013ecb3674c0f1cd9affa,common/temp/pnpm-store/v3/files/19/81e196b7531e14b3db7502f5d8b1354bfa6d97030f44c3460eff310138bc433a928fef47b6a7020e266f3f74c3d5a1a93e52d40563aabe03223041f8a4e957,common/temp/pnpm-store/metadata-v1.3/registry.npmjs.org/tinypool.json,common/temp/pnpm-store/v3/files/5c/7c9b4d4966ee521c18fb3e265ffc5f28ce3c26d36aa25411db39b0cab5e043d693c856e171a8be64840a606e48e6e690a8c1b69887921801ad6b6c5a073e75,common/temp/pnpm-store/v3/files/ca/83168d9a62f95c76dcfbfbaf49787b8833548a02442776d54f5ceb2ea5b4affc84e71efb02c2e2ac7ef616c75c396799a50c72d3be5d08dda532973756da94,common/temp/pnpm-store/metadata-v1.3/registry.npmjs.org/vite-node.json,common/temp/pnpm-store/v3/files/49/5a674b0fa70ff6abda95a71fa6348ef50640528fa85452076939199cc9786e1a4a63dfc6e5b661903a14eabf88af078881bd63781fb63cbe40dbe0b132f6bd,common/temp/pnpm-store/v3/files/f4/369846e79a9d681c8565d6d8bfce2770640ccc37fa15c7e3b2d64386cf7b58912de19c2a62d7869635c090c6e3edc33d40d433673f2db92a9e37a0c1f9a79b,common/temp/pnpm-store/v3/files/94/050ca2438e4ecddfc9c92855a062ab07ed20b7bed9a75d0b7f01a4a1603487eba7a7b98f961355df1eba021b2f6711ead80bf9e8a28b84d13e97e61000287d,common/temp/pnpm-store/v3/files/09/fe6815e20009070f22b102675de4aa6ce369ac1ffbee76cafb562e3c0d406939936f5c37df0d57a022bd100fe2bbdaa720c8b335e5cf39071aced3c542b3aa,common/temp/pnpm-store/v3/files/be/2054742db1d2bf582099debfb9e110a79f94e5c476956fa807dd430afe2c243440075a1d24bf54b9d5cb82c5b0e1e2da6b8a7c78fe3838a2de4566e0f2bbdd,common/temp/pnpm-store/v3/files/f0/9bb2b76d8d8a0784221dfe8b885ffa8b1f5d1c15640937619a5b7507868fdd71c6ec013177794b2f703af641428400a34325f5e31f7f359ba1c097e08c9a2d,common/temp/pnpm-store/v3/files/7b/d51f28eb405df7fd1ec9e739fd15eb87445c26dbb44c5e78e1656812d682fe378fc727265e9d98955b67d725fc7b6d643418e1f101834640cce5937d3d3285,common/temp/pnpm-store/v3/files/ba/5c7b5b467a7502dce04d5baf90a3c0c92adf38dfddeeeeb50997c73bf1ae5c7ac17223ccda01c2bc767ebdebb9ec7988ea9742d77a14de20e499c18977edba,common/temp/pnpm-store/v3/files/26/1e82f25037260403f003a9c7f7f7cbcd9433a362df2c319dbb6b6d7bb1a8d42964309f47252f27af00a839fd8bbdd8bca9bb251aac4ba662a56ce89115ca99,common/temp/pnpm-store/v3/files/6c/5939964174cf8916b7117e2b8b657ecb1d7f0d13aa261b12f7c136bb1db51a4d810ac2c0799cc77519e8a27a8bd3e903b645da32d187e3b7bbfd0cfd020c69,common/temp/pnpm-store/v3/files/0c/d2475cb71ce9f351ee71986780c801e53a328bf02c89089a98252a178b14f946eebf4125520e0ded9a3c8d377f5e4a68fcb5dee0b1808ba255ddc18af21f80,common/temp/pnpm-store/v3/files/dc/c3ffe780c839da4a5fc0343ec8fdd914b4b6d637b49069eea70651f15a232e44531fa5fb7b25b5756dba6482945ed3c40aeedeabdf5e1d67042b51967d6874,common/temp/pnpm-store/v3/files/53/cfcd90b78ab59bece14082f7047ba4abce89ce397338ac220963728d5ef9c190a515ce5fc908d1c9c21ab7e32c51cf588c7bd9aafbff652fdbcd8e92db16f6,common/temp/pnpm-store/v3/files/1e/8e53be0d367303a620a0cfc2923a0734a887247691f9ec6821d630da1471544951ce6df9b628a2506ddd7c297691164260ab6f593e6c00fdfe106c7bc2f288,common/temp/pnpm-store/v3/files/e3/4dbe0d3630fc38ef821f1c915a835afddb1c7cb3266f755fbfd9fee30d37a760004ceb6a4f8a701fe4a5b372313e12fac06499c920e210ce4cc79e7d863f56,common/temp/pnpm-store/v3/files/b1/e7a64000bc3aa785e9a7159ffb0b3cf29ff629677583ab272b4fe1e83dba175384093f52d4970feb6647a775635352f559696507497d5d9db308af58601923,common/temp/pnpm-store/metadata-v1.3/registry.npmjs.org/@vitest/utils.json,common/temp/pnpm-store/v3/files/a7/fdc8a6d3965c2f7679a40cc59e4466f183a918a0ddc9a9732035bd1ee04902a7fd23bd005dc24b6032263edd6e9ad6a8cdbf2cdc86e1ed5757beaf6a65292c,common/temp/pnpm-store/v3/files/40/ee6081d0e478da32a0f64a438478220a60dfe6ac42a937ed4445e7a646848cde36109e230c463bf2f1599f33f2515e3cd1b72ad3557235fff9612334dc4d15,common/temp/pnpm-store/metadata-v1.3/registry.npmjs.org/tinybench.json,common/temp/pnpm-store/v3/files/20/9b20a9d6e358445979c7a9c3377a349d39b895a75a1f08622f5ef8bfbd702c46407ff256674873f128f4ebcd833892afce94ae427f580b740a0a9a0d39ee5d,common/temp/pnpm-store/v3/files/f6/4f6dbd03472272f4c38cbbb0cb637d240c587a2155a8d157ed1e36a8f2b1b7b0fa754df23787bab1f03f2f72ea76497debab5fe0fb644d80f887f918db46d8,common/temp/pnpm-store/v3/files/69/d2b934bf7996b4a610edbf66b0a457fbcd7cc1d4e6161dfdc457f9378cbf9fe9d17882b1e4ea59f061569fd6e5f8d9544a74743539343c8b691071d71ab6b0,common/temp/pnpm-store/v3/files/51/9d8cfde3422292df07e234ddcf5a87f47bd546808d2c08dce6417a2f900c22d2bfe0ff8b05c8c3824675f25e6ebefd3c368b5b1b43d748b55017700baa87e5,common/temp/pnpm-store/v3/files/95/b7b34f882c0e6a44973f57f44da42caca86abf578a243c293b7cce35d769186c1ccd38c0797898d403f880a05fef9c48685681d763892bf96ffd8431a94c93,common/temp/pnpm-store/v3/files/eb/447657af070acf47ca2a3763098a59bc5fea22241ee3b9c39f346ae7c67117c9d55d9451c9b8535ec0b7b2eab4292a91c54f826036f5621bb975c261b24084,common/temp/pnpm-store/v3/files/54/636db5f5cf862d05bbca2786ebe00cfacc9c6664e1816bb74672f92e81b8308853d8299a6a687b1509b515a308cd76608885ba6ffb76fe00e7e057cd527a20,common/temp/pnpm-store/v3/files/e7/f47eb96db3b7533522163a656ddfc5c7f6e15017e7216795f15ba32a1c051b6d4a42f02897bb75ea75150919b7b1e1f667daaa935e4d12f374e311ec61d625,common/temp/pnpm-store/v3/files/cb/c2d6e9c671f5f27dfb790d59c70125bbe95b7a210327a2877ad573ce9fd524aa273b4036a41145b0a671b269cc42433d74f6f42a13877c79c1173b3cdf49f9,common/temp/pnpm-store/v3/files/e8/f6afc3626950d1db97671ffa041cf2ebea2227ee4acfb13b47a36f94978f48ee4b341b86fc84bf869dc56211037820766e1bcd0b878999d02394032b357c11,common/temp/pnpm-store/v3/files/58/9477feec8c23d01dfe9ef8dc3b2fb555f9639525d00a8422e23ab10c0eb8dfdbaa9eb6cb509572f7d4d3194ef620c6a2a144905fbff9619b8058249fdede19,common/temp/pnpm-store/v3/files/6a/431d994cdfd6256b7b8017b0ea8a9d1d0fea672b27e7d1c9830537770fe074b54826c3e48ef4646495e0e5b984cf58215695ce0e8907367360bf08c08d412f,common/temp/pnpm-store/v3/files/6b/57bad5505c4738088b2dcbf3c16b2ca0f6890acab76091080303301e3fd800af3329d5c40a6dc9b18c6cf0e90c5acd441aa3f954fa1598e432d2910f4c2275,common/temp/pnpm-store/v3/files/5b/b0e6f66487512320d9c9d6ca406f2063266cb22a7c6939afb446190abd450cdc772b6575861c90953194d7688408625aed6cb925c55681861b74f2f2570f48,common/temp/pnpm-store/v3/files/f6/f2125d57f1bc390f18a94cca29dc611168880aae1df8b48918875038011d1c65302870f89f0c053d324ad5685390f2c21a2398501a3cd07682fc803f78c7fa,common/temp/pnpm-store/v3/files/96/041733ed5cad16b3864d5384fa3d97eeabd49b82a4842cd2bfc7dbf3a69d3843f9380270233185db3e41bae01ac2bd94d0cb97a39773615c11cc2ed912c3fc,common/temp/pnpm-store/v3/files/e5/8744166a436bcec3cb64811c050a8ba93ae7f475f85ed56dd9acdb76d7abb4e70ead2e5e32f55968bec5ebf03d64404bb9de75bdd9bec67a32062d26a3b89f,common/temp/pnpm-store/v3/files/ac/41267d57b20b7862d0c1aafa9713312e8112f8348d312ee4eec3198a90b83d45286eb56db1fbf48913bd7ad9675e5c2e971cc0176f67bca4b0231b97bdc243,common/temp/pnpm-store/v3/files/ee/b0aba4b65f2c1a58ba5c9828b4e59f137199d8d11571460e23e8323e601e23a9fc52d5e3940120f98ed1ec29f11881053dbfd0d77a7930feb15ddbaf89e7a2,common/temp/pnpm-store/v3/files/cd/16b89dc6007d743f2b62cb33d9ecb36a413b5de6dc42127dacc70431c9eb14d2afaa7bb93638e0cc32c333decbbfb06ec00ab4030e363873c3edee524d39ab,common/temp/pnpm-store/v3/files/4b/0db147ac7038e4eb859638f2e4c1c5bfba5645cbeecee7a29c7cfb599393e96ceea1f558a68f004923787d43784399b0867aee1c32a6fd7ec6df9f8155fc3d,common/temp/pnpm-store/v3/files/44/ebb88a68c9673b3f3433eec5b164f4bcf3f90e83f61782ba58cf4231a4297056b5c5763ac23a78e1395c0b24e5a7c63b22ea26d7687f619b660310d31cd954,common/temp/pnpm-store/v3/files/06/7fa313522285dae07298599b36530fb01930b665843972168a60b00abdbbb5956cc68eecf735c6c2f6ea325243cbb6c829031c4fef880cec957576ec8db37d,common/temp/pnpm-store/v3/files/6c/26a7d7c529e5e8d4fd73ab83c3b823a901c3af423b77188f57b4635d709304332db88cbfccb039dc679d172dc1eca14f066fb1fc3584ced114afdd0f947ea2,common/temp/pnpm-store/v3/files/2a/33b50f8b85b3487a8098b5352f0916efd4b06e74597af740a90ba56e46cd7cd6a97cea85081549b051ba365740e24e3ab929743e77ec40ec15b3904f3e2efa-exec,common/temp/pnpm-store/v3/files/2e/36f57274894a2bc63742ea5ddff39836d610cd1134d836b75416fd7521625fea3eacaeec2b2a796b6a4171d5689b1e70b3ee0e86a4da825c64dd90a1120e6a-index.json,common/temp/pnpm-store/v3/files/0c/fa81e14dfac71255b96beb235cfbf551f7f2f00ddd61f687b8219394ce0b07c6992454715a2a7c51e53a6a28e81a935f2e96c11ca57b85a32a518d4b0356ff,common/temp/pnpm-store/v3/files/ac/af46c885d7a0c22cf8f98207acd3eccc6bc41c567f4bcce86bfdf41bbc2e0dd5a71c002d81287de92e4c760fb1786800700bf92f08e6505da4fb9ad41d5d0d,common/temp/pnpm-store/v3/files/92/38cc755907f0730f81d79e9a0b61e68308de460421b0e5a5354deb5c9cc6ca620a9ffbe2cd7298bd48ef038c33b61fedc3406e188970c0fc41d05665d6f814,common/temp/pnpm-store/v3/files/61/01fa3de3bc14137e3d74172900142577e81af61e98f80d5007516c8da55f0432c17d8547aa6d89adecb0c50cbee906fc094536671a904d25c82676e4a5f366,common/temp/pnpm-store/v3/files/1a/1a54f84c23f83f30339e1ccd952e3a3d24f18162346e89543cda2e0ba758f5a87d91afc1a36baf188a13d79b06752a15c13b93289e25755d10daf852943fb9,common/temp/pnpm-store/v3/files/df/9fceb62f668b6204838116075aa0f84bae0deb01f5f1e3a6e37a6c23b063a373603466a01deab67a5c18bc3d65a1bd6ec6b58ce637decaf82d10d5299e02d0,common/temp/pnpm-store/v3/files/de/1c76ddbe5ba86d62a8f9bf727747ac76f63a0829479e08973a6d6a67196af3ec0a7da18383b472166e6327b81de6b2ec7ca832759167f63376800477166078,common/temp/pnpm-store/v3/files/e6/54a5af6b61ab262811fa56b4ea7aa039985c724bcdd154697e952e819480308e0cdad19f3e6852250d1e1912c0cb5bbeed03f9d879140a27417974ec8c5bc7,common/temp/pnpm-store/v3/files/ac/a7bb94836f30cbc95b4779381da4c6951ea52cf639763ff58a3108c8a3e27cd7a6b2968b1b9c84e06464baa469f48960679945628085072535c470061d8644,common/temp/pnpm-store/v3/files/46/179329313dd26d49ba5015c0c1b6e7b2491087f02f7ff1bd1859d9533aef0106f0b935cabb0d8329037e3b2876e25bd1716b958f19ffd2cdea6238bcb1e077,common/temp/pnpm-store/v3/files/46/e3e64888431388518e0169226cfe453ebb34a1387562a47f365dbad92a17c5846d1b9047780a68cdcd601a0a08f283e6f56c9c11d3ad6fba81333d0c78b8b7,common/temp/pnpm-store/v3/files/a9/ed5bf68676149de7748f7011321c2dfae8b59bf5a3424ad750028c73f72b9e45dbfac82587e405342e68835945aa1d91d848315d448729dfe60a7adbd506b0,common/temp/pnpm-store/v3/files/91/be590c284eacefe8e66a293bc626f76fe956c87b1d6a70c642c10633d414f94ede5b0f1627a28596e24e5357467a82bb82c4af9613826185c5ff5eed052fe1,common/temp/pnpm-store/v3/files/03/9caea7a29daf5d7abff42b8746f7aafc8d368fc4d4471eaaaa57adc08392070f3f5e965f98837c38342d6de1caf9d540f4db3b6e084f9d1fb4717f702b3957,common/temp/pnpm-store/v3/files/8e/d3df05ca429c5bbe61cac01854d38cd59429f1bc2962417df1cf3ad61444a114d9a075bdd260252d1e859a9ab91d3bfe896e06ffb82f2fd8550d53e5d7176f,common/temp/pnpm-store/v3/files/60/62d28db3ad31d449c058a21dc8be4a4e8c1f5ba589e425e5f374a0a9a4f8d733844ef3c1bccbe8abdf5e44bee8859744789c27eecdb3e1d63806d420f73d3c,common/temp/pnpm-store/v3/files/81/018f85d010969057996305cdb9b7ffa626ceeb248971da3c26607b9eda5a30ddbe69532dc32dea81a188ed0f644182c47561a5d9a7d005e7dad8216a7b4ece,common/temp/pnpm-store/v3/files/26/30b25353b67c3915ee759aa37204281db019103a673a67ecb20a4c983590222347937b523b8319017e43749b2141e224f71d7cb656877c103b0cedabf48115,common/temp/pnpm-store/v3/files/4a/f1ea6ab7380f1797e4b2b059edcc49f9655cb3a148ac0fb55a908e6240ea5deee460a6160a36708387a1272d1de1b47f9ec5db1e212ab7ec169d5f98c504f6,common/temp/pnpm-store/v3/files/0a/3761cdc669ba456594f69f43ffd48717f675f22cf43cbe179e774a0119025e5a95bc7570d5f48a02918dc590da954b6688b766009a8d17254aa1d438f6a92b,common/temp/pnpm-store/v3/files/c7/914f537643e231f1de86c5e93fbd12bc2b2c32705c347e6cefbc288c45e605d1666b39b9aa665d7ec76353f439fd75055257d629e68826570b2206de56292a,common/temp/pnpm-store/v3/files/2b/84c8cd88ce0e7715263385d7ad0a5d4dacba1f5fefdeec92cf74c6c9f927b35008a709d89b71fd3b913f93af5efa23c7773db7b12b7b440024217d21ce5127,common/temp/pnpm-store/v3/files/6f/6e074bad1b3fbdd123e3e7590d47671f396d4ad0baf73ed6885c7f94e677bbb243e8484af9cc7829cded17bd98efeceb0489c86c004da78a540275e7eb214a,common/temp/pnpm-store/v3/files/d6/2cd91c1850785167fc4de854ffbb5b230f83b81825ff464d9dee95175a4f940e125addc436fae891678c018fc913d0687525038823ae2e8078ebf4ac64d2bc,common/temp/pnpm-store/v3/files/33/d07e7850e1ccf5508b3553f490cf8b7bc13242a994e948405db6a06a2f3a878755f28737b3eb4b29a1d21d388d5643c9b7ca5e0cbca3553e2fe822898773b4,common/temp/pnpm-store/v3/files/d2/a0d087101ea00dfbb77cbc21dd89e20420f2d821d705412f0c244b91bac41d170343fca169f01bf63ae4716a63a3ca5f256a66dcd0cc6677c4813d10e8932a,common/temp/pnpm-store/v3/files/26/42e1325f07394e7b272429972e4df58ae6b8b14ee082b80d3ed1b03a1295e74f4310852b03383ab58e44e406330172794fed09a22cf47d71f401eca210dca8,common/temp/pnpm-store/v3/files/26/9d009ca03ead242699bba1b68bc199becca647c0c973f0d02341473d5a2c5144ccb32cff6ee198795c2b666859527ac2bb092af7830df2169158a09682566c,common/temp/pnpm-store/v3/files/0b/46e6c7650e71dba809c8fc043855a933ef8c8252e4c396349358ae42908e2e406d2a152f9837f94dac414173198bab9b208d1d6be5432529a95b1d37907bdb,common/temp/pnpm-store/v3/files/e1/b0f46cca3c0e176ac2ad39dca11ee3949e66c7b70c20377f74b37e50dcc34398cca1628b61ca24d744b5604ee10faf1f8e0057117f095ddbbfe409aba9409a,common/temp/pnpm-store/v3/files/ba/3c6d89e88726f88fb3e198f5bcdeca650413a3a9b8bc6431a0b7ce2f8d111c4cf37a4244a82362214dbfccec0e29950fe9a0b00a77fc7ef53f0b06858bf374,common/temp/pnpm-store/v3/files/16/29c818e2f04165d6fdd19e7795934b8c598605d1a63f1d8b8f9800e76a94de594a46eb52d3af236e12ee62128681c34a233cb8839d185acd562a839339b5f3,common/temp/pnpm-store/v3/files/14/004d16c195663cb27987c2af544359f561ab88614794b2c6aed16b31597477b0ee6225bcab7b1c7c119460fc62c5657516753e87a33da82ac4acb6733cd08d,common/temp/pnpm-store/metadata-v1.3/registry.npmjs.org/esbuild.json,common/temp/pnpm-store/v3/files/40/0e081e207db0e5e54099b895a7b8a086306ffee4b1c35fd099c4ebfb5fc735f19e6051d5624cb9987484f427b3478f7b61db4635c046d5fd3687ff7408b0e0,common/temp/pnpm-store/v3/files/e7/c1d688faf85d1467c2194fb2e92b39190f2c02a6550bd927627bfedb5ebc2deed0041c826a8228287c69a03b77285a5669a23e20a7503503a3b911d6c1c529,common/temp/pnpm-store/v3/files/6b/108e6abb5edab302f6116d1545069fc226aa052371c805c6ae1365a35366250d4c4d11387d741905beb9e678e894fefe1f548dbab19fda2c38b4238d861c91,common/temp/pnpm-store/v3/files/c4/bbddd62538601e0d80257d67a688b5a1aaa49f0291c7940b345a6dc5478c2b0b089cf108e52cf5b5d3198f08f87b5ce746be2a65fc131749f47fab4b53f76f,common/temp/pnpm-store/v3/files/22/dfade74e2295cdb67dbd6d31ed46365984a081fe1e0cb0a490602e9cb10215d1f2159e20aafa18d514bad6fac734a927fd0f2f1659d868f7c345ddf9fac0e4,common/temp/pnpm-store/v3/files/a1/9c3330f0318591f9e9f4bcfc7e715415fce6aa37b6d7bb14f0ca6eda9c37c0b4b0bf09d5ed6ebc9d9f4dac2506dfc443306ded210c791894da71192e46c92a,common/temp/pnpm-store/v3/files/4b/3ad5e14662378e8b0f46e967d931a55105bcdb5f42962b9acfa11de4c22a0a13c153c921b75548104a8484a423f4862d3683ccefab13e4299714acf13009b9,common/temp/pnpm-store/v3/files/b3/1399f9178b75469fc8b32ca536617b38989945234c3d724f13beead8efa41977a40fe3841d6c1ce24f13e9da680d7e62323a45ec02258c31aaace46383b53a,common/temp/pnpm-store/v3/files/c1/8dc75e924a1e3256bee4c9141661e47609d0918dc86f795cf99e45781b6ba1311989c35e1a3bfc90b7b666434ccea7e59de9e1fd3737f7c362df285615135b,common/temp/pnpm-store/v3/files/1c/41cd7db6abb3dbf8a60a56e923b52923e47e84b4c5538cffd53390996d8e5b0766625ab3183c69792e65aed231ff2f28620186952c3e5b904aa849142a9e6f-index.json,common/temp/pnpm-store/v3/files/d0/6f9b6ed113046357122a4a955e1e1e965be535a97a144dd281646940fb12c34d5445a248a1cae427efc2677eea2d522874d96afd8495323ddd504ef8e63f96,common/temp/pnpm-store/v3/files/ff/bdf0b493d414200199982476508bbca6e3c652689fb1925a415c13c0cc4c1a8642e4c580a753be5b19283dd051f70e1a5e7731ce0850df5b916614d34749e8,common/temp/pnpm-store/v3/files/42/02ce2180671234bb56a9d9e2bc4167987a0d26356610ab65139cb6f072cc227b9ede2b0dfa19c4a726e9ddb74d7ed538bb563eb510025403c3c5c112e14920,common/temp/pnpm-store/v3/files/9d/df284eb9b4af98687bd7e240a397627432e19ab1650546874925ab509f8ae7d82c65c41bf7e863e48c04f3637cc391f2ad1b7504c15f9836200f3078b7a619,common/temp/pnpm-store/v3/files/24/ec4ba5e709c9d369c4c1b65becc30680f54ab3d6c52c07ed6a58630f5608edb67eedeb94c50a1685cf313a813b7f96ac9eb9001aa42da8a07bad3c8c40a340,common/temp/pnpm-store/v3/files/d1/abbc14feaec9dadc705153f2199b6b04c87cc222de34568f3cc17c4d4cbd63f035bece48122dc3128b7ad235b317b04217bec70b814ee3292a55d9e6185aae,common/temp/pnpm-store/v3/files/1d/eca7fe20925876d665e34dac56f720b6f92841af2b621d3b6eca6458fdb94ee636ccca5f04931c318dfc81327c56b6654d1834b08613fa3ce36ded07318ae0,common/temp/pnpm-store/v3/files/61/94ddb7360ae8715de5a18054aed6463db07031f8efde8479826e7450efd5f5d880b05c686d339465e64c1849145cb0cd843dae2225de440227442389317994,common/temp/pnpm-store/v3/files/f3/2afb2f2de10d280c0293dd0d7aa03b82eb9b2ddeee75f4d11043e9d112585cb814821d08538be0a5876e4a55bdb9bfa79b1f0d03fd8c4514cf0301d3f3df29,common/temp/pnpm-store/v3/files/d2/f5dc6a50d83a4f8361b4bd1c0c9a947167cfbafce673b0028caab1f783e5e8817297e74eb6f6e23d53203b240548bb2827f6caa06c5239728b8ddd7aab9b68,common/temp/pnpm-store/v3/files/bb/0e9a43c038c112cb79db56b682aeb6bc63cb3620de9379f73e5c9771ca31508e48ce24c41e118410f904b67f178400e759c41385c0c9c451e3a642351f6e7d,common/temp/pnpm-store/v3/files/81/7b2ddc4a6d02a3bd17d4243aac4e45c4824b33dfd7d165f9b66c0db3a38de5eb5f24cd38c9cd12338938794c1b6a5535239f82a73ea9913c49cdf1d98cec1f,common/temp/pnpm-store/v3/files/e9/5257656dfe29729d82b1a0ad782d09fdedf71627e7c9871eb34278e63f0c6d6ae6ee56e7d278ec3cd4da86a681d6cef47f948b5d9f597488528b89e94b98ae,common/temp/pnpm-store/v3/files/b0/6e2c2e6173559ed9e01d6027bceb5809f1cc26ea22c1a75e9eefd9c5bdeb86d5c36d4e450a851fc7a63a771484c3836920e5c4364b9bae1ec0083e4f6051f0,common/temp/pnpm-store/v3/files/cf/844206a337cbe2701c3801ea510d0122419579824e7e886db979716a42755c66ee36c0b54deeaffb10c6994af5f616ef5b62e522a0e2ce71af506bf60d9315,common/temp/pnpm-store/v3/files/24/243d875db500b03cdec81388df89f3b23b7fbe18251e8e86e7a4d24e0237a3496cab7ad6f3b7923e3952fbddda8ec494c33fe1570be301429d4a0a747be47a,common/temp/pnpm-store/v3/files/44/25bb511d7abe8f0d94595e13ff5a0c95636271c78d1732f25488b5458238ea45c78b870f0a1bd71961b36a176657d0b5d71963746721f1b7ae7d82031402c3,common/temp/pnpm-store/v3/files/d8/f6049807d033ea098facd6f4a2d304a34cc832836038a6c561e8a8f12140eb66b90a49149725269b1293146772b84be0d4d1f517e9dc9c88717623de28cfbd,common/temp/pnpm-store/v3/files/86/1fc215415eeb0f8877654debea15f9a84cbea72971a583f43aa4af17f76d8c8bfe0cbde5296b8247474e03e44b3ae38f5b8dcfbbc24d5ef1b914f204510c2f,common/temp/pnpm-store/v3/files/e2/ce9221855a657de61481a1124c240ea6a2f69d87a27e2b259509f7227618447339853c71d58e5eb33a58bf6ab8f4e5ff31f654246d9f47a7ebb27df0dae809,common/temp/pnpm-store/v3/files/62/479b583f2416c534e4fcde34e8963e7f195f102ce3d27a6c2d3aa6d97b28fbfd2584746d75c3ce3dfab1d9ee5dc9827e0b8cad97fd85e683d66613597fa53f,common/temp/pnpm-store/v3/files/82/7def626392a1c4e01a4c17ab0c54d19593c261ed8f919678302ed7045c25ba21465ba5e21825dd7c5eb5fd7da5804672b8b4422876df5c2884e29de32dda41,common/temp/pnpm-store/metadata-v1.3/registry.npmjs.org/@vitest/snapshot.json,common/temp/pnpm-store/v3/files/c5/f399ecf9f36b0eb5f6a17d62d8be6b1ae7e268eb9ddfec9f5f56df1e30765d23936ec29b22a095eec9908c79df80aa2728e92417de9c2d4f9b46a7996a2dbd,common/temp/pnpm-store/v3/files/77/c9c52835cb3a3adfbd7db2b0e30c1fbd2599de89ceb2423140ed4ab96a44436bef072120003da3584c5fa8b5c46fb5017ebe3767db1aa00a925c278f1f30c4,common/temp/pnpm-store/v3/files/12/70980921327ec5190d9774a3d7f1a3a97a6bd3f6afba89955c90d208be9c40a8140132d4392bcb0af7eb86feceba0f504d9cb9d4f76b28dffa4c6ea326e0b9,common/temp/pnpm-store/v3/files/ed/6d045e7ae5e9e544ab671a0ed60e4b85c99400b590e4b4af958d88c751f45b5c6d25b1c53c330ea3cd35117ff920ba60f375f3f0a3ea0f170320efd7399ce7,common/temp/pnpm-store/v3/files/e9/adfc48c47f9b6fc00626212d1f1bff0f33cf88a1012899d8ed877448d75620192024953e5e6ff921d5f09b860e25b46b73f82d0dc2c3ea56e437d8b52a7250,common/temp/pnpm-store/v3/files/60/05e47ef1adb93cf059b0d20027494a0e00e0366202a72459ef7465aa5cfec117dd7bc7730d4d76eaccffaa1df09db4eed483a8d6d2b2074269c060bc9285b8-index.json,common/temp/pnpm-store/v3/files/4f/a02054785236484b0acfad0188be8ebddc861ae70f46618907443ed7dda4f72ad5f702eed0e32da7c588e7e3e17e040ccfa4bbe2dc86a38ea2b0af8ce046e4,common/temp/pnpm-store/v3/files/e9/9920c95cc513e88dee7d0817abd04667793e959f9299409a480df7596ec25186465f478cf22595c8acb14ee8ced14d791f3c42ee33681dfa5dd4510b9cbe85,common/temp/pnpm-store/v3/files/93/9a1ff247736e9abd3cb2ef4d5ee470937b54876a7975042e2e0635693ce46f6fef0c3c689dc69a3a78fc62ca648bc0cf6c80e7537811445f6c98a06eb9fe08,common/temp/pnpm-store/v3/files/2e/2aa1b381710a7790f77e75deb2c26974f6878a1e406e7fe26f322825c0e0c34158cb67c9a01c8da9608690d1e85da59056ec45655520b4d6071b646351b1c5-exec,common/temp/pnpm-store/v3/files/6e/66329887398d4c17b1bd197eed578eee2da0ac5ac748c77e0ff979b81958c1a835a6e1fbb2e0e4682aee6763c191d5aff6c78b68b19b3bd00ca49c33f68f4e,common/temp/pnpm-store/v3/files/b0/dae08a2f76407bb00c236177c5e5e352d59232361c2c61d44d6c5ffa8722289413f04687d32920a2eadca10a7cbd944de28be05b0c5d7f59259063f138e890,common/temp/pnpm-store/v3/files/2e/f7226694fbcab53039323a791a8df818e340cd0dd0b0785942ab406942e88e533e2fabc64648f5278e2f9c7405c044a1bc60a78a526de2b81019efd739a5cc,common/temp/pnpm-store/v3/files/f6/bac0df431144fde0043dc74c69c2e9c0c5a5a1359150d6c5682a58950dd11bc3340a3e373ffd1b107e9c7387d227db545cb485203557abc50ef9f1e7895311-index.json,common/temp/pnpm-store/v3/files/31/1764a58bcd44e286665f85a806cf5060cc509a1f917ced6f49a8bc0b87b150076800a6704f5b019db92b974aa7dd02d7b076abd29465a29201ebe1ab5d5f8a,common/temp/pnpm-store/v3/files/d9/f4142544b58629a38b0f599de8445995fe6709576c1a6d9b8993e186c49d744be7d8a1c9be3617fd280a61388e0a9b76564eff8487750a0c34b9d538ff142d,common/temp/pnpm-store/v3/files/c4/4681f93046c28c01223595032807dee084d14604f2253563cb3b592917fd0bd422b095ba17e6e49d08d94cb3015b13b23175fb9456a90590f247dda6e468da,common/temp/pnpm-store/v3/files/45/d34964aa500c7b7f82450c8906495bc324c1acb7656346609bf95a9e60c57448adc29aadee41499371c22fa00e913366d290b08eba5469356bb1d64d462a68,common/temp/pnpm-store/v3/files/75/e0599ae2c9cce60a79ae155ae777bc29883e3b70d6d479f102203d1c996fa072a0c7e2f33298e825e7ea1d04152315327b24dbf3f722f4afc9d8d83f21c06c,common/temp/pnpm-store/v3/files/09/7d2f22594132d377f178e2fb0bbccc0b6846f9cef8068c057d31da51db34068656e78b3fe3a08b35706846bdda087d87179621aa498ffcb455a75092037be2,common/temp/pnpm-store/v3/files/0f/d0ae487a7419482225d43effdb5a51c47d384ded5c6e60ea1e28c0073306e76a4219e16685510cb603851c8c7de4e7d8ef24a7dee68b7a76386b2f5c53eab6,common/temp/pnpm-store/v3/files/95/4f85898fec0458917f9af1db5c1b7e5eaff25df00e9f27ea142774b2b90a3dade2a8a60653a2eebfa28abe7b4059f89c0de48b941f5deb2610d86f07a0f857,common/temp/pnpm-store/v3/files/14/4694b417af33d29c1a5e8bdcd0fafd2ceabe7b11dc4783eb34f9e89a2405b1d5e8887ecf61b25d66229f5a0a8171362e1e230260dd3c987f15d3c974dd0a27,common/temp/pnpm-store/v3/files/f2/4d1bad80f1c0aabbb9d959dfea594a3b2af1d9beca36202191a203aea0afd63d9aff445c60aac851226269df1a3b7f501463136efae2c43a53f6e1b6d7d1e8,common/temp/pnpm-store/v3/files/f8/25d135b92d6ea44fc35a5c8687c914ce5a6b4add077217b730eb168dab8243cc368bc43e54a7a736f564de633e30d416bbb0d0c71391d219513657f1498572,common/temp/pnpm-store/v3/files/f3/e6e612c4fe3d15d14cb39440157d915f5623aa1c5462c4a92a85718b1de848bf73e343a7c1ed28b2c29b1d10982c224b8d8af921574b4c1d24eafa05f83ce9,common/temp/pnpm-store/v3/files/47/e383a6bee99de55997e5c54374dd8d39f63c1dc6776635d0e55a43a6f95e7d9fa405657f82bb540869277dccc2f220c62d5be224fd152d5d1cee958eca21d5,common/temp/pnpm-store/metadata-v1.3/registry.npmjs.org/@vitest/spy.json,common/temp/pnpm-store/v3/files/e0/e21177eed80f37cb00ce517c8afa33b16982180f93b92e1e9033fe2913fec5b737d5d095f3003d60c441222cbd7b5902aba976dd181e36f519cdd6f107c8c3,common/temp/pnpm-store/v3/files/37/0fd9fe1e376f876c99f249910faa3e1a57ac46d96307989534d9d1614630a72942d84eba2a49484385d68082bac337f06e45fcaa14e77080aab783d40a6743,common/temp/pnpm-store/v3/files/81/66e8557b69c95b1e40aaef55434eca3e343de4c695bb9701c76e660f495564b4c0a04d171edb599a9fe878db2402f855fa4727fc44cdcd0d01d774c15d6c13,common/temp/pnpm-store/v3/files/a3/2ff6f7107bcaa99030702b868fb59390794188583ee702197e0f2e3c6eff0c79dfb67f8ede7435cc9ffb83fbb8824615f220b551b28e21613e5ed4b74e3647,common/temp/pnpm-store/v3/files/5a/375849cce62acbfb6f5d465f4bb0ce0b44e6cec5bff7a68aad22ae6d0477cea74f7d5f6f99456c1a82029bc859935473bd3f42e1546008a83ac1f86ab4a9d3,common/temp/pnpm-store/v3/files/26/f95fe57cbc8b371dbbf84cacc83e9fe0feefb9a34226419a06022993bf69fe0550933017a47e6e9e49b757d983e72d1616e550c9bd7fdaa680350b6c7dd030,common/temp/pnpm-store/v3/files/fa/9a891f3249a4c2ac1dd646a1848a86cb14f390269b8b87cab145e7866f4c73ec9201d12108d351b63547613f49ea8585cb8e1ad55e36401d85b243f5f7d5da,common/temp/pnpm-store/v3/files/d3/e0d4bea58c55a94b9a16ba96be240fc88030ad47cd5d3f68a9c2b566fdbfdeb8d539cffcc15becf7366f1a314234d7004aebc9756050e7efd98a8d965a867a-index.json,common/temp/pnpm-store/v3/files/a1/0f65af71851afe779d8925e00d5680176c60b76a00182580b4f5e6ed8a1f71b21819134f401ad5aa44ca290269693c28e1117bd4874fc7fb8557b301f900c7,common/temp/pnpm-store/v3/files/e0/2bb551d921bce3b865b826b9d2c70433c3c7f90c03b6c4d055760dab54264aeaee98097c735076b02395ffd9f473ee928420963c492c4a8bb6f04d35a52034,common/temp/pnpm-store/v3/files/05/c2e3f92e06d48f843d63bb9c09e5b5eea00689576cafe3476b6184d7118b2e3d69571864dd2ff6671ba6dc1e76923356f66d7f90ae9c4296fe4c3e5025dd50,common/temp/pnpm-store/v3/files/b8/0ce2d60a400f493dc4d4f617c791d7be5933543ab02513029c87945a6c4f6933d1dab114e3c121c41f58c2632d016e02d628ad8a1c7f1f059bfe5fe0ad66b0,common/temp/pnpm-store/v3/files/15/225392807d47af32c4bd3e9f473c2faf18694625c3233ab82d34aed44a916b3ca7721ff1c9489cfe8cbc9e09223d3b1250ca7e8febaf71fd82b957c53b1730,common/temp/pnpm-store/v3/files/80/477cb9b7486c441b92d0ab9321e8c1a7f38612fc968546bb9b955d43012c47ab376af334905987228617517e04b9a65c1de5446c6d5b36e163e1a00c6cda54,common/temp/pnpm-store/v3/files/d7/462b6ee620aeaddba71a61a60531c507b5b5fb69e23f12cea44b101eb4e3e68e1b8c20680bc0f21dfb5df6b16126791eac414ca385d62a0c253c95747359c2,common/temp/pnpm-store/v3/files/b9/8e17e89f036041084406df52ea7c8f97268bd70c7011d5e0525a791929e9fdab706e62947fc291102c48330f5b3a6d011f2b54d4943af1d368fd8d7a2ab8e3,common/temp/pnpm-store/v3/files/a3/96bdc4a8dbb6e858e818b94b7f87bdb444466a2e69b59bc947295d7500d6ef863542a844e8bd6f2389f0cd271db1d81e46080a2325ab1920d4a9189a6db94b-index.json,common/temp/pnpm-store/v3/files/91/b8ed1928702a149066be221700417bac203798679fd0ec5dcf8cd48906ac07b2d962b9547874cb56189b92bfa8c3fc8f79134fea9725d93eac1a61de5ebec4,common/temp/pnpm-store/v3/files/65/9af26419577cf38c50444a077ceebfc9571953d589ba909f93778b52cbb5c43f9db0804d9fd6e397418bf90d5de6ed17e0b3a8e89bbddf491e0d1751b37918,common/temp/pnpm-store/v3/files/99/ee0f0e472076d34509de8b45add6b4a8783270716efbe406e9f739c563f7c5453c87e4ff4039d6c99ad1f8165dde03c7baec2567c70370eb15ca221dc5db1a,common/temp/pnpm-store/v3/files/36/71cad040be11fe9d34800d09c7508adc83726922780f26e5be8b06ac750fea851aa590cf67ac1023eefb5fc01d22e67480a2a582ab1f7e97b5c9b1f067b213,common/temp/pnpm-store/v3/files/be/688838ca8686e5c90689bf2ab585cef1137c999b48c70b92f67a5c34dc15697b5d11c982ed6d71be1e1e7f7b4e0733884aa97c3f7a339a8ed03577cf74be09,common/temp/pnpm-store/v3/files/43/c3949a8c7938890fe287960bf4195cc1a68d9793218444a1a7cad9174a3c14c719d5645f64fe8c7434673495baff62b1402d6f6cfd3f2f06ec0ea313960254,common/temp/pnpm-store/v3/files/88/015a0aa9873b6af567bc7f8a25cf06cdf806ed94eb45c2be8aa3c36466a923994d7fee85bcac4a2263745545626ecfe78987297f49f855003815aecee2356a,common/temp/pnpm-store/v3/files/a1/a24b3eb3388ff85970b41d56c3caca42cb5f3a6b2f8785a601a1d71ec38769d6d6d3f87cc48e720dcd10d82376cd8de23204363a3a38ffe150d96ac426527b,common/temp/pnpm-store/v3/files/8b/5d551f9812e8815e2d8de0301434d3f3262e77153fb24b5cec35be5824cad2e624aed09c4afb3577f42c17717e634f01ec9eb6e90e9346ce62b26b1468d825-index.json,common/temp/pnpm-store/v3/files/72/b9ccc70deb24c39844189ccdf36e0beafb4d8961c4c2896700006f780cf6fef6f00ab89c50fe97514bc305c82ff770e77cc927d83a3caa888e1d7e128b6e27,common/temp/pnpm-store/v3/files/ce/9f6ecd544f0710e124f3453ce2ae6a14f3308cac88070c0a419c91abcf62ef17323c076034d6dfd158104e0c919b810de256fe2907e7c8681e1309f5a8cce5,common/temp/pnpm-store/v3/files/92/0dbc35513874728b8ef6f6b4e8c81330c989dccfcf2e6dfdee362312ffda80d5683dcf4363eff9616d5d78d9a804153eaabc96100785382468f1e8e987cb41,common/temp/pnpm-store/v3/files/82/19e76006a4ab338589d72acfab0495078d95b8f7bff9e8e77b3beff628c0baf70e9070bcb951671ec473cc759b09cf8b37dfcafa7a612e897f08e570e10d1c,common/temp/pnpm-store/v3/files/b9/cc18eb128be514c0f7c865ab2790eabd089db1958a99404e240aaa254bfb099ca05489c08978b783114de21a40417176c49070456ed805e0f403783df7bbaf,common/temp/pnpm-store/v3/files/4a/17976bf11b0599068f4e0660d2c3ca98589c884ea996521d56e5811caaac306926fb48629fcb2a9a1c074aec486a5f73c2a27fcd1cee5a7e9ad1ebd24db0a6,common/temp/pnpm-store/v3/files/6b/09167c96a84f51a1a19a5177f3fb5307591b41459bfbb1031779ae9091a3b1e2f0638a83f9006749a99fbecd7e586d56b36c71b4c94f6294b40a4399bf9485,common/temp/pnpm-store/v3/files/ef/3abaedddcde6b2bf8e5a83b48fab6acc3eabc5a115454d0d02fb1464e4e16cfea8c658e1e296798bfe7631dd7bf70e49de50d449e6f9ffcdee3728915fb0c3,common/temp/pnpm-store/v3/files/ff/523bebde1a8e9ec0ea8cc1bef96a5fa1e46f77e4870fde2011f5ba205559c42f415159473a7c8fb6f49db918988e24cd8631a27d9621d4dc6393ea594aa8ce,common/temp/pnpm-store/v3/files/3e/a172f74262e88945b1ab5e3f466604e2c050869ed706f043a2da5bcd758d71c2e6ee162049db4374ff6b393b893ee600efb4a9929c7279cdf13bb5a65e7ad4,common/temp/pnpm-store/v3/files/24/27eb7882e3ca489f0d812dd790a55697e982c053a3f5d63c8ef0c1864f73d151a779fb60da4911d895d38edef268520c92792ac7206625654d868e997b769f,common/temp/pnpm-store/v3/files/d7/23eacdbf257fded84c19ba0fc8b4e960049bd3b072e30bac64db4331d1da10098979b6244ca60037e284d5466f9b28d29170fd74d1204f167f3a77731d0f79,common/temp/pnpm-store/v3/files/9a/0dce3cc578857cb0c29a03c6edd075ae7108a422faf09366af12f49fc4a64841d87cca5eae12345644dfe34af77258c5cf153127a9fa5394482fd154a681ab-index.json,common/temp/pnpm-store/v3/files/d3/fc08948831f83f45ca4ee1b238f9a45ff44e1d97fea2c5d3e929b82306fed30bfcb952d44a932d13caa72af42c01ba83225675820a109c3bf11cc4b47768e6,common/temp/pnpm-store/v3/files/bd/dd85e1853211728670b1e8abe4c4c828f1b9e49e1e7171cb28cda7cd328345d5e2f5219c37abfe5bef96a33f6ab0796d740de4adbfde88a7c82472c7c4f609-index.json,common/temp/pnpm-store/v3/files/b1/18db79c8d45302cfafa00488de4e20ad56b41a72131c323b5e74cb9cbf398492c09209647a1e8e05ad1d0f32183d31bc417383a21b5c834c0c1ef81dfd8d76,common/temp/pnpm-store/v3/files/0d/6bcf34ab0514e1da3e66faca9d5232ad502a28de5cdf43e503991d89554afb6b11da4405933b3e32deca6af6b176a0101eb430a778a8165ec0addfce274053,common/temp/pnpm-store/v3/files/47/0aeb900c88bcd261a4efab80de31a56a44dedeaefba623b8f60e23d011fef83dc406e28437c131ac32a0c899917513cf8f0565cdad9344c1ba5a0c61e5bcfb,common/temp/pnpm-store/v3/files/71/2783abbdb4addc0089efbb8a632a6dc88e325302c327b85ed8feb7991c1d1b5dea779f054d436e0727e354fd57b609b6d321808b9091f70162882671896c92,common/temp/pnpm-store/v3/files/4e/a8e3f0d5c602285ce095c39cd7ca6b18b113bcbae050c8240198247c4b480a30aa6e2703d0a4227fae2e683022b81df80a6ad4d219f0e6cb79268a2db208bf,common/temp/pnpm-store/v3/files/3c/79fc326dbd8b858d9e6c35c77d12ff11ed57158d298920f59d8eea96d2d481f79bbbdb77c3f6dd41db21cbb789857ed67d1116aac4a3d6b6bdaf162f91b763,common/temp/pnpm-store/v3/files/b8/8e58cad67c5f95956ec9b6c1769e66f2c780433778e4a97d49c6452b587224e4b674a13a87a25011bb3ff5910a424d5f34b3a68920e6f5e6a6245b0c21d5ca,common/temp/pnpm-store/v3/files/af/18242c5af5eb66cffee2504bf664254086cdbb11f3dfc7e5340e9ee195c67a21b8b5c8230fee2b073470827d64df6e6bf3faebc8c822f5d754e654a0d94e96,common/temp/pnpm-store/v3/files/f4/c943927829a73d3b59bdd5857943a860345ae8b82d81205a20cf1a4d0a2c768e4342ddd0e03182206533c17ff1993da7901ac83711ce775f101205d766baba,common/temp/pnpm-store/v3/files/d5/ab9281c29401ab43b14df5134a8d4cc72f5a06b404aa032145c5ab1bfe2658b35999528a36eccb136ce4fc4b0404d3d463cbe1b78233f8b5e3ceddc043460d,common/temp/pnpm-store/v3/files/5d/f2b43acc791e025e175e74e999623cd2c3ed2ef66c9628d3f13381ee7912b17329840ba3e676f2855360fd2fad076f852c018b8d17b6af48a15f658cd5b61e,common/temp/pnpm-store/v3/files/85/f497c0ce8c4d4002335fdc1925092d624f5a71fb1c9e80065ad9882a6ca90eae0eb0e5c44de88b236cf3b49eac1c8cab518869cc09326cf1e2d8acd8673d15,common/temp/pnpm-store/v3/files/f8/54b2eeb95543a80791d1500d339dcd7cb5a32ee4ea590495c19a8dd8d2328402a72e55841f5f3b6e0c15724883add7e87bab8699835d2ebe60eca9b5db62a9,common/temp/pnpm-store/v3/files/12/4854221e91112363fa3ba2a0ab8988f84e52aa132fb07ba7ada0ef3fa5be069c0ecd452d8d43f3ece9aa29c51a95aa774bcfd756ef7d538d712437c5b5a28a,common/temp/pnpm-store/v3/files/d8/d00a7c1ca75b9cccc1ce23f1a95720130888c6a5323a4976b6a36ce8bd094f763fd0a560262a027fc9f8b42f586e08622471ef7fb5da511cc2c74ed9939f25-exec,common/temp/pnpm-store/metadata-v1.3/registry.npmjs.org/@vitest/runner.json,common/temp/pnpm-store/v3/files/2c/d1e748bc0655a4ffed17b76e03a06dc023d41464a0639fb644aa32b005dda28f4446b15666ace90ff9257d9270ee48efcac957f1fafe2fdf3d45211cc6deca
[NX v22.6.1 Daemon Server] - 2026-03-22T09:31:41.424Z - [REQUEST]: common/temp/pnpm-store/v3/files/b3/1399f9178b75469fc8b32ca536617b38989945234c3d724f13beead8efa41977a40fe3841d6c1ce24f13e9da680d7e62323a45ec02258c31aaace46383b53a781922,common/temp/pnpm-store/v3/files/ec/0562277bd9818c99f386281c76e3f6a717890663be4f1eaa101de3d31e04ad8d4b88aa4c59ca77795698913f7745ac8efdfd79446a2cdc92874dc231f3011b781921,common/temp/pnpm-store/v3/files/e3/4dbe0d3630fc38ef821f1c915a835afddb1c7cb3266f755fbfd9fee30d37a760004ceb6a4f8a701fe4a5b372313e12fac06499c920e210ce4cc79e7d863f56781923,common/temp/pnpm-store/v3/files/6a/431d994cdfd6256b7b8017b0ea8a9d1d0fea672b27e7d1c9830537770fe074b54826c3e48ef4646495e0e5b984cf58215695ce0e8907367360bf08c08d412f781922,common/temp/pnpm-store/v3/files/dc/c3ffe780c839da4a5fc0343ec8fdd914b4b6d637b49069eea70651f15a232e44531fa5fb7b25b5756dba6482945ed3c40aeedeabdf5e1d67042b51967d6874781921,common/temp/pnpm-store/v3/files/40/ee6081d0e478da32a0f64a438478220a60dfe6ac42a937ed4445e7a646848cde36109e230c463bf2f1599f33f2515e3cd1b72ad3557235fff9612334dc4d15781921,common/temp/pnpm-store/v3/files/4a/f1ea6ab7380f1797e4b2b059edcc49f9655cb3a148ac0fb55a908e6240ea5deee460a6160a36708387a1272d1de1b47f9ec5db1e212ab7ec169d5f98c504f6781922,common/temp/pnpm-store/v3/files/4b/3ad5e14662378e8b0f46e967d931a55105bcdb5f42962b9acfa11de4c22a0a13c153c921b75548104a8484a423f4862d3683ccefab13e4299714acf13009b9781921,common/temp/pnpm-store/v3/files/26/c28a9d3d3e295afa95863c755cd67ca725a0a310ae1c995cf0d7492833923c4b8bee529dccc8924098c920b7973de5e142a437f81465ff8703da0573e8756f781922,common/temp/pnpm-store/v3/files/f7/4d0b1545bf279f87c7ed00e08d01dd7ec51523a8a7c85be1561365ddf21f152c65c29d51ee32279f195e5c57c308a10a4c1fd7a2ab12f5719e49116a6ea4ab781922,common/temp/pnpm-store/metadata-v1.3/registry.npmjs.org/@vitest/utils.json_tmp_78192,common/temp/pnpm-store/v3/files/58/016fe418bbc9447de749000e154d4f06d8ac830e2b9680f05eed2f0aaa1bb86a0c70910109442eb8343ca1dc0137fac523648c2fa953777b961dc05c32377b781923,common/temp/pnpm-store/v3/files/5e/74242ec703c1cb0b7d8685b84c41efe2b139e7dc60d8a79565fb80bf192da0272d802fd2d16428ddb7c8de78e5fb26abed01118ec3fc81c1949ad07066ef47781921,common/temp/pnpm-store/v3/files/e1/b0f46cca3c0e176ac2ad39dca11ee3949e66c7b70c20377f74b37e50dcc34398cca1628b61ca24d744b5604ee10faf1f8e0057117f095ddbbfe409aba9409a781922,common/temp/pnpm-store/v3/files/90/4fa807cb4f2420d354d12758df59b91eb3e3078ced1b5db8d39a151f556bf3b9cd0e442e0d155a1b49d9a4b5bc6485cab1b40bee758c1974ea10e1df6e47cf781921,common/temp/pnpm-store/v3/files/5d/2d2108392a20dea33655b9c76c2b280e12d403b04579552c0976e9d473315c272fbdff8feaaa54c1c32b179ac2680e7b7aaccdca97bcd9e434cfff6a0b9c3e781922,common/temp/pnpm-store/v3/files/2a/cdb0cbe48592b60da1b8852317a1c404ee9da95f191d2c5813410dac2e9aa23d658f4fa38098031531fe9a7ad4c48c3caec3125525ed8b7a7128af81046ab3781921,common/temp/pnpm-store/v3/files/d0/6f9b6ed113046357122a4a955e1e1e965be535a97a144dd281646940fb12c34d5445a248a1cae427efc2677eea2d522874d96afd8495323ddd504ef8e63f96781922,common/temp/pnpm-store/v3/files/64/7f3bec5875d8b0da4e9dbfc2f9e006feefda247164734801853b1d7ab8ca9363b2b2aa8d46c80df4cdd223bd8b7b6460ec96925793429895d6b18bdd2a4636781921,common/temp/pnpm-store/v3/files/cb/c2d6e9c671f5f27dfb790d59c70125bbe95b7a210327a2877ad573ce9fd524aa273b4036a41145b0a671b269cc42433d74f6f42a13877c79c1173b3cdf49f9781922,common/temp/pnpm-store/v3/files/9d/df284eb9b4af98687bd7e240a397627432e19ab1650546874925ab509f8ae7d82c65c41bf7e863e48c04f3637cc391f2ad1b7504c15f9836200f3078b7a619781921,common/temp/pnpm-store/metadata-v1.3/registry.npmjs.org/local-pkg.json_tmp_78192,common/temp/pnpm-store/v3/files/ac/a7bb94836f30cbc95b4779381da4c6951ea52cf639763ff58a3108c8a3e27cd7a6b2968b1b9c84e06464baa469f48960679945628085072535c470061d8644781922,common/temp/pnpm-store/v3/files/e7/f47eb96db3b7533522163a656ddfc5c7f6e15017e7216795f15ba32a1c051b6d4a42f02897bb75ea75150919b7b1e1f667daaa935e4d12f374e311ec61d625781923,common/temp/pnpm-store/v3/files/e8/f6afc3626950d1db97671ffa041cf2ebea2227ee4acfb13b47a36f94978f48ee4b341b86fc84bf869dc56211037820766e1bcd0b878999d02394032b357c11781923,common/temp/pnpm-store/v3/files/6b/108e6abb5edab302f6116d1545069fc226aa052371c805c6ae1365a35366250d4c4d11387d741905beb9e678e894fefe1f548dbab19fda2c38b4238d861c91781922,common/temp/pnpm-store/v3/files/46/179329313dd26d49ba5015c0c1b6e7b2491087f02f7ff1bd1859d9533aef0106f0b935cabb0d8329037e3b2876e25bd1716b958f19ffd2cdea6238bcb1e077781922,common/temp/pnpm-store/v3/files/b0/6e2c2e6173559ed9e01d6027bceb5809f1cc26ea22c1a75e9eefd9c5bdeb86d5c36d4e450a851fc7a63a771484c3836920e5c4364b9bae1ec0083e4f6051f0781923,common/temp/pnpm-store/v3/files/36/59792dc58db9504979a31c4751ab3e204ec6a0a1615f7b3d1771cb881bd711593abb915ef077f59fdb5323646bf7191b7e030e93cedbe068312b2fd907b8f7781922,common/temp/pnpm-store/v3/files/ee/b0aba4b65f2c1a58ba5c9828b4e59f137199d8d11571460e23e8323e601e23a9fc52d5e3940120f98ed1ec29f11881053dbfd0d77a7930feb15ddbaf89e7a2781922,common/temp/pnpm-store/v3/files/22/dfade74e2295cdb67dbd6d31ed46365984a081fe1e0cb0a490602e9cb10215d1f2159e20aafa18d514bad6fac734a927fd0f2f1659d868f7c345ddf9fac0e4781921,common/temp/pnpm-store/v3/files/5b/b0e6f66487512320d9c9d6ca406f2063266cb22a7c6939afb446190abd450cdc772b6575861c90953194d7688408625aed6cb925c55681861b74f2f2570f48781922,common/temp/pnpm-store/v3/files/bb/48e507cd2859520ca2711e55ba8f4b287df50422068c3240766cfbb7be009fdaed63c07c2e22d5ab141813c1f8756765c3b884c317c4d68cc7d67cffa1a6a4781922,common/temp/pnpm-store/v3/files/6b/57bad5505c4738088b2dcbf3c16b2ca0f6890acab76091080303301e3fd800af3329d5c40a6dc9b18c6cf0e90c5acd441aa3f954fa1598e432d2910f4c2275781922,common/temp/pnpm-store/v3/files/8e/d3df05ca429c5bbe61cac01854d38cd59429f1bc2962417df1cf3ad61444a114d9a075bdd260252d1e859a9ab91d3bfe896e06ffb82f2fd8550d53e5d7176f781922,common/temp/pnpm-store/v3/files/44/84c605f8a32e405d759be79fc8ddaa84f2a71bea6ce2d8424186c57cde163547bee75a3f0d073450fdc7ddbcfde53061677674f0ae815aaca4600b4d96502b78192,common/temp/pnpm-store/v3/files/2d/d3233b201ff4a2aa0b31609c77064174a05cc3c2909ce9ddead8b25c4d24d49dc37f72f0c7a3989a728b23c69907b83899a3e770bc95abdf0dcfbdd400d3ce781921,common/temp/pnpm-store/v3/files/5c/7c9b4d4966ee521c18fb3e265ffc5f28ce3c26d36aa25411db39b0cab5e043d693c856e171a8be64840a606e48e6e690a8c1b69887921801ad6b6c5a073e75781921,common/temp/pnpm-store/v3/files/12/a7074a193cd49e1346da4cfb7b8714a41401ca16c00ca3889f5153b87932d28943bbb13f6596b2cb09a210d2acf85221a88274e588e01bc490fd9aabdcbf97781922,common/temp/pnpm-store/v3/files/94/050ca2438e4ecddfc9c92855a062ab07ed20b7bed9a75d0b7f01a4a1603487eba7a7b98f961355df1eba021b2f6711ead80bf9e8a28b84d13e97e61000287d781922,common/temp/pnpm-store/v3/files/c3/ad3d61246405b2a1d74bb6b0bca1cd8bd80dc5385e217a44e0ff6c859a5185c9c30626cac12e4f74d6df926002366864f474b16174d4686d7847ec3371af31781922,common/temp/pnpm-store/v3/files/51/9d8cfde3422292df07e234ddcf5a87f47bd546808d2c08dce6417a2f900c22d2bfe0ff8b05c8c3824675f25e6ebefd3c368b5b1b43d748b55017700baa87e5781922,common/temp/pnpm-store/v3/files/df/9fceb62f668b6204838116075aa0f84bae0deb01f5f1e3a6e37a6c23b063a373603466a01deab67a5c18bc3d65a1bd6ec6b58ce637decaf82d10d5299e02d0781922,common/temp/pnpm-store/v3/files/df/a15b703c95cd638ed24fc05bc967c7e0943d7767d69173b5c020425387f7ac7638f37294e83729110ff16da1b37084df8883907a1ebf87ed162ad01182f222781922,common/temp/pnpm-store/v3/files/1d/eca7fe20925876d665e34dac56f720b6f92841af2b621d3b6eca6458fdb94ee636ccca5f04931c318dfc81327c56b6654d1834b08613fa3ce36ded07318ae0781922,common/temp/pnpm-store/v3/files/24/f9e91866b9effd72b99e47de585d2dfc721f4ecd663a1187833d908b9516f2eca37364143004c0f918f1377c7dfe2fb55d7ec97002cab50b779319c5e23204781921,common/temp/pnpm-store/v3/files/e7/83d024055fde42a3aeed65a2f3373c298d3af361dac57088607984aafdd5953bd139f5319cb75d218e1947b5cd712ed88237023cfcd1aa6c1705ba3db7e025781922,common/temp/pnpm-store/v3/files/ba/abe057a28855d8bd48daa94410f7ced16afbc3946e617578e1a8b7b4bde060c46514db04437edbdd2bd4bfcb34ab9e3c6402b3e0cbae30ec0655b4bf4dd4be781921,common/temp/pnpm-store/v3/files/f0/9bb2b76d8d8a0784221dfe8b885ffa8b1f5d1c15640937619a5b7507868fdd71c6ec013177794b2f703af641428400a34325f5e31f7f359ba1c097e08c9a2d781922,common/temp/pnpm-store/v3/files/3b/402f976853b322255fc957084208c72fb578ab9d868d3dc08b94d20b0fbf1968b3fb7533186c6fe79a35c04ce0a3e53626d96a5d20bab601ed1525059d4dd0781922,common/temp/pnpm-store/v3/files/d1/1e0e63075bfca96913428bca68e897a7f53be169938d861428e3b314f48985b67e2ac737f9839205cf15b321bfb6907cb627d84594e03c7c75b99e56fb447f781923,common/temp/pnpm-store/v3/files/ed/eb3a27a3bb3c75ef6a28c5a7e22116fd23ae1816be0fd18bfc5a8839ce504dafcc90ab6cd01cbe10d8404213b749a51b3cb46e24da0f6cb682a8aa9156f33f781923,common/temp/pnpm-store/v3/files/a6/9fbb4bde563b075be967adff138788c4a0efb491bdffb38b10a1136f7b04460aa122013a7050f4b84352e7e8ae235021b1d8b1b9b3ca3ae9ea460099f678d7781922,common/temp/pnpm-store/v3/files/44/28c332eb073d649cbde8b9ee4bc96bb3ce2b3a2a1df7ecb6d8d6ca216ef5fe59d040d63f97fa156d3464f8899665a666689f1e42219eaa0a2a77d0130ee6d5781923,common/temp/pnpm-store/v3/files/60/6f2431c0d7fab6e7357c1f30857e0f9690be5890fbfe93b42a82a10972d3482a2d89e1a96bd578a35e2e869ed9f6184fd73812e7fd9361448d069e19d71e2e781922,common/temp/pnpm-store/v3/files/42/02ce2180671234bb56a9d9e2bc4167987a0d26356610ab65139cb6f072cc227b9ede2b0dfa19c4a726e9ddb74d7ed538bb563eb510025403c3c5c112e14920781922,common/temp/pnpm-store/v3/files/f6/f2125d57f1bc390f18a94cca29dc611168880aae1df8b48918875038011d1c65302870f89f0c053d324ad5685390f2c21a2398501a3cd07682fc803f78c7fa781922,common/temp/pnpm-store/v3/files/b1/e7a64000bc3aa785e9a7159ffb0b3cf29ff629677583ab272b4fe1e83dba175384093f52d4970feb6647a775635352f559696507497d5d9db308af58601923781922,common/temp/pnpm-store/v3/files/61/01fa3de3bc14137e3d74172900142577e81af61e98f80d5007516c8da55f0432c17d8547aa6d89adecb0c50cbee906fc094536671a904d25c82676e4a5f366781922,common/temp/pnpm-store/v3/files/dd/65110e0d1fd6b53f5d8b48e64de618ef26e1ceaa17e3e6cc70d5d203d155539f485fa1a6aaf40c0c09628dad72cef72b48b4a096651f2b7b36d709b2ff23f7781921,common/temp/pnpm-store/v3/files/e6/54a5af6b61ab262811fa56b4ea7aa039985c724bcdd154697e952e819480308e0cdad19f3e6852250d1e1912c0cb5bbeed03f9d879140a27417974ec8c5bc7781921,common/temp/pnpm-store/metadata-v1.3/registry.npmjs.org/esbuild.json_tmp_78192,common/temp/pnpm-store/v3/files/29/54f497a5cd5d9d8c7f9755223e7cedde4c70e18f8ecaf9a9df2d2bb7cfb4c54d1f575d678dd2b46c18f0793ab1088027caac0ac9969085943ba7e601664aac781921,common/temp/pnpm-store/v3/files/a0/d02ccc6c4e83517d2f329b1b37c4ef9a53753c536412f8f8ddeb045e2f4a58da692d7d33a2d1ca33db600a32ad6e286b465f93f3d9312c4650bec5c933f535781922,common/temp/pnpm-store/v3/files/0b/46e6c7650e71dba809c8fc043855a933ef8c8252e4c396349358ae42908e2e406d2a152f9837f94dac414173198bab9b208d1d6be5432529a95b1d37907bdb781922,common/temp/pnpm-store/v3/files/dc/cf5da15ea193970f3f5c7df4c20e4959df78cdc23bfdfe91f7a0b0f87f2fd6336e01de10de257c781f293dccda2f8cca56a12e84d5bf8e3d5da8d758882ce8781922,common/temp/pnpm-store/v3/files/ba/3c6d89e88726f88fb3e198f5bcdeca650413a3a9b8bc6431a0b7ce2f8d111c4cf37a4244a82362214dbfccec0e29950fe9a0b00a77fc7ef53f0b06858bf374781921,common/temp/pnpm-store/v3/files/ac/41267d57b20b7862d0c1aafa9713312e8112f8348d312ee4eec3198a90b83d45286eb56db1fbf48913bd7ad9675e5c2e971cc0176f67bca4b0231b97bdc243781921,common/temp/pnpm-store/v3/files/61/94ddb7360ae8715de5a18054aed6463db07031f8efde8479826e7450efd5f5d880b05c686d339465e64c1849145cb0cd843dae2225de440227442389317994781922,common/temp/pnpm-store/v3/files/44/ebb88a68c9673b3f3433eec5b164f4bcf3f90e83f61782ba58cf4231a4297056b5c5763ac23a78e1395c0b24e5a7c63b22ea26d7687f619b660310d31cd954781922,common/temp/pnpm-store/v3/files/d9/a2d094a950a449878a590fa326baf28ceebaf399bfefba0af596c66ac826d4fc9e6c45ba06f1881882a5047fb524386ecea0a6db549a8447e849b940796f38781921,common/temp/pnpm-store/metadata-v1.3/registry.npmjs.org/vite-node.json_tmp_78192,common/temp/pnpm-store/v3/files/c0/891ff01c7d570dcc7d2ce704dd320895462bbe0781d90e4442052cfebb68278eb497ec44eced7a0bb421e18205bdb3ff5e37cfcc87b1e541f67a5b57662e0f781921,common/temp/pnpm-store/v3/files/46/e3e64888431388518e0169226cfe453ebb34a1387562a47f365dbad92a17c5846d1b9047780a68cdcd601a0a08f283e6f56c9c11d3ad6fba81333d0c78b8b7781923,common/temp/pnpm-store/v3/files/89/1888c0f374fb35989cb34acf36d21f7a2d45c1cd20cdd0050c30eca24497a9bade8a11b67b07bc279596ab5baed8c2b3051f80cc959ce545410c0db5bbe175781921,common/temp/pnpm-store/v3/files/ff/bdf0b493d414200199982476508bbca6e3c652689fb1925a415c13c0cc4c1a8642e4c580a753be5b19283dd051f70e1a5e7731ce0850df5b916614d34749e8781921,common/temp/pnpm-store/metadata-v1.3/registry.npmjs.org/tinypool.json_tmp_78192,common/temp/pnpm-store/v3/files/20/9b20a9d6e358445979c7a9c3377a349d39b895a75a1f08622f5ef8bfbd702c46407ff256674873f128f4ebcd833892afce94ae427f580b740a0a9a0d39ee5d781923,common/temp/pnpm-store/v3/files/2d/92cfef46fb1c46bc544b443c7d89bed240c5e95befdfa616af35db290c5b9bd4d029383d24dd50b0034025429d48bbdec6ecd90e3f4ed75aa9fb5d9d492b43781923,common/temp/pnpm-store/v3/files/91/be590c284eacefe8e66a293bc626f76fe956c87b1d6a70c642c10633d414f94ede5b0f1627a28596e24e5357467a82bb82c4af9613826185c5ff5eed052fe1781922,common/temp/pnpm-store/v3/files/7b/9f2f7594f6f8fd7e4fd1367ee0cb6a7b4563fbd2920a27263b9fabcaa8d14d8b7235e57cf81af07656cbb4fb907f942426c8e9d2ef84013b13546d8493db4a781922,common/temp/pnpm-store/v3/files/24/243d875db500b03cdec81388df89f3b23b7fbe18251e8e86e7a4d24e0237a3496cab7ad6f3b7923e3952fbddda8ec494c33fe1570be301429d4a0a747be47a781922,common/temp/pnpm-store/v3/files/e2/edf907ea9058b123a131db61daa111fb646b300f3532ba3f68f2b956d0d462880ebe6fcefdbd0f318157be00c1b429f968ddcd99c920b927db6b1497dfbc23781923,common/temp/pnpm-store/v3/files/f6/4f6dbd03472272f4c38cbbb0cb637d240c587a2155a8d157ed1e36a8f2b1b7b0fa754df23787bab1f03f2f72ea76497debab5fe0fb644d80f887f918db46d8781922,common/temp/pnpm-store/v3/files/24/ec4ba5e709c9d369c4c1b65becc30680f54ab3d6c52c07ed6a58630f5608edb67eedeb94c50a1685cf313a813b7f96ac9eb9001aa42da8a07bad3c8c40a340781922,common/temp/pnpm-store/v3/files/51/a4f1336fc7ff447e1f3ff44b3e26707be94733dab0446ffd90b98caea2d7131b2f42710ff704e1a2df59086bfeaa5a251b02fa6b7631831fa3f86256f0d395781923,common/temp/pnpm-store/v3/files/a6/26cea9424ac418ba1ace4022fd5dd12e99103e867a7720041d9686d2fb1315d20f7fb7b73565317d61702da1d9922915d04ad8d53d8377c3cf96d35074f000781921,common/temp/pnpm-store/v3/files/f2/e1e270c42c6efe2b4079b60f6478b23c5c8644aa7b79580e4df647b21bafcb2ad3ef42c56e87809cc0efccb483f0556fd44145564d889bf68e6d6dde1ead27781922,common/temp/pnpm-store/v3/files/19/81e196b7531e14b3db7502f5d8b1354bfa6d97030f44c3460eff310138bc433a928fef47b6a7020e266f3f74c3d5a1a93e52d40563aabe03223041f8a4e957781922,common/temp/pnpm-store/v3/files/ac/3a82c69b9239e78f12fa090f1819fd598857503aa32133ed33312c7409c9a0a3b20a1e85a051ac0136820dce4422055cc0c297cc1013ecb3674c0f1cd9affa781921,common/temp/pnpm-store/v3/files/aa/f7531c65c4f8c8a929bb3a05d469d47260ed9f25db74d9bfbb7e364d3c33730b8fcb543902f18e659481d6a308d53caf0c8dc862164fe11c7fca283cceb235781922,common/temp/pnpm-store/v3/files/9e/1400cf33a483562597e7fc9266d0e1cb8ed9fd8b77ae06aaaa93584e04220294d2b7014ead3cf7d2d3d040d5f27d25d0e2a5f469895d22af030b6dc8385ca2781922,common/temp/pnpm-store/v3/files/27/51091f4d7929acd7ceb538462ef47d0df61d9f14b081a0bd5d0f0156adf81d88e197e7863235ddf54b14212a36f65396c59d08031a6d458c4ae2a82323130e781921,common/temp/pnpm-store/v3/files/a7/fdc8a6d3965c2f7679a40cc59e4466f183a918a0ddc9a9732035bd1ee04902a7fd23bd005dc24b6032263edd6e9ad6a8cdbf2cdc86e1ed5757beaf6a65292c781922,common/temp/pnpm-store/v3/files/f3/2afb2f2de10d280c0293dd0d7aa03b82eb9b2ddeee75f4d11043e9d112585cb814821d08538be0a5876e4a55bdb9bfa79b1f0d03fd8c4514cf0301d3f3df29781922,common/temp/pnpm-store/metadata-v1.3/registry.npmjs.org/tinybench.json_tmp_78192,common/temp/pnpm-store/v3/files/d2/f5dc6a50d83a4f8361b4bd1c0c9a947167cfbafce673b0028caab1f783e5e8817297e74eb6f6e23d53203b240548bb2827f6caa06c5239728b8ddd7aab9b68781922,common/temp/pnpm-store/v3/files/c4/f40f320902542a3f945c55fc040e2d1c630978da2c54f6228c06334ab4ee089564b01ff0f84926d3c11e04016fa59f9cad099217d23dda02ec2625ab5e63f5781922,common/temp/pnpm-store/v3/files/e5/8744166a436bcec3cb64811c050a8ba93ae7f475f85ed56dd9acdb76d7abb4e70ead2e5e32f55968bec5ebf03d64404bb9de75bdd9bec67a32062d26a3b89f781921,common/temp/pnpm-store/v3/files/49/5a674b0fa70ff6abda95a71fa6348ef50640528fa85452076939199cc9786e1a4a63dfc6e5b661903a14eabf88af078881bd63781fb63cbe40dbe0b132f6bd781922,common/temp/pnpm-store/v3/files/d1/abbc14feaec9dadc705153f2199b6b04c87cc222de34568f3cc17c4d4cbd63f035bece48122dc3128b7ad235b317b04217bec70b814ee3292a55d9e6185aae781922,common/temp/pnpm-store/v3/files/11/76eb480529cc4d2a02f4e723cc1bf6485ee924d0e306c53941ccfe1e3cba29df4974755b7acc5e231283c88c18b736a6bba9710b2f827fa7cb06a47617415a781923,common/temp/pnpm-store/v3/files/cf/844206a337cbe2701c3801ea510d0122419579824e7e886db979716a42755c66ee36c0b54deeaffb10c6994af5f616ef5b62e522a0e2ce71af506bf60d9315781921,common/temp/pnpm-store/v3/files/36/e08bc8b4f9b99436f9c49fa42495f8a6179ce629c9ed8bb46f6b18cb0897f44d8597bd4008cbbaf7162959eacb6a6328bf2fc79ed4afec29895b3b45c8ff43781922,common/temp/pnpm-store/v3/files/d2/a0d087101ea00dfbb77cbc21dd89e20420f2d821d705412f0c244b91bac41d170343fca169f01bf63ae4716a63a3ca5f256a66dcd0cc6677c4813d10e8932a781922,common/temp/pnpm-store/v3/files/d6/2cd91c1850785167fc4de854ffbb5b230f83b81825ff464d9dee95175a4f940e125addc436fae891678c018fc913d0687525038823ae2e8078ebf4ac64d2bc781921,common/temp/pnpm-store/v3/files/6c/5939964174cf8916b7117e2b8b657ecb1d7f0d13aa261b12f7c136bb1db51a4d810ac2c0799cc77519e8a27a8bd3e903b645da32d187e3b7bbfd0cfd020c69781922,common/temp/pnpm-store/v3/files/44/eef9ebb19f9cf2d80cad6212cc5e2cba9cdae869da89d3c975baca03f1f559effa50f8d72611da0e8958a9f1f1819dbbae6a6b9ec470faabf32acc439f4f54781922,common/temp/pnpm-store/v3/files/1e/e0cc594c847e63a2696df3d01bd2270ee50aa01fb0c6db374dca2f6eecc0cfcffe0a9f93d24a99086b90b3dff3d818255c2e1e1a8ea7bf4e3deffd8cf735afx781922,common/temp/pnpm-store/v3/files/8a/b455550c1ee5428e27dea8410042331ef6320672a79cf215df56b0d9c7ad3ed75bb2e9be26dfedc18b310def802722004ec6353474b9c13a72fa05ce236ebd781922,common/temp/pnpm-store/v3/files/ae/7b24f81a5d7025b351dfe9f34630fb6c61f9622011e185769c752bd28105f1c576ed86e65118719334a87d312833034b426eecaebb7191bbef830d7ee65ca7781921,common/temp/pnpm-store/v3/files/ba/5c7b5b467a7502dce04d5baf90a3c0c92adf38dfddeeeeb50997c73bf1ae5c7ac17223ccda01c2bc767ebdebb9ec7988ea9742d77a14de20e499c18977edba781922,common/temp/pnpm-store/v3/files/0a/6a0db1dedc4e14cfa484f0799e872f2a4e3ec3b39ef26e222bbb4f9062894f8c4f098cfcc64eda51d2465cf810c76c0af8926718f29831c6ccaff438a4e08b781921,common/temp/pnpm-store/v3/files/ca/83168d9a62f95c76dcfbfbaf49787b8833548a02442776d54f5ceb2ea5b4affc84e71efb02c2e2ac7ef616c75c396799a50c72d3be5d08dda532973756da94781921,common/temp/pnpm-store/v3/files/7b/d51f28eb405df7fd1ec9e739fd15eb87445c26dbb44c5e78e1656812d682fe378fc727265e9d98955b67d725fc7b6d643418e1f101834640cce5937d3d3285781922,common/temp/pnpm-store/v3/files/40/0e081e207db0e5e54099b895a7b8a086306ffee4b1c35fd099c4ebfb5fc735f19e6051d5624cb9987484f427b3478f7b61db4635c046d5fd3687ff7408b0e0781922,common/temp/pnpm-store/v3/files/0a/3761cdc669ba456594f69f43ffd48717f675f22cf43cbe179e774a0119025e5a95bc7570d5f48a02918dc590da954b6688b766009a8d17254aa1d438f6a92b781922,common/temp/pnpm-store/v3/files/03/9caea7a29daf5d7abff42b8746f7aafc8d368fc4d4471eaaaa57adc08392070f3f5e965f98837c38342d6de1caf9d540f4db3b6e084f9d1fb4717f702b3957781923,common/temp/pnpm-store/v3/files/f4/369846e79a9d681c8565d6d8bfce2770640ccc37fa15c7e3b2d64386cf7b58912de19c2a62d7869635c090c6e3edc33d40d433673f2db92a9e37a0c1f9a79b781921,common/temp/pnpm-store/v3/files/81/7b2ddc4a6d02a3bd17d4243aac4e45c4824b33dfd7d165f9b66c0db3a38de5eb5f24cd38c9cd12338938794c1b6a5535239f82a73ea9913c49cdf1d98cec1f781921,common/temp/pnpm-store/v3/files/a1/9c3330f0318591f9e9f4bcfc7e715415fce6aa37b6d7bb14f0ca6eda9c37c0b4b0bf09d5ed6ebc9d9f4dac2506dfc443306ded210c791894da71192e46c92a781922,common/temp/pnpm-store/v3/files/1e/405000d4d5a63da90256a74e2bdadc94a24b37e992e33c0bef57b2d6f488924e9744dc0f10456351fb38d52e261027ecf61063f196eb7d69c277c955d45377781921,common/temp/pnpm-store/v3/files/2e/36f57274894a2bc63742ea5ddff39836d610cd1134d836b75416fd7521625fea3eacaeec2b2a796b6a4171d5689b1e70b3ee0e86a4da825c64dd90a1120e6a78192,common/temp/pnpm-store/v3/files/23/bbcf3ad6996e1472f4d45644547f96738103ff4bdc5694b1cb34905d3671b48834e5916684385e119e7a1c916caff100e43eb6fcdf1edde1881bfcbb8e2a67781921,common/temp/pnpm-store/metadata-v1.3/registry.npmjs.org/magic-string.json_tmp_78192,common/temp/pnpm-store/v3/files/58/9477feec8c23d01dfe9ef8dc3b2fb555f9639525d00a8422e23ab10c0eb8dfdbaa9eb6cb509572f7d4d3194ef620c6a2a144905fbff9619b8058249fdede19781923,common/temp/pnpm-store/v3/files/c7/914f537643e231f1de86c5e93fbd12bc2b2c32705c347e6cefbc288c45e605d1666b39b9aa665d7ec76353f439fd75055257d629e68826570b2206de56292a781921,common/temp/pnpm-store/v3/files/a9/ed5bf68676149de7748f7011321c2dfae8b59bf5a3424ad750028c73f72b9e45dbfac82587e405342e68835945aa1d91d848315d448729dfe60a7adbd506b0781922,common/temp/pnpm-store/v3/files/86/1fc215415eeb0f8877654debea15f9a84cbea72971a583f43aa4af17f76d8c8bfe0cbde5296b8247474e03e44b3ae38f5b8dcfbbc24d5ef1b914f204510c2f781922,common/temp/pnpm-store/v3/files/14/004d16c195663cb27987c2af544359f561ab88614794b2c6aed16b31597477b0ee6225bcab7b1c7c119460fc62c5657516753e87a33da82ac4acb6733cd08d781922,common/temp/pnpm-store/v3/files/0c/fa81e14dfac71255b96beb235cfbf551f7f2f00ddd61f687b8219394ce0b07c6992454715a2a7c51e53a6a28e81a935f2e96c11ca57b85a32a518d4b0356ff781922,common/temp/pnpm-store/v3/files/6f/6e074bad1b3fbdd123e3e7590d47671f396d4ad0baf73ed6885c7f94e677bbb243e8484af9cc7829cded17bd98efeceb0489c86c004da78a540275e7eb214a781922,common/temp/pnpm-store/v3/files/92/38cc755907f0730f81d79e9a0b61e68308de460421b0e5a5354deb5c9cc6ca620a9ffbe2cd7298bd48ef038c33b61fedc3406e188970c0fc41d05665d6f814781922,common/temp/pnpm-store/v3/files/09/fe6815e20009070f22b102675de4aa6ce369ac1ffbee76cafb562e3c0d406939936f5c37df0d57a022bd100fe2bbdaa720c8b335e5cf39071aced3c542b3aa781922,common/temp/pnpm-store/v3/files/33/d07e7850e1ccf5508b3553f490cf8b7bc13242a994e948405db6a06a2f3a878755f28737b3eb4b29a1d21d388d5643c9b7ca5e0cbca3553e2fe822898773b4781922,common/temp/pnpm-store/v3/files/dd/2349e6b7a7a8cd8efc5e98a0cc73c9a4ea5815f47c523c40ec91815a606c400dbc49390af0b403e129f9f6a10db8115d1e50c03d56ee4ae42c37866c2f97e0781921,common/temp/pnpm-store/v3/files/c4/bbddd62538601e0d80257d67a688b5a1aaa49f0291c7940b345a6dc5478c2b0b089cf108e52cf5b5d3198f08f87b5ce746be2a65fc131749f47fab4b53f76f781922,common/temp/pnpm-store/v3/files/0c/d2475cb71ce9f351ee71986780c801e53a328bf02c89089a98252a178b14f946eebf4125520e0ded9a3c8d377f5e4a68fcb5dee0b1808ba255ddc18af21f80781923,common/temp/pnpm-store/v3/files/26/42e1325f07394e7b272429972e4df58ae6b8b14ee082b80d3ed1b03a1295e74f4310852b03383ab58e44e406330172794fed09a22cf47d71f401eca210dca8781922,common/temp/pnpm-store/v3/files/44/25bb511d7abe8f0d94595e13ff5a0c95636271c78d1732f25488b5458238ea45c78b870f0a1bd71961b36a176657d0b5d71963746721f1b7ae7d82031402c3781922,common/temp/pnpm-store/v3/files/25/d65598fa85259c7ee7f97dffe7ea9b5cb8e8c1568c7b7995c3256be1936e5fc6d13dcaae246cbfa5f0832d5f002546eb53ab8a017a65226c908df76530314c781922,common/temp/pnpm-store/v3/files/95/b7b34f882c0e6a44973f57f44da42caca86abf578a243c293b7cce35d769186c1ccd38c0797898d403f880a05fef9c48685681d763892bf96ffd8431a94c93781921,common/temp/pnpm-store/v3/files/26/9d009ca03ead242699bba1b68bc199becca647c0c973f0d02341473d5a2c5144ccb32cff6ee198795c2b666859527ac2bb092af7830df2169158a09682566c781922,common/temp/pnpm-store/v3/files/26/1e82f25037260403f003a9c7f7f7cbcd9433a362df2c319dbb6b6d7bb1a8d42964309f47252f27af00a839fd8bbdd8bca9bb251aac4ba662a56ce89115ca99781922,common/temp/pnpm-store/v3/files/de/1c76ddbe5ba86d62a8f9bf727747ac76f63a0829479e08973a6d6a67196af3ec0a7da18383b472166e6327b81de6b2ec7ca832759167f63376800477166078781923,common/temp/pnpm-store/v3/files/e8/0e2e80d81c098dc946eaa9885cf4d588d1021b13bdcf4e8e28569f4924f58f1e37bcca35bd38308f33a681cb94de68a898b5bf86426a8b7697d4d2a7a97904781922,common/temp/pnpm-store/v3/files/1a/1a54f84c23f83f30339e1ccd952e3a3d24f18162346e89543cda2e0ba758f5a87d91afc1a36baf188a13d79b06752a15c13b93289e25755d10daf852943fb9781921,common/temp/pnpm-store/v3/files/73/a8825fa5b3ed9c734112fbe85336561fcea5c6a9777a23553651b1720da995b07fd6cacdc009e93130d6466d2c4258b32b0c88667b20a6e8d7ff530f11d43f781922,common/temp/pnpm-store/v3/files/cc/1cbc839725493b860e39bc052b85dfc8d8755d41d799be41f00def509dfa85aa93e446d36c81fc50be05e4b8579aff80a39e2174eb370c0da2440ef50ad153781923,common/temp/pnpm-store/v3/files/1c/41cd7db6abb3dbf8a60a56e923b52923e47e84b4c5538cffd53390996d8e5b0766625ab3183c69792e65aed231ff2f28620186952c3e5b904aa849142a9e6f78192,common/temp/pnpm-store/v3/files/ac/af46c885d7a0c22cf8f98207acd3eccc6bc41c567f4bcce86bfdf41bbc2e0dd5a71c002d81287de92e4c760fb1786800700bf92f08e6505da4fb9ad41d5d0d781921,common/temp/pnpm-store/v3/files/ee/7520aecaa07689011f7fdd0549cbeb955df6b5ab1de65d982d9d8abc6ecc0fe733f8db3084fb65ed07571c441dd16f78b019c8c3eb7df711bb7f63ac420f7c781922,common/temp/pnpm-store/v3/files/16/29c818e2f04165d6fdd19e7795934b8c598605d1a63f1d8b8f9800e76a94de594a46eb52d3af236e12ee62128681c34a233cb8839d185acd562a839339b5f3781921,common/temp/pnpm-store/v3/files/34/bf144b973a34f61114bae66ae9576234a415ff4ce3148dac2ef0472bdb8054d02adf93d3e762b9a4e5f8be3833002b4d7df6f2b40e4cea4197612005272e59781922,common/temp/pnpm-store/v3/files/2b/d0fae3261bd90b76aa14cee8df5ed8147e1f040aa50483cc1b32e867b309c40c170c2e23ec17d8a719b68610dc4914140d61d11e8d15bb2a22a1fbbad8141e781922,common/temp/pnpm-store/v3/files/a4/1892088afdb052016dbf2f75529a58fe5fc292d9797916185c9098a3556282d3adea88f16c1ed1cef5c72b3af4cf0eee3ca5cbd5c2a71461d263a46ef7a5de781923,common/temp/pnpm-store/v3/files/c1/8dc75e924a1e3256bee4c9141661e47609d0918dc86f795cf99e45781b6ba1311989c35e1a3bfc90b7b666434ccea7e59de9e1fd3737f7c362df285615135b781922,common/temp/pnpm-store/v3/files/26/30b25353b67c3915ee759aa37204281db019103a673a67ecb20a4c983590222347937b523b8319017e43749b2141e224f71d7cb656877c103b0cedabf48115781922,common/temp/pnpm-store/v3/files/bb/0e9a43c038c112cb79db56b682aeb6bc63cb3620de9379f73e5c9771ca31508e48ce24c41e118410f904b67f178400e759c41385c0c9c451e3a642351f6e7d781921,common/temp/pnpm-store/v3/files/e2/ce9221855a657de61481a1124c240ea6a2f69d87a27e2b259509f7227618447339853c71d58e5eb33a58bf6ab8f4e5ff31f654246d9f47a7ebb27df0dae809781921,common/temp/pnpm-store/v3/files/81/018f85d010969057996305cdb9b7ffa626ceeb248971da3c26607b9eda5a30ddbe69532dc32dea81a188ed0f644182c47561a5d9a7d005e7dad8216a7b4ece781922,common/temp/pnpm-store/v3/files/e7/c1d688faf85d1467c2194fb2e92b39190f2c02a6550bd927627bfedb5ebc2deed0041c826a8228287c69a03b77285a5669a23e20a7503503a3b911d6c1c529781922,common/temp/pnpm-store/v3/files/0b/43086403139bd6bbe3d3285829785ad9e1413fa64de05896186e71c35fca4ed2fcba8f61b01f205d394fa0c49045b0dd6e9cdb67c858c4311373483f4f9395781922,common/temp/pnpm-store/v3/files/cd/16b89dc6007d743f2b62cb33d9ecb36a413b5de6dc42127dacc70431c9eb14d2afaa7bb93638e0cc32c333decbbfb06ec00ab4030e363873c3edee524d39ab781923,common/temp/pnpm-store/v3/files/2a/33b50f8b85b3487a8098b5352f0916efd4b06e74597af740a90ba56e46cd7cd6a97cea85081549b051ba365740e24e3ab929743e77ec40ec15b3904f3e2efax781923,common/temp/pnpm-store/v3/files/ee/c1cc38266914d888e9c70205d0f16952b7862675950a2a7e1b7637150d303e5f23054c8dc5833d69ebe0de6c2693d3cf62f64be1df2c5a3680a8809044ccf4781921,common/temp/pnpm-store/v3/files/e9/5257656dfe29729d82b1a0ad782d09fdedf71627e7c9871eb34278e63f0c6d6ae6ee56e7d278ec3cd4da86a681d6cef47f948b5d9f597488528b89e94b98ae781921,common/temp/pnpm-store/v3/files/4b/0db147ac7038e4eb859638f2e4c1c5bfba5645cbeecee7a29c7cfb599393e96ceea1f558a68f004923787d43784399b0867aee1c32a6fd7ec6df9f8155fc3d781923,common/temp/pnpm-store/v3/files/54/636db5f5cf862d05bbca2786ebe00cfacc9c6664e1816bb74672f92e81b8308853d8299a6a687b1509b515a308cd76608885ba6ffb76fe00e7e057cd527a20781922,common/temp/pnpm-store/v3/files/a0/2694b740745fcf2ed8736e9443de88a3b0ff557f6090d8a6b9b49e191f91d52c946160c6fb935b6e9c8a51b1c84e4ccf82c5e00c64107603bf780ae196869c781921,common/temp/pnpm-store/v3/files/69/d2b934bf7996b4a610edbf66b0a457fbcd7cc1d4e6161dfdc457f9378cbf9fe9d17882b1e4ea59f061569fd6e5f8d9544a74743539343c8b691071d71ab6b0781922,common/temp/pnpm-store/v3/files/be/fb9e9fb75aacbaa263dbc33e87235710247ba8983eb49144d2530620f26e894b538216443ae407aa826e211a54b2b0f1567873597aa4248fe010a84ace7c39781922,common/temp/pnpm-store/v3/files/1e/8e53be0d367303a620a0cfc2923a0734a887247691f9ec6821d630da1471544951ce6df9b628a2506ddd7c297691164260ab6f593e6c00fdfe106c7bc2f288781922,common/temp/pnpm-store/v3/files/d8/f6049807d033ea098facd6f4a2d304a34cc832836038a6c561e8a8f12140eb66b90a49149725269b1293146772b84be0d4d1f517e9dc9c88717623de28cfbd781922,common/temp/pnpm-store/v3/files/eb/447657af070acf47ca2a3763098a59bc5fea22241ee3b9c39f346ae7c67117c9d55d9451c9b8535ec0b7b2eab4292a91c54f826036f5621bb975c261b24084781922,common/temp/pnpm-store/v3/files/d2/d0c452699302c8920b652ee90267828cfe600f634587d2681ac2d229a9874f65bc435631b6506006553f2028081ea96fe31f87083fd4302ecfbbaaaf083fc4781922,common/temp/pnpm-store/v3/files/2f/c91b2dc47f4a1a159528af099f82bb546f659243aaa73bebbb3060cb538b2d12b5254030e4f69162b078bf9cbc5a86909eb46f83ec2a802d4c90222b8dbac8781921,common/temp/pnpm-store/v3/files/3e/0c87f4a078623a5b1cb02855052e8c1562adfb1871972aa9f421dfb4d3a1822a6327fcae9fad01cbddc40931bc62b6eb93dc74fcd373e4aff8b6ebb51638fa781921,common/temp/pnpm-store/v3/files/be/2054742db1d2bf582099debfb9e110a79f94e5c476956fa807dd430afe2c243440075a1d24bf54b9d5cb82c5b0e1e2da6b8a7c78fe3838a2de4566e0f2bbdd781922,common/temp/pnpm-store/v3/files/6c/26a7d7c529e5e8d4fd73ab83c3b823a901c3af423b77188f57b4635d709304332db88cbfccb039dc679d172dc1eca14f066fb1fc3584ced114afdd0f947ea2781923,common/temp/pnpm-store/v3/files/60/62d28db3ad31d449c058a21dc8be4a4e8c1f5ba589e425e5f374a0a9a4f8d733844ef3c1bccbe8abdf5e44bee8859744789c27eecdb3e1d63806d420f73d3c781922,common/temp/pnpm-store/v3/files/2b/84c8cd88ce0e7715263385d7ad0a5d4dacba1f5fefdeec92cf74c6c9f927b35008a709d89b71fd3b913f93af5efa23c7773db7b12b7b440024217d21ce5127781922,common/temp/pnpm-store/v3/files/62/4ab918632df0cd40c748758011b2ec37208e5e9f6f34177e5f0cb620fdf2a7a53cef9cf471fc2108693f95b7d0852e852c018b62adb69c7fb6e7656af2a918781922,common/temp/pnpm-store/v3/files/96/041733ed5cad16b3864d5384fa3d97eeabd49b82a4842cd2bfc7dbf3a69d3843f9380270233185db3e41bae01ac2bd94d0cb97a39773615c11cc2ed912c3fc781922,common/temp/pnpm-store/v3/files/6d/cc40c5e7cfb03d01d582d8bc65ed3cda542b733c992d5a52999f22f68fd4207febbb39753ff28024455feb9a857e50855045616c2e004069b14692d9a1b2c0781921,common/temp/pnpm-store/v3/files/06/7fa313522285dae07298599b36530fb01930b665843972168a60b00abdbbb5956cc68eecf735c6c2f6ea325243cbb6c829031c4fef880cec957576ec8db37d781923,common/temp/pnpm-store/v3/files/53/cfcd90b78ab59bece14082f7047ba4abce89ce397338ac220963728d5ef9c190a515ce5fc908d1c9c21ab7e32c51cf588c7bd9aafbff652fdbcd8e92db16f6781922,common/temp/pnpm-store/v3/files/b3/5c533645f49126465778f087ec4d64d41e8e028534cfc443eeeda348ae921b5c6ecd3b0f201b985d160c190a02cc1bba83308f63d7db99b4a2315bd44a4419781922,common/temp/pnpm-store/v3/files/fa/9a891f3249a4c2ac1dd646a1848a86cb14f390269b8b87cab145e7866f4c73ec9201d12108d351b63547613f49ea8585cb8e1ad55e36401d85b243f5f7d5da781922,common/temp/pnpm-store/v3/files/d5/ab9281c29401ab43b14df5134a8d4cc72f5a06b404aa032145c5ab1bfe2658b35999528a36eccb136ce4fc4b0404d3d463cbe1b78233f8b5e3ceddc043460d781923,common/temp/pnpm-store/v3/files/12/70980921327ec5190d9774a3d7f1a3a97a6bd3f6afba89955c90d208be9c40a8140132d4392bcb0af7eb86feceba0f504d9cb9d4f76b28dffa4c6ea326e0b9781922,common/temp/pnpm-store/v3/files/26/f95fe57cbc8b371dbbf84cacc83e9fe0feefb9a34226419a06022993bf69fe0550933017a47e6e9e49b757d983e72d1616e550c9bd7fdaa680350b6c7dd030781922,common/temp/pnpm-store/v3/files/f3/e6e612c4fe3d15d14cb39440157d915f5623aa1c5462c4a92a85718b1de848bf73e343a7c1ed28b2c29b1d10982c224b8d8af921574b4c1d24eafa05f83ce9781923,common/temp/pnpm-store/v3/files/2e/f7226694fbcab53039323a791a8df818e340cd0dd0b0785942ab406942e88e533e2fabc64648f5278e2f9c7405c044a1bc60a78a526de2b81019efd739a5cc781921,common/temp/pnpm-store/v3/files/2c/d1e748bc0655a4ffed17b76e03a06dc023d41464a0639fb644aa32b005dda28f4446b15666ace90ff9257d9270ee48efcac957f1fafe2fdf3d45211cc6deca781921,common/temp/pnpm-store/v3/files/15/225392807d47af32c4bd3e9f473c2faf18694625c3233ab82d34aed44a916b3ca7721ff1c9489cfe8cbc9e09223d3b1250ca7e8febaf71fd82b957c53b1730781923,common/temp/pnpm-store/v3/files/d3/e0d4bea58c55a94b9a16ba96be240fc88030ad47cd5d3f68a9c2b566fdbfdeb8d539cffcc15becf7366f1a314234d7004aebc9756050e7efd98a8d965a867a78192,common/temp/pnpm-store/v3/files/ce/9f6ecd544f0710e124f3453ce2ae6a14f3308cac88070c0a419c91abcf62ef17323c076034d6dfd158104e0c919b810de256fe2907e7c8681e1309f5a8cce5781922,common/temp/pnpm-store/v3/files/f2/4d1bad80f1c0aabbb9d959dfea594a3b2af1d9beca36202191a203aea0afd63d9aff445c60aac851226269df1a3b7f501463136efae2c43a53f6e1b6d7d1e8781922,common/temp/pnpm-store/metadata-v1.3/registry.npmjs.org/@vitest/spy.json_tmp_78192,common/temp/pnpm-store/v3/files/c5/f399ecf9f36b0eb5f6a17d62d8be6b1ae7e268eb9ddfec9f5f56df1e30765d23936ec29b22a095eec9908c79df80aa2728e92417de9c2d4f9b46a7996a2dbd781922,common/temp/pnpm-store/v3/files/a1/0f65af71851afe779d8925e00d5680176c60b76a00182580b4f5e6ed8a1f71b21819134f401ad5aa44ca290269693c28e1117bd4874fc7fb8557b301f900c7781922,common/temp/pnpm-store/v3/files/e9/9920c95cc513e88dee7d0817abd04667793e959f9299409a480df7596ec25186465f478cf22595c8acb14ee8ced14d791f3c42ee33681dfa5dd4510b9cbe85781921,common/temp/pnpm-store/v3/files/6b/09167c96a84f51a1a19a5177f3fb5307591b41459bfbb1031779ae9091a3b1e2f0638a83f9006749a99fbecd7e586d56b36c71b4c94f6294b40a4399bf9485781922,common/temp/pnpm-store/v3/files/af/18242c5af5eb66cffee2504bf664254086cdbb11f3dfc7e5340e9ee195c67a21b8b5c8230fee2b073470827d64df6e6bf3faebc8c822f5d754e654a0d94e96781923,common/temp/pnpm-store/v3/files/3e/a172f74262e88945b1ab5e3f466604e2c050869ed706f043a2da5bcd758d71c2e6ee162049db4374ff6b393b893ee600efb4a9929c7279cdf13bb5a65e7ad4781922,common/temp/pnpm-store/v3/files/a3/2ff6f7107bcaa99030702b868fb59390794188583ee702197e0f2e3c6eff0c79dfb67f8ede7435cc9ffb83fbb8824615f220b551b28e21613e5ed4b74e3647781923,common/temp/pnpm-store/v3/files/62/479b583f2416c534e4fcde34e8963e7f195f102ce3d27a6c2d3aa6d97b28fbfd2584746d75c3ce3dfab1d9ee5dc9827e0b8cad97fd85e683d66613597fa53f781922,common/temp/pnpm-store/v3/files/80/477cb9b7486c441b92d0ab9321e8c1a7f38612fc968546bb9b955d43012c47ab376af334905987228617517e04b9a65c1de5446c6d5b36e163e1a00c6cda54781923,common/temp/pnpm-store/v3/files/a1/a24b3eb3388ff85970b41d56c3caca42cb5f3a6b2f8785a601a1d71ec38769d6d6d3f87cc48e720dcd10d82376cd8de23204363a3a38ffe150d96ac426527b781922,common/temp/pnpm-store/v3/files/f4/c943927829a73d3b59bdd5857943a860345ae8b82d81205a20cf1a4d0a2c768e4342ddd0e03182206533c17ff1993da7901ac83711ce775f101205d766baba781922,common/temp/pnpm-store/v3/files/bd/dd85e1853211728670b1e8abe4c4c828f1b9e49e1e7171cb28cda7cd328345d5e2f5219c37abfe5bef96a33f6ab0796d740de4adbfde88a7c82472c7c4f60978192,common/temp/pnpm-store/v3/files/4e/a8e3f0d5c602285ce095c39cd7ca6b18b113bcbae050c8240198247c4b480a30aa6e2703d0a4227fae2e683022b81df80a6ad4d219f0e6cb79268a2db208bf781922,common/temp/pnpm-store/v3/files/f8/54b2eeb95543a80791d1500d339dcd7cb5a32ee4ea590495c19a8dd8d2328402a72e55841f5f3b6e0c15724883add7e87bab8699835d2ebe60eca9b5db62a9781922,common/temp/pnpm-store/v3/files/72/b9ccc70deb24c39844189ccdf36e0beafb4d8961c4c2896700006f780cf6fef6f00ab89c50fe97514bc305c82ff770e77cc927d83a3caa888e1d7e128b6e27781922,common/temp/pnpm-store/v3/files/05/c2e3f92e06d48f843d63bb9c09e5b5eea00689576cafe3476b6184d7118b2e3d69571864dd2ff6671ba6dc1e76923356f66d7f90ae9c4296fe4c3e5025dd50781922,common/temp/pnpm-store/v3/files/82/7def626392a1c4e01a4c17ab0c54d19593c261ed8f919678302ed7045c25ba21465ba5e21825dd7c5eb5fd7da5804672b8b4422876df5c2884e29de32dda41781922,common/temp/pnpm-store/v3/files/ed/6d045e7ae5e9e544ab671a0ed60e4b85c99400b590e4b4af958d88c751f45b5c6d25b1c53c330ea3cd35117ff920ba60f375f3f0a3ea0f170320efd7399ce7781922,common/temp/pnpm-store/v3/files/24/27eb7882e3ca489f0d812dd790a55697e982c053a3f5d63c8ef0c1864f73d151a779fb60da4911d895d38edef268520c92792ac7206625654d868e997b769f781922,common/temp/pnpm-store/v3/files/8b/5d551f9812e8815e2d8de0301434d3f3262e77153fb24b5cec35be5824cad2e624aed09c4afb3577f42c17717e634f01ec9eb6e90e9346ce62b26b1468d82578192,common/temp/pnpm-store/v3/files/b9/8e17e89f036041084406df52ea7c8f97268bd70c7011d5e0525a791929e9fdab706e62947fc291102c48330f5b3a6d011f2b54d4943af1d368fd8d7a2ab8e3781922,common/temp/pnpm-store/v3/files/88/015a0aa9873b6af567bc7f8a25cf06cdf806ed94eb45c2be8aa3c36466a923994d7fee85bcac4a2263745545626ecfe78987297f49f855003815aecee2356a781922,common/temp/pnpm-store/v3/files/d7/23eacdbf257fded84c19ba0fc8b4e960049bd3b072e30bac64db4331d1da10098979b6244ca60037e284d5466f9b28d29170fd74d1204f167f3a77731d0f79781921,common/temp/pnpm-store/v3/files/85/f497c0ce8c4d4002335fdc1925092d624f5a71fb1c9e80065ad9882a6ca90eae0eb0e5c44de88b236cf3b49eac1c8cab518869cc09326cf1e2d8acd8673d15781922,common/temp/pnpm-store/metadata-v1.3/registry.npmjs.org/@vitest/snapshot.json_tmp_78192,common/temp/pnpm-store/v3/files/d3/fc08948831f83f45ca4ee1b238f9a45ff44e1d97fea2c5d3e929b82306fed30bfcb952d44a932d13caa72af42c01ba83225675820a109c3bf11cc4b47768e6781922,common/temp/pnpm-store/v3/files/71/2783abbdb4addc0089efbb8a632a6dc88e325302c327b85ed8feb7991c1d1b5dea779f054d436e0727e354fd57b609b6d321808b9091f70162882671896c92781922,common/temp/pnpm-store/v3/files/b9/cc18eb128be514c0f7c865ab2790eabd089db1958a99404e240aaa254bfb099ca05489c08978b783114de21a40417176c49070456ed805e0f403783df7bbaf781921,common/temp/pnpm-store/v3/files/0d/6bcf34ab0514e1da3e66faca9d5232ad502a28de5cdf43e503991d89554afb6b11da4405933b3e32deca6af6b176a0101eb430a778a8165ec0addfce274053781922,common/temp/pnpm-store/v3/files/d7/462b6ee620aeaddba71a61a60531c507b5b5fb69e23f12cea44b101eb4e3e68e1b8c20680bc0f21dfb5df6b16126791eac414ca385d62a0c253c95747359c2781922,common/temp/pnpm-store/v3/files/14/4694b417af33d29c1a5e8bdcd0fafd2ceabe7b11dc4783eb34f9e89a2405b1d5e8887ecf61b25d66229f5a0a8171362e1e230260dd3c987f15d3c974dd0a27781923,common/temp/pnpm-store/v3/files/12/4854221e91112363fa3ba2a0ab8988f84e52aa132fb07ba7ada0ef3fa5be069c0ecd452d8d43f3ece9aa29c51a95aa774bcfd756ef7d538d712437c5b5a28a781922,common/temp/pnpm-store/v3/files/47/0aeb900c88bcd261a4efab80de31a56a44dedeaefba623b8f60e23d011fef83dc406e28437c131ac32a0c899917513cf8f0565cdad9344c1ba5a0c61e5bcfb781922,common/temp/pnpm-store/v3/files/91/b8ed1928702a149066be221700417bac203798679fd0ec5dcf8cd48906ac07b2d962b9547874cb56189b92bfa8c3fc8f79134fea9725d93eac1a61de5ebec4781923,common/temp/pnpm-store/v3/files/b0/dae08a2f76407bb00c236177c5e5e352d59232361c2c61d44d6c5ffa8722289413f04687d32920a2eadca10a7cbd944de28be05b0c5d7f59259063f138e890781923,common/temp/pnpm-store/v3/files/b8/0ce2d60a400f493dc4d4f617c791d7be5933543ab02513029c87945a6c4f6933d1dab114e3c121c41f58c2632d016e02d628ad8a1c7f1f059bfe5fe0ad66b0781922,common/temp/pnpm-store/v3/files/75/e0599ae2c9cce60a79ae155ae777bc29883e3b70d6d479f102203d1c996fa072a0c7e2f33298e825e7ea1d04152315327b24dbf3f722f4afc9d8d83f21c06c781922,common/temp/pnpm-store/v3/files/d9/f4142544b58629a38b0f599de8445995fe6709576c1a6d9b8993e186c49d744be7d8a1c9be3617fd280a61388e0a9b76564eff8487750a0c34b9d538ff142d781923,common/temp/pnpm-store/v3/files/47/e383a6bee99de55997e5c54374dd8d39f63c1dc6776635d0e55a43a6f95e7d9fa405657f82bb540869277dccc2f220c62d5be224fd152d5d1cee958eca21d5781923,common/temp/pnpm-store/v3/files/82/19e76006a4ab338589d72acfab0495078d95b8f7bff9e8e77b3beff628c0baf70e9070bcb951671ec473cc759b09cf8b37dfcafa7a612e897f08e570e10d1c781922,common/temp/pnpm-store/v3/files/c4/4681f93046c28c01223595032807dee084d14604f2253563cb3b592917fd0bd422b095ba17e6e49d08d94cb3015b13b23175fb9456a90590f247dda6e468da781923,common/temp/pnpm-store/v3/files/4a/17976bf11b0599068f4e0660d2c3ca98589c884ea996521d56e5811caaac306926fb48629fcb2a9a1c074aec486a5f73c2a27fcd1cee5a7e9ad1ebd24db0a6781922,common/temp/pnpm-store/v3/files/3c/79fc326dbd8b858d9e6c35c77d12ff11ed57158d298920f59d8eea96d2d481f79bbbdb77c3f6dd41db21cbb789857ed67d1116aac4a3d6b6bdaf162f91b763781923,common/temp/pnpm-store/v3/files/45/d34964aa500c7b7f82450c8906495bc324c1acb7656346609bf95a9e60c57448adc29aadee41499371c22fa00e913366d290b08eba5469356bb1d64d462a68781923,common/temp/pnpm-store/v3/files/09/7d2f22594132d377f178e2fb0bbccc0b6846f9cef8068c057d31da51db34068656e78b3fe3a08b35706846bdda087d87179621aa498ffcb455a75092037be2781921,common/temp/pnpm-store/v3/files/93/9a1ff247736e9abd3cb2ef4d5ee470937b54876a7975042e2e0635693ce46f6fef0c3c689dc69a3a78fc62ca648bc0cf6c80e7537811445f6c98a06eb9fe08781922,common/temp/pnpm-store/v3/files/65/9af26419577cf38c50444a077ceebfc9571953d589ba909f93778b52cbb5c43f9db0804d9fd6e397418bf90d5de6ed17e0b3a8e89bbddf491e0d1751b37918781922,common/temp/pnpm-store/v3/files/d8/d00a7c1ca75b9cccc1ce23f1a95720130888c6a5323a4976b6a36ce8bd094f763fd0a560262a027fc9f8b42f586e08622471ef7fb5da511cc2c74ed9939f25x781922,common/temp/pnpm-store/v3/files/60/05e47ef1adb93cf059b0d20027494a0e00e0366202a72459ef7465aa5cfec117dd7bc7730d4d76eaccffaa1df09db4eed483a8d6d2b2074269c060bc9285b878192,common/temp/pnpm-store/v3/files/ef/3abaedddcde6b2bf8e5a83b48fab6acc3eabc5a115454d0d02fb1464e4e16cfea8c658e1e296798bfe7631dd7bf70e49de50d449e6f9ffcdee3728915fb0c3781922,common/temp/pnpm-store/v3/files/77/c9c52835cb3a3adfbd7db2b0e30c1fbd2599de89ceb2423140ed4ab96a44436bef072120003da3584c5fa8b5c46fb5017ebe3767db1aa00a925c278f1f30c4781922,common/temp/pnpm-store/v3/files/6e/66329887398d4c17b1bd197eed578eee2da0ac5ac748c77e0ff979b81958c1a835a6e1fbb2e0e4682aee6763c191d5aff6c78b68b19b3bd00ca49c33f68f4e781922,common/temp/pnpm-store/v3/files/f6/bac0df431144fde0043dc74c69c2e9c0c5a5a1359150d6c5682a58950dd11bc3340a3e373ffd1b107e9c7387d227db545cb485203557abc50ef9f1e789531178192,common/temp/pnpm-store/v3/files/e9/adfc48c47f9b6fc00626212d1f1bff0f33cf88a1012899d8ed877448d75620192024953e5e6ff921d5f09b860e25b46b73f82d0dc2c3ea56e437d8b52a7250781923,common/temp/pnpm-store/v3/files/e0/e21177eed80f37cb00ce517c8afa33b16982180f93b92e1e9033fe2913fec5b737d5d095f3003d60c441222cbd7b5902aba976dd181e36f519cdd6f107c8c3781922,common/temp/pnpm-store/v3/files/0f/d0ae487a7419482225d43effdb5a51c47d384ded5c6e60ea1e28c0073306e76a4219e16685510cb603851c8c7de4e7d8ef24a7dee68b7a76386b2f5c53eab6781922,common/temp/pnpm-store/v3/files/95/4f85898fec0458917f9af1db5c1b7e5eaff25df00e9f27ea142774b2b90a3dade2a8a60653a2eebfa28abe7b4059f89c0de48b941f5deb2610d86f07a0f857781922,common/temp/pnpm-store/v3/files/37/0fd9fe1e376f876c99f249910faa3e1a57ac46d96307989534d9d1614630a72942d84eba2a49484385d68082bac337f06e45fcaa14e77080aab783d40a6743781922,common/temp/pnpm-store/v3/files/5d/f2b43acc791e025e175e74e999623cd2c3ed2ef66c9628d3f13381ee7912b17329840ba3e676f2855360fd2fad076f852c018b8d17b6af48a15f658cd5b61e781923,common/temp/pnpm-store/v3/files/36/71cad040be11fe9d34800d09c7508adc83726922780f26e5be8b06ac750fea851aa590cf67ac1023eefb5fc01d22e67480a2a582ab1f7e97b5c9b1f067b213781922,common/temp/pnpm-store/v3/files/4f/a02054785236484b0acfad0188be8ebddc861ae70f46618907443ed7dda4f72ad5f702eed0e32da7c588e7e3e17e040ccfa4bbe2dc86a38ea2b0af8ce046e4781922,common/temp/pnpm-store/v3/files/81/66e8557b69c95b1e40aaef55434eca3e343de4c695bb9701c76e660f495564b4c0a04d171edb599a9fe878db2402f855fa4727fc44cdcd0d01d774c15d6c13781922,common/temp/pnpm-store/v3/files/99/ee0f0e472076d34509de8b45add6b4a8783270716efbe406e9f739c563f7c5453c87e4ff4039d6c99ad1f8165dde03c7baec2567c70370eb15ca221dc5db1a781923,common/temp/pnpm-store/metadata-v1.3/registry.npmjs.org/@vitest/runner.json_tmp_78192,common/temp/pnpm-store/v3/files/9a/0dce3cc578857cb0c29a03c6edd075ae7108a422faf09366af12f49fc4a64841d87cca5eae12345644dfe34af77258c5cf153127a9fa5394482fd154a681ab78192,common/temp/pnpm-store/v3/files/a3/96bdc4a8dbb6e858e818b94b7f87bdb444466a2e69b59bc947295d7500d6ef863542a844e8bd6f2389f0cd271db1d81e46080a2325ab1920d4a9189a6db94b78192,common/temp/pnpm-store/v3/files/92/0dbc35513874728b8ef6f6b4e8c81330c989dccfcf2e6dfdee362312ffda80d5683dcf4363eff9616d5d78d9a804153eaabc96100785382468f1e8e987cb41781923,common/temp/pnpm-store/v3/files/e0/2bb551d921bce3b865b826b9d2c70433c3c7f90c03b6c4d055760dab54264aeaee98097c735076b02395ffd9f473ee928420963c492c4a8bb6f04d35a52034781923,common/temp/pnpm-store/v3/files/be/688838ca8686e5c90689bf2ab585cef1137c999b48c70b92f67a5c34dc15697b5d11c982ed6d71be1e1e7f7b4e0733884aa97c3f7a339a8ed03577cf74be09781922,common/temp/pnpm-store/v3/files/31/1764a58bcd44e286665f85a806cf5060cc509a1f917ced6f49a8bc0b87b150076800a6704f5b019db92b974aa7dd02d7b076abd29465a29201ebe1ab5d5f8a781922,common/temp/pnpm-store/v3/files/b8/8e58cad67c5f95956ec9b6c1769e66f2c780433778e4a97d49c6452b587224e4b674a13a87a25011bb3ff5910a424d5f34b3a68920e6f5e6a6245b0c21d5ca781922,common/temp/pnpm-store/v3/files/b1/18db79c8d45302cfafa00488de4e20ad56b41a72131c323b5e74cb9cbf398492c09209647a1e8e05ad1d0f32183d31bc417383a21b5c834c0c1ef81dfd8d76781923,common/temp/pnpm-store/v3/files/ff/523bebde1a8e9ec0ea8cc1bef96a5fa1e46f77e4870fde2011f5ba205559c42f415159473a7c8fb6f49db918988e24cd8631a27d9621d4dc6393ea594aa8ce781922,common/temp/pnpm-store/v3/files/43/c3949a8c7938890fe287960bf4195cc1a68d9793218444a1a7cad9174a3c14c719d5645f64fe8c7434673495baff62b1402d6f6cfd3f2f06ec0ea313960254781922,common/temp/pnpm-store/v3/files/f8/25d135b92d6ea44fc35a5c8687c914ce5a6b4add077217b730eb168dab8243cc368bc43e54a7a736f564de633e30d416bbb0d0c71391d219513657f1498572781922,common/temp/pnpm-store/v3/files/5a/375849cce62acbfb6f5d465f4bb0ce0b44e6cec5bff7a68aad22ae6d0477cea74f7d5f6f99456c1a82029bc859935473bd3f42e1546008a83ac1f86ab4a9d3781923,common/temp/pnpm-store/v3/files/2e/2aa1b381710a7790f77e75deb2c26974f6878a1e406e7fe26f322825c0e0c34158cb67c9a01c8da9608690d1e85da59056ec45655520b4d6071b646351b1c5x781922
[NX v22.6.1 Daemon Server] - 2026-03-22T09:31:41.427Z - [WATCHER]: 29 file(s) created or restored, 0 file(s) modified, 30 file(s) deleted
[NX v22.6.1 Daemon Server] - 2026-03-22T09:31:41.427Z - [SYNC]: clearing sync generators cache due to file changes
[NX v22.6.1 Daemon Server] - 2026-03-22T09:31:41.427Z - [WATCHER]: Processing file changes in outputs
[NX v22.6.1 Daemon Server] - 2026-03-22T09:31:41.427Z - Time taken for 'hash changed files from watcher' 18.56895799999984ms
[NX v22.6.1 Daemon Server] - 2026-03-22T09:31:41.464Z - [WATCHER]: 66 file(s) created or restored, 0 file(s) modified, 66 file(s) deleted
[NX v22.6.1 Daemon Server] - 2026-03-22T09:31:41.464Z - [SYNC]: clearing sync generators cache due to file changes
[NX v22.6.1 Daemon Server] - 2026-03-22T09:31:41.464Z - [WATCHER]: Processing file changes in outputs
Time taken for 'plugin worker 78221 code loading' 48.427375000000005ms
Time taken for 'plugin worker 78222 code loading' 49.977041ms
Time taken for 'plugin worker 78223 code loading' 50.540209ms
[NX v22.6.1 Daemon Server] - 2026-03-22T09:31:41.501Z - Time taken for 'start-plugin-worker:nx/js/dependencies-and-lockfile' 75.40733399999954ms
[NX v22.6.1 Daemon Server] - 2026-03-22T09:31:41.501Z - Time taken for 'start-plugin-worker:nx/core/package-json' 74.85833399999865ms
[NX v22.6.1 Daemon Server] - 2026-03-22T09:31:41.501Z - Time taken for 'start-plugin-worker:nx/core/project-json' 74.57062499999847ms
Time taken for 'nx/js/dependencies-and-lockfile:createNodes' 0.862166000000002ms
[NX v22.6.1 Daemon Server] - 2026-03-22T09:31:41.511Z - Time taken for 'build-project-configs' 81.35150000000067ms
[NX v22.6.1 Daemon Server] - 2026-03-22T09:31:41.511Z - Time taken for 'createNodes:merge' 0.16033299999980954ms
[NX v22.6.1 Daemon Server] - 2026-03-22T09:31:41.511Z - Time taken for 'get-all-workspace-files' 1.3935829999991256ms
Time taken for 'build typescript dependencies' 0.043250000000000455ms
[NX v22.6.1 Daemon Server] - 2026-03-22T09:31:41.514Z - [SYNC]: collect registered sync generators
[NX v22.6.1 Daemon Server] - 2026-03-22T09:31:41.514Z - [SYNC]: project graph hash is the same, not collecting task sync generators
[NX v22.6.1 Daemon Server] - 2026-03-22T09:31:41.514Z - [SYNC]: nx.json hash is the same, not collecting global sync generators
[NX v22.6.1 Daemon Server] - 2026-03-22T09:31:41.514Z - Time taken for 'total execution time for createProjectGraph()' 4.040166999999201ms
[NX v22.6.1 Daemon Server] - 2026-03-22T09:31:41.514Z - Time taken for 'createDependencies' 2.9579590000012104ms
[NX v22.6.1 Daemon Server] - 2026-03-22T09:31:41.514Z - Time taken for 'nx/js/dependencies-and-lockfile:createDependencies' 2.932042000000365ms
[NX v22.6.1 Daemon Server] - 2026-03-22T09:31:41.514Z - Time taken for 'createMetadata' 0.006790999999793712ms
[NX v22.6.1 Daemon Server] - 2026-03-22T09:31:41.514Z - Time taken for 'serialize graph' 0.15949999999975262ms
[NX v22.6.1 Daemon Server] - 2026-03-22T09:31:41.517Z - [WATCHER]: Processing file changes in outputs
[NX v22.6.1 Daemon Server] - 2026-03-22T09:31:41.517Z - [WATCHER]: 14 file(s) created or restored, 0 file(s) modified, 15 file(s) deleted
[NX v22.6.1 Daemon Server] - 2026-03-22T09:31:41.518Z - [SYNC]: clearing sync generators cache due to file changes
[NX v22.6.1 Daemon Server] - 2026-03-22T09:31:41.539Z - [REQUEST]: Updated workspace context based on watched changes, recomputing project graph...
[NX v22.6.1 Daemon Server] - 2026-03-22T09:31:41.539Z - [REQUEST]: common/temp/pnpm-store/v3/files/62/5e86ee6fd76ae6169d91f095e048fad60f821229a159a778a55088e9dede1420d0673abd55d06a176fab710097f551425bd7c5f3b4748f1e798ca259e0fe0f,common/temp/pnpm-store/v3/files/45/e5172a1e230eec782ecf0216e2e22cb192e2227b67d2aebea3f6d1cad2141f208f03dc3fb8370adc4b1833c30d2decf71f9985fe4122593da8f8540cf88bbe,common/temp/pnpm-store/v3/files/cf/655c3b5d69a1c8e7583bfc3f4b5201c57190e60d3429db90a688fdf9be82f93a767d18a4e1589d84a08107f92599047d9ce1b3047e7892df980b11b4b4c524,common/temp/pnpm-store/v3/files/f6/79d07c9729a7cec5453b755350ecfaafbee8f70ec4bdc4e165ab851620011a9992a51a04a1ce29652502bea8d47ec426cb616ca912cb4209b39bfe681e5963,common/temp/pnpm-store/v3/files/37/86c42b3323cb702899dd5e803ff6303f4e99fc1dac8fbe5f69d7ef9e734cb686fdd0cd0c860566cae28d97746b2bdd8d4f9b80c2f5c7077e7518f8b1e0860c,common/temp/pnpm-store/v3/files/81/3c4cd3038dbc9ec8f06e9a2d72590e02f0a5636b41eaa8ec5d5ba3dd601818e9f2321805c9536c25f7325be09973927cf3362b0b5fdbb861a2416a1af6cb66,common/temp/pnpm-store/v3/files/c8/53c8dbc55ccf2d575810e4855227fd10ba7d7427ce7760dd8774934b9af9afc3b51bb9b99fb4c190b635d85e9ebad8ef66cf8483ba62d5a8a7153727c4a81e,common/temp/pnpm-store/v3/files/b4/a2717c1cf5b2f245d9902657fd9c7a2d86cf8704460307c7e9345259cc3bccc5c300e0bd847947a20e9acc6d503b307de60dae367e57aa82d47493f0830061,common/temp/pnpm-store/metadata-v1.3/registry.npmjs.org/postcss.json,common/temp/pnpm-store/v3/files/e2/e30911bdaa78f3f996674a252089b59b803ef2ba18d1959b3913b266befd0dc2638088adc02fe81c8a31305816bbff98a0b5a9b72c7020ad91d303ee826d0e,common/temp/pnpm-store/v3/files/4a/ec33ecaa994349426eeec32f9573c90486119d9ee61970b57b8450f4dfc0e0b15dac2777ec26c3e33bf1e678e0ebf20dc034638c2ac5a32d8b9c4d20539318,common/temp/pnpm-store/v3/files/e1/9e8aa8732e1e05ebf8a03195d94611b9aee268ceb2de85f60d1b031d4e5be7c44a848085dcf8a8a28b15f7f930821c5e80d7a8ba348ecf2abeec6b568e20cf,common/temp/pnpm-store/v3/files/2f/ccaac854d1928649379f20934464f6ad4d2a002ee2674f2a6cf4aa14e11ed60891d61516a85f0726c9bf255df5cfa9c7e3d62cb56ec19e10816d3e4557612e,common/temp/pnpm-store/v3/files/f6/f64169a72401595cac998d2c11d2fd64fc5339db648dd4693a5fbba597136314241b3e80191a81d5ec5e6a0b321dfd3d513a8c9856c026593db140ca390d1e,common/temp/pnpm-store/v3/files/ca/a8f1aee306050276806e07b6366d01f5c0ac7a266b30c7a05c05166659974afb3dda3ba822172aa28765cf327a8320cc927ea4eea91041daf95eeecd696b01-index.json,common/temp/pnpm-store/v3/files/8e/ad1d5facb82e7470fe024075edacc52b88bfa1b41e69b2a2942270a0cfaaa11051310fcd5dac63a9b18f36cf36d3fa2c3c9b2483130250a54af5a04933131b,common/temp/pnpm-store/v3/files/7a/e6a352c39b5c90ead442860ccc27ef723b6963f9a8aa62d1c6b4984dabad95c42a45f301fd345c482603153c150029a9d66cbd718ba8333acf2ea3f9be681c,common/temp/pnpm-store/v3/files/95/ce07460c87b76dbeae611e416d3f017578ac1ac1dd5cd95234478a7be0baff8281a2d3a82a53bda196ec21a0cbbaa245e31db36d1eecef9afe055d40d16229,common/temp/pnpm-store/v3/files/b0/8de91deef61b6b029cf151a70fd49dc753c0a5dbf05316fc1b4826a6056e3fd41bbb02a64517a02c79f7cf0e9741ee1882451ed02fb65ab4d996c8aa00bebd,common/temp/pnpm-store/v3/files/0a/3f1cb1522c6e7595186a9a54ed073ffa590b26c7d31b0877f19c925f847037e9f972066bfed62609b190eb2bc21ff7b31514e08c3de64780fef5982cbb21f2,common/temp/pnpm-store/v3/files/41/0f78128806493521f3a0f47b775852d99394075da80e7cbe42443f856ff19779f623fe0419fa61ba68eb144622749b3f05c130024ff24b2ae35e5417f3968f,common/temp/pnpm-store/v3/files/e6/87fad026c3e0e192b7da80bacd22b3d157da42e66a8e0d1bf4ecc62272c46c8c3f0abf85ad6991acc037e09b683d5472b2eeab5338c03b10eeb6726ef06b77-exec,common/temp/pnpm-store/v3/files/1e/33f8c7bca3fafac31fb5999f8d08f406b0bb26c287ceb26ac35e927f4c2601012ffd8df718cc2685e170849a090261fbbe7fb225f93417a10a597bfc12953f,common/temp/pnpm-store/v3/files/fd/e08d10c53bb06fd476597ac35444b6e2755d2ab46681def041418c3df234ba24b3f4dccb37542ee1e3b78f154cd9291fcb32529e958351ad05a38d322839f5,common/temp/pnpm-store/v3/files/fd/f9752dd1bb4bd1eeaa4d901f06d591c5f33bc908002ffd75be56a6d94336b7c5feba20d1c5e596ee53da7c21eab17c351254bb5c8961a85a4eb03a9e357ba6,common/temp/pnpm-store/v3/files/ae/150cb78749ba1ded919f43bd31066532eebf4deb0056b8467c5f4e48c8acbbd3427bc68c9498a1769602bda7050bb41206ce5f0a32e7317e20af8de44f092a,common/temp/pnpm-store/v3/files/5c/053358f80c920203848bf9478f8931e20691bc563a6e117503faa0d9fef6667fbe19f1273dd164f866736aabec1f9e99f382ebdd6f048dbb07b94842ca6176,common/temp/pnpm-store/v3/files/67/1d3c20e1bf1ff822693276b9a05d78bd9c6163de733b8612832d44b6e5b11451c79b0febb71b6871155e949ab159e45f4ced9951072c88a7db934238370e9e,common/temp/pnpm-store/v3/files/5b/6dad46d2a0fca5e0b8a402f8209f6937ca4d1ef89d0fe5a39cee958740750041f531ef44b55760e3faaa3cbe6ab0fba79e28d572125c8a3961ad39e93c77c1,common/temp/pnpm-store/v3/files/20/c8ef3c2b5af467c0e08f454163b8f1b9365e4b2dcadf638b1ea498da6ccfe1ffd59d1d8afbc87f4770fd83d108589bb38a49e8fa11c5f9a664c02fee73f6b3,common/temp/pnpm-store/metadata-v1.3/registry.npmjs.org/@rollup/rollup-linux-arm64-gnu.json,common/temp/pnpm-store/v3/files/b6/4c28a1b320c91ceb039e30f1a8cc4f93cc7a4780ed69c86a84dc47c3a4c241234b7404cecafb7225e38e093433435edf96faa396b8b35b58b64f73ce8c4f1b,common/temp/pnpm-store/v3/files/c8/efd0efa16ff5561e0c0911275f9f720a1e33ac6e5f57de1b5f667a29ea20b54ad9af7e6d72542b4c96f9cc34071758c7e9d41ad59f31b699771abfd80ff775,common/temp/pnpm-store/v3/files/69/a22fa71f4a4b0493080d6778c53a8aa04a831e42ef0e57a67c3d1f289b9443cfcc80fa39342ce43c18421c9d16065399b114f980519ff781fdb1f0dc35cbd2,common/temp/pnpm-store/v3/files/a0/8fa91d1cf597d57df7178fdb92603f09a371a26681f3c5b3b8afdf28806c5bea2f24d796435a1507798321e2b86ca2b306d3153da76c27ffdd68cde508bf00,common/temp/pnpm-store/v3/files/07/fd2e43ba7e7743be361470e32daf7e7cd9315a1fea5c4c272927cd906a498d412006943504b3b58e77fe96156263fffb7fb8af2a650dfa554133f884217233,common/temp/pnpm-store/v3/files/86/0eef2cb2ed1d8bb36dfe12ac8310b68ae4a24bbc194ea180a8b187c629b6824960486772d4b822d50453b9f1d1edf6aa50b7f32e792da3b64e06501c780ca9,common/temp/pnpm-store/v3/files/39/6feb5fc3bf8d79e6f36132d64e38a4e6cfb5d6e57e2b969eb77c5fb189ede9889823acb6e9c66d7529a7b1dd06b1505faac9ce7dec3d3dfded6a79682c021e-index.json,common/temp/pnpm-store/v3/files/4f/38e594cbcb261968f39cc4f91d4a8feef337c0edd4543ab91f8205bbf2b38fc350e24680fa1b336261d2e7a408611992c5b05e601d2fbdd3efa87420c9f9a6,common/temp/pnpm-store/v3/files/3c/90787ec77df6a9535a4e50ad6969ca18d4c30c0d549e606bcade466a20224f501807283bd444b757c05c9dbd8783dde434659f09974791672fd36dc027a17c,common/temp/pnpm-store/v3/files/23/3685918066a4f8208246028b693fbe8afe27f4212f091b8b009d13020a96388f472ab124a5b1b69a126b419ab0f01529eaca32adb73cd50941bd9cf29bccbd,common/temp/pnpm-store/v3/files/70/8387e9f114087e1734dc359cd31230ae44bafb773766c82da0ebe1f3b539449276a64bc5c66c1927a56715a4d74d73565dde2d49c41367050e40f51b63f981,common/temp/pnpm-store/v3/files/31/3f8056c59741aaa6b7e9de4d0f0a51222ba11c56f4eaae5af2b365a978c39b0d34c3a000d89a31ab0c6d8bf094b4c4e0c1d617ac36d3dbc46e45f9be37e2c3,common/temp/pnpm-store/v3/files/25/3e27a9ba0ec410312d0e993cf3c12baa4260760a2665a6a49b151d51ab232d97e27d48bc4ca80b79d24e65b6a4503d10f0018c91fff97950347931b9034a59,common/temp/pnpm-store/v3/files/ef/264c836e258796491094e8ebf7a759b9b018e2f95c917e64133f0057633a3e27b9ca60cf5c6f5a2433726c8ea713b70d297c88f2f96e6e726b33f2ef0a05a3,common/temp/pnpm-store/metadata-v1.3/registry.npmjs.org/@rollup/rollup-darwin-arm64.json,common/temp/pnpm-store/v3/files/ba/dbcc2591827b99c8d3cfbbf2dd04b8feb51abecdb8859556227ab98f67536a72891338fe228837129780ddf11421e0822d6ab789f521d084e908c540a9ba7b,common/temp/pnpm-store/v3/files/62/5bd18c38f684b5ab45bc834ba97c7a2bf96f186ad9bedbb4b3e8e0afcad12036b51fbc080606e93d3d49aebb36aeafefdd32da5b1d5379205ac85d2eca1b03,common/temp/pnpm-store/v3/files/11/a20eb17f515ca2a9901bc4e87997c76186dbe5fb0e53707b541c94533b6bd6c7dd29edea39c738406303c56010e42fe1e6aceee8e8066ccaf1abf204d08336,common/temp/pnpm-store/v3/files/d4/1e50488c3136d66d9bb10ca9c7851f38f9e91d23edf90bb6d3496f3fb19d354cefd4a3d935e54cdccf0200a98ba83b21999fb25c9ec3be0304c31dbca43575,common/temp/pnpm-store/v3/files/fd/bb9c38d6a565e0b7724bd40fe297e2a2c1bcde46d22166f44367771d8c4566f95c1e56a44697a0d8036ed7520eb383284acabaf2730a22c718c59c6ff25cca,common/temp/pnpm-store/v3/files/ba/b8a82fcfae496789623ba52f6ecd59a9d93264d4c9054750990fc4cd3ba2ab077641a83da02ad127dbe48f25a9937d4847af54778b5ea2d9ff703a56453664,common/temp/pnpm-store/v3/files/b6/4593ba152f2830179e5c2757d2947adeb4cbb9d96094b9778551203412a25145fc1d11e18e14647bfbb5b17c9703597b5b0b16d2d67a94dd2cb6cbc3ee5669,common/temp/pnpm-store/v3/files/d8/de49591c8d3bcb78764534a9ce98f406e99ad9dcc3443253c88e62a5631def3664546fa73a927b5537c0a06eed2aebda42ff0479e560dac01a8b90448a3b2a,common/temp/pnpm-store/v3/files/90/e6197e026b063ed59da0fcd385398445744b2fabbd028969a0d2e8bcdc89974a25b8c6924dadb38da5b0164ec5a2ccfb37edba5574e0a49b80f6125b3810f2,common/temp/pnpm-store/metadata-v1.3/registry.npmjs.org/@rollup/rollup-linux-riscv64-gnu.json,common/temp/pnpm-store/v3/files/d0/51cc7887c786fec5fea18fc86c13a4ec0390d9b7258c84659970e1eb786582fb1f312f8339d1949fad8dd782dc422f8037e34b11bd69a98746c233c5787f15,common/temp/pnpm-store/v3/files/1b/e2cef510bd9dc9676bbe8152e537723634e07abd2fe1f014d143037361c3fe78ea154441768a8760f4b35ce472cc4c3805065b8a2115f87172b08797683eb6,common/temp/pnpm-store/v3/files/03/cfd5fac42447a38d430e5c377af7491629bf9649304ff50ae0524be870148a3a55652a11e9041026e2a653f0df05cedc5c41b2c830e9d5349fdb705d46dac9,common/temp/pnpm-store/v3/files/5d/2fa268aef7ae367ca9d0e5b23de51510dcebd6109d9a49ec0e679b81cdffa34556856936a1211aee8969394ceb543f163ee187bb99c0dadf6df81af7f52a84,common/temp/pnpm-store/metadata-v1.3/registry.npmjs.org/@rollup/rollup-android-arm64.json,common/temp/pnpm-store/v3/files/04/5517d5df0387dbabd6752b8a40c5e93aa05bdb303626d14495e4c8add1ba01d69734674c43687f60bd83679d3a66b6c245b3124525af76f1a8eb2db9d243e0,common/temp/pnpm-store/v3/files/be/ccd62c8a7a098dbf70e7530d539b046b5ef960bebe5dfcd6e667f6d5cd54df804173242b376a26591bddfa9fb5ec69ce6c419bbf9d61cde94bac417c385de3,common/temp/pnpm-store/metadata-v1.3/registry.npmjs.org/@rollup/rollup-linux-arm64-musl.json,common/temp/pnpm-store/metadata-v1.3/registry.npmjs.org/strip-literal.json,common/temp/pnpm-store/v3/files/78/c9bf33bc241bbaa62df281f0f1f03b20ba5296b7e44ede119f430dc5e73b3727d3e377dfda8e9c3986a3da8064a56097ef9e39c461e29bed91d58837330b4c,common/temp/pnpm-store/v3/files/0f/a74b24e57308233bc8157ac505892bcd6a3fde142567d4902233790518a22c10e2149528cb6cf4e67436fb97d4109482be54f4324db6dfe147d81040b07ede,common/temp/pnpm-store/v3/files/54/435bea7030bdc323023fbe9bcd77d911f943e76f268640c0716f00e6b02c37b369180355783b52b08be440154813fed777b24bc9be3504e88ef2f3b169c03d,common/temp/pnpm-store/v3/files/11/bfa65758dc2ac1122b40790d2ee4fc7d1810235052b2527ab7d2acd82294f68d17c0c6017fd144814d7879052da663d1429afec1815c997877bf10857d6516,common/temp/pnpm-store/v3/files/da/424fc8d9c6e5b4034ab8b4e1eb038471fcb9daae2e50c7538e2ede5a8f1aba3676d87279cccf850bcd14528d8fdcf9ef82cdf632bf0f557782603cdb526483,common/temp/pnpm-store/v3/files/84/a71e1a6f915452a197e892e58f9ee88b29e5bd7537d2f9f6754bab1c8948b61e2ded65f8e609c2e60f4579a8ce63d5f1e0d28206cc103d8b1188ee10fe37cf,common/temp/pnpm-store/v3/files/d7/6785b42a729235249d0a805fc672292e0931ff839728693fbb4b73703ce95014cd9a48aa24cfd60ce008de73388db789a1f9818c5e25561977d3b17d298e93,common/temp/pnpm-store/v3/files/df/b6c914e4e859162cab76e970b3eab0af9ac6d4dedad72c5eef98d34a5619cf1bde606288c8387946fc188c382f9989158fa5be2aacdebfc8953c6b2a26f027,common/temp/pnpm-store/metadata-v1.3/registry.npmjs.org/@rollup/rollup-linux-loong64-musl.json,common/temp/pnpm-store/v3/files/00/8fed940668dc88775ca95ddc7aec398d662f0d371091aad1b1c113872355a78e0ecc6dc5fc0cfd2190e3c1f4a9ec7628eacb81ea5fb29ec17575f88dd46e18,common/temp/pnpm-store/v3/files/f3/744927de487d0947f71bb0d57ee3a6f24a257a4476dcdf237daae067f5335b432eb7cafa2d6437e9105ef48a502bd8724a86da00e702d93f90ef48af3c5fa8,common/temp/pnpm-store/v3/files/6c/6e7b2c2d22baaee86a0440c72e70700b871e3e328cd2f0a2dc0d10c4be634a1c9fdbe46a960898963724c0a0b096a3fbde769399cc277c868b4081e62afca8,common/temp/pnpm-store/v3/files/39/0658bb17815f2b46fbd885273f22ec986aca4593ae32222137f93e2788484023db4ed6e3c66834099bbb95a42a2b1520ab8ab2244848f3e68f3286a5477370,common/temp/pnpm-store/v3/files/b2/354f4babdd9fb29197ef6c6aad646347e0f747b35eeece57d56f11407f6e07537b7ac6c2b640af1d924568fc13664f697890a5f59e9be38a6f8a136af5079c,common/temp/pnpm-store/v3/files/35/63e4a5f06618dcdab0434f6f420b22b38107cae40928925fe57e86ffd76d32845b0581e88a3522bec35ddbfe2c7079bdf36123afa272325c834e893e856917,common/temp/pnpm-store/v3/files/b1/b8e14861a587c64860626adbc6416191c9239ac4a8cbd0b683467ae784f75ddde82ee3898ae02b994e2284c3426cfe0c8ea61886c6a4f90f4198ad75fba2f0,common/temp/pnpm-store/metadata-v1.3/registry.npmjs.org/@rollup/rollup-android-arm-eabi.json,common/temp/pnpm-store/v3/files/f5/565326c65b9231368b90b4d7c4a941778a154a39b7b66b20bedddcacebdbff6e06682e33e7994e1750e846a3996e3d004b345e59e32690faebe29d24737563,common/temp/pnpm-store/v3/files/65/c1805b1ba7c56be44f29009651587353fe17a6ccbad816e642221938fcaa9d1ca6306ac603dd7e0c5d5ac7daf26d051f72888c19e61458a772279a0a5b05ce,common/temp/pnpm-store/v3/files/ef/28f7c35c399cb2bc6de2bbaa724f44707a74329db297d070c264eb95f1e582ba0365696b5f7979d305f53fc29256c137dd4562b07bbabb9338daaf64db7161,common/temp/pnpm-store/v3/files/18/a175cb5cb38f559faec251e84b00bdfe857072bb5cd11625908ae8e7056a238aafa89cb4c46cbc8125afe683b6fea10b1c8f2381a411af7bd703063590502a,common/temp/pnpm-store/metadata-v1.3/registry.npmjs.org/@rollup/rollup-linux-arm-gnueabihf.json,common/temp/pnpm-store/v3/files/92/ff98e121521aa3a34fcd63a101cd950a22c8dcf5b90f15e694d1169e6fdf9ccfb7793ce8827ebff3390e1812383dfaf74cdd736230353ab4e9a069c761dbc0,common/temp/pnpm-store/metadata-v1.3/registry.npmjs.org/@rollup/rollup-win32-arm64-msvc.json,common/temp/pnpm-store/v3/files/fd/4cc7cb0aaa000c8446b6ca76f362586acec963a77efbb5de90fee4bfbb88e3cd512b06c458751041180b8c35ed564c950a782034eb0ec55a093593cb1d6f04,common/temp/pnpm-store/v3/files/da/44f7670e153bc79bcceee1d75b8e0bc3a6748a0ad087e677055098cf982560b6c672b994431690d15250a6bf9dfb0dc49836c2b89397cc0ce312af1ef0abd4,common/temp/pnpm-store/v3/files/e6/b691c41ab2121b318e3ef1fcac7ecb1bc3cfd465ab82efab95a1eb25626a79e0b8a7b26e54a492a0ffddffc5b5eb132878ba157681f8b47ec6046ff4a89d34,common/temp/pnpm-store/v3/files/41/48e4a9f595a67aa69a22c65065d72db2b311b085b8e65b9aa8b7c58b15ad4fd03cd5406e7743d94a325e6870ee24fe58f4c757ea9088eac00b2ed1dc140678,common/temp/pnpm-store/v3/files/5a/1ecebece660befa104cf73d85d29516a2f2863eb270ac08c1cc0846cf8549bc089239e2ad4cfed37dc9857cb91d14083a393c016d04cec7b43514269f1c5cf,common/temp/pnpm-store/v3/files/6f/8f716adc1f370af5a4325d83408fe0820721057fbf63ee1d2bb883e7a37a5e6e39631a2c7884acf823da50f55ea9739b300483de6a3d1ccaa00a04fee002c8,common/temp/pnpm-store/metadata-v1.3/registry.npmjs.org/@rollup/rollup-win32-ia32-msvc.json,common/temp/pnpm-store/metadata-v1.3/registry.npmjs.org/@rollup/rollup-linux-ppc64-gnu.json,common/temp/pnpm-store/metadata-v1.3/registry.npmjs.org/@vitest/expect.json,common/temp/pnpm-store/metadata-v1.3/registry.npmjs.org/@rollup/rollup-linux-loong64-gnu.json,common/temp/pnpm-store/metadata-v1.3/registry.npmjs.org/@rollup/rollup-linux-arm-musleabihf.json,common/temp/pnpm-store/v3/files/eb/7d5427a3b4d1e3467cc8961bbf1c93cd1d7c169bf17e88545079d6364ae4871ded702ceb4679cbb41d49dff01889259d6bd16d4365a15ce138a2a6badc50e9-index.json,common/temp/pnpm-store/v3/files/af/cefd0a556d86fe20acc9f5774f248a94bc002007823f16d546e762ee87627de3340d1b2fd5ee8fcdabd82c0cc0a4596f5f27f8b8115d1d0afeb397064f34b6,common/temp/pnpm-store/v3/files/b9/9fd65ecd89edac3ebdf7d8fe030d6c2b3f41e7fb7556b14c163684b2043d2d9024d32ad54880df3316f911069a0d4966490ad0b5eca437e9340bddf59c9fba,common/temp/pnpm-store/metadata-v1.3/registry.npmjs.org/@rollup/rollup-linux-riscv64-musl.json,common/temp/pnpm-store/v3/files/a7/d037fc1debd7bd616accc78d235b40881366d207506ac8d3c358ff5ba791157e0418e9e7661075bb1e7e5cb93e823d84faf3f84a53b6d4c2134d8618f1e1f9,common/temp/pnpm-store/v3/files/6c/910c474233b58b4cd89fe7d2441c1ad639c2fa116ae6670517003fb0aa8ee3951a0c656dbcf2820c93af682c4d140c29ef3fcdf29eb6ff5658c644c54f5c17,common/temp/pnpm-store/v3/files/e2/b61d7a69a2bf1b4f5c2f22c20f07bd2ae59c7474484bbe0993f8dec5b0ffb5cebd5d8a5b97738f68f86f6b21d3031727c449710c52a2575e748cc561cdbe0c,common/temp/pnpm-store/metadata-v1.3/registry.npmjs.org/why-is-node-running.json,common/temp/pnpm-store/v3/files/9f/0e586ba41da240a5bc36134eee61f67f79fca77f89ae5e782744fae6ad4076abb58941dd2e97ee2fa6acae15d5cc6544c1d871e2ef4ab4dcc34105b4d8f455
[NX v22.6.1 Daemon Server] - 2026-03-22T09:31:41.539Z - [REQUEST]: common/temp/pnpm-store/v3/files/e6/87fad026c3e0e192b7da80bacd22b3d157da42e66a8e0d1bf4ecc62272c46c8c3f0abf85ad6991acc037e09b683d5472b2eeab5338c03b10eeb6726ef06b77x781923,common/temp/pnpm-store/v3/files/4a/ec33ecaa994349426eeec32f9573c90486119d9ee61970b57b8450f4dfc0e0b15dac2777ec26c3e33bf1e678e0ebf20dc034638c2ac5a32d8b9c4d20539318781923,common/temp/pnpm-store/v3/files/37/86c42b3323cb702899dd5e803ff6303f4e99fc1dac8fbe5f69d7ef9e734cb686fdd0cd0c860566cae28d97746b2bdd8d4f9b80c2f5c7077e7518f8b1e0860c781923,common/temp/pnpm-store/v3/files/2f/ccaac854d1928649379f20934464f6ad4d2a002ee2674f2a6cf4aa14e11ed60891d61516a85f0726c9bf255df5cfa9c7e3d62cb56ec19e10816d3e4557612e781923,common/temp/pnpm-store/v3/files/62/5e86ee6fd76ae6169d91f095e048fad60f821229a159a778a55088e9dede1420d0673abd55d06a176fab710097f551425bd7c5f3b4748f1e798ca259e0fe0f781923,common/temp/pnpm-store/v3/files/fd/f9752dd1bb4bd1eeaa4d901f06d591c5f33bc908002ffd75be56a6d94336b7c5feba20d1c5e596ee53da7c21eab17c351254bb5c8961a85a4eb03a9e357ba6781923,common/temp/pnpm-store/v3/files/41/0f78128806493521f3a0f47b775852d99394075da80e7cbe42443f856ff19779f623fe0419fa61ba68eb144622749b3f05c130024ff24b2ae35e5417f3968f781923,common/temp/pnpm-store/v3/files/67/1d3c20e1bf1ff822693276b9a05d78bd9c6163de733b8612832d44b6e5b11451c79b0febb71b6871155e949ab159e45f4ced9951072c88a7db934238370e9e781923,common/temp/pnpm-store/v3/files/81/3c4cd3038dbc9ec8f06e9a2d72590e02f0a5636b41eaa8ec5d5ba3dd601818e9f2321805c9536c25f7325be09973927cf3362b0b5fdbb861a2416a1af6cb66781923,common/temp/pnpm-store/v3/files/0a/3f1cb1522c6e7595186a9a54ed073ffa590b26c7d31b0877f19c925f847037e9f972066bfed62609b190eb2bc21ff7b31514e08c3de64780fef5982cbb21f2781923,common/temp/pnpm-store/v3/files/cf/655c3b5d69a1c8e7583bfc3f4b5201c57190e60d3429db90a688fdf9be82f93a767d18a4e1589d84a08107f92599047d9ce1b3047e7892df980b11b4b4c524781923,common/temp/pnpm-store/v3/files/e2/e30911bdaa78f3f996674a252089b59b803ef2ba18d1959b3913b266befd0dc2638088adc02fe81c8a31305816bbff98a0b5a9b72c7020ad91d303ee826d0e781923,common/temp/pnpm-store/metadata-v1.3/registry.npmjs.org/@rollup/rollup-darwin-arm64.json_tmp_78192,common/temp/pnpm-store/v3/files/7a/e6a352c39b5c90ead442860ccc27ef723b6963f9a8aa62d1c6b4984dabad95c42a45f301fd345c482603153c150029a9d66cbd718ba8333acf2ea3f9be681c781923,common/temp/pnpm-store/v3/files/e1/9e8aa8732e1e05ebf8a03195d94611b9aee268ceb2de85f60d1b031d4e5be7c44a848085dcf8a8a28b15f7f930821c5e80d7a8ba348ecf2abeec6b568e20cf781923,common/temp/pnpm-store/v3/files/5c/053358f80c920203848bf9478f8931e20691bc563a6e117503faa0d9fef6667fbe19f1273dd164f866736aabec1f9e99f382ebdd6f048dbb07b94842ca6176781923,common/temp/pnpm-store/v3/files/95/ce07460c87b76dbeae611e416d3f017578ac1ac1dd5cd95234478a7be0baff8281a2d3a82a53bda196ec21a0cbbaa245e31db36d1eecef9afe055d40d16229781923,common/temp/pnpm-store/v3/files/f6/f64169a72401595cac998d2c11d2fd64fc5339db648dd4693a5fbba597136314241b3e80191a81d5ec5e6a0b321dfd3d513a8c9856c026593db140ca390d1e781923,common/temp/pnpm-store/metadata-v1.3/registry.npmjs.org/postcss.json_tmp_78192,common/temp/pnpm-store/v3/files/c8/53c8dbc55ccf2d575810e4855227fd10ba7d7427ce7760dd8774934b9af9afc3b51bb9b99fb4c190b635d85e9ebad8ef66cf8483ba62d5a8a7153727c4a81e781923,common/temp/pnpm-store/v3/files/f6/79d07c9729a7cec5453b755350ecfaafbee8f70ec4bdc4e165ab851620011a9992a51a04a1ce29652502bea8d47ec426cb616ca912cb4209b39bfe681e5963781923,common/temp/pnpm-store/v3/files/45/e5172a1e230eec782ecf0216e2e22cb192e2227b67d2aebea3f6d1cad2141f208f03dc3fb8370adc4b1833c30d2decf71f9985fe4122593da8f8540cf88bbe781923,common/temp/pnpm-store/v3/files/ca/a8f1aee306050276806e07b6366d01f5c0ac7a266b30c7a05c05166659974afb3dda3ba822172aa28765cf327a8320cc927ea4eea91041daf95eeecd696b0178192,common/temp/pnpm-store/v3/files/b4/a2717c1cf5b2f245d9902657fd9c7a2d86cf8704460307c7e9345259cc3bccc5c300e0bd847947a20e9acc6d503b307de60dae367e57aa82d47493f0830061781923,common/temp/pnpm-store/v3/files/b0/8de91deef61b6b029cf151a70fd49dc753c0a5dbf05316fc1b4826a6056e3fd41bbb02a64517a02c79f7cf0e9741ee1882451ed02fb65ab4d996c8aa00bebd781923,common/temp/pnpm-store/v3/files/5b/6dad46d2a0fca5e0b8a402f8209f6937ca4d1ef89d0fe5a39cee958740750041f531ef44b55760e3faaa3cbe6ab0fba79e28d572125c8a3961ad39e93c77c1781923,common/temp/pnpm-store/v3/files/fd/e08d10c53bb06fd476597ac35444b6e2755d2ab46681def041418c3df234ba24b3f4dccb37542ee1e3b78f154cd9291fcb32529e958351ad05a38d322839f5781923,common/temp/pnpm-store/v3/files/ae/150cb78749ba1ded919f43bd31066532eebf4deb0056b8467c5f4e48c8acbbd3427bc68c9498a1769602bda7050bb41206ce5f0a32e7317e20af8de44f092a781923,common/temp/pnpm-store/v3/files/8e/ad1d5facb82e7470fe024075edacc52b88bfa1b41e69b2a2942270a0cfaaa11051310fcd5dac63a9b18f36cf36d3fa2c3c9b2483130250a54af5a04933131b781923,common/temp/pnpm-store/v3/files/1e/33f8c7bca3fafac31fb5999f8d08f406b0bb26c287ceb26ac35e927f4c2601012ffd8df718cc2685e170849a090261fbbe7fb225f93417a10a597bfc12953f781923,common/temp/pnpm-store/metadata-v1.3/registry.npmjs.org/@rollup/rollup-android-arm-eabi.json_tmp_78192,common/temp/pnpm-store/v3/files/04/5517d5df0387dbabd6752b8a40c5e93aa05bdb303626d14495e4c8add1ba01d69734674c43687f60bd83679d3a66b6c245b3124525af76f1a8eb2db9d243e0781921,common/temp/pnpm-store/v3/files/86/0eef2cb2ed1d8bb36dfe12ac8310b68ae4a24bbc194ea180a8b187c629b6824960486772d4b822d50453b9f1d1edf6aa50b7f32e792da3b64e06501c780ca9781921,common/temp/pnpm-store/v3/files/ba/dbcc2591827b99c8d3cfbbf2dd04b8feb51abecdb8859556227ab98f67536a72891338fe228837129780ddf11421e0822d6ab789f521d084e908c540a9ba7b781921,common/temp/pnpm-store/v3/files/62/5bd18c38f684b5ab45bc834ba97c7a2bf96f186ad9bedbb4b3e8e0afcad12036b51fbc080606e93d3d49aebb36aeafefdd32da5b1d5379205ac85d2eca1b03781921,common/temp/pnpm-store/v3/files/da/424fc8d9c6e5b4034ab8b4e1eb038471fcb9daae2e50c7538e2ede5a8f1aba3676d87279cccf850bcd14528d8fdcf9ef82cdf632bf0f557782603cdb526483781921,common/temp/pnpm-store/v3/files/3c/90787ec77df6a9535a4e50ad6969ca18d4c30c0d549e606bcade466a20224f501807283bd444b757c05c9dbd8783dde434659f09974791672fd36dc027a17c781921,common/temp/pnpm-store/v3/files/03/cfd5fac42447a38d430e5c377af7491629bf9649304ff50ae0524be870148a3a55652a11e9041026e2a653f0df05cedc5c41b2c830e9d5349fdb705d46dac9781921,common/temp/pnpm-store/v3/files/5a/1ecebece660befa104cf73d85d29516a2f2863eb270ac08c1cc0846cf8549bc089239e2ad4cfed37dc9857cb91d14083a393c016d04cec7b43514269f1c5cf781921,common/temp/pnpm-store/v3/files/70/8387e9f114087e1734dc359cd31230ae44bafb773766c82da0ebe1f3b539449276a64bc5c66c1927a56715a4d74d73565dde2d49c41367050e40f51b63f981781921,common/temp/pnpm-store/v3/files/18/a175cb5cb38f559faec251e84b00bdfe857072bb5cd11625908ae8e7056a238aafa89cb4c46cbc8125afe683b6fea10b1c8f2381a411af7bd703063590502a781921,common/temp/pnpm-store/v3/files/be/ccd62c8a7a098dbf70e7530d539b046b5ef960bebe5dfcd6e667f6d5cd54df804173242b376a26591bddfa9fb5ec69ce6c419bbf9d61cde94bac417c385de3781921,common/temp/pnpm-store/v3/files/6c/6e7b2c2d22baaee86a0440c72e70700b871e3e328cd2f0a2dc0d10c4be634a1c9fdbe46a960898963724c0a0b096a3fbde769399cc277c868b4081e62afca8781921,common/temp/pnpm-store/v3/files/00/8fed940668dc88775ca95ddc7aec398d662f0d371091aad1b1c113872355a78e0ecc6dc5fc0cfd2190e3c1f4a9ec7628eacb81ea5fb29ec17575f88dd46e18781921,common/temp/pnpm-store/v3/files/6f/8f716adc1f370af5a4325d83408fe0820721057fbf63ee1d2bb883e7a37a5e6e39631a2c7884acf823da50f55ea9739b300483de6a3d1ccaa00a04fee002c8781921,common/temp/pnpm-store/v3/files/92/ff98e121521aa3a34fcd63a101cd950a22c8dcf5b90f15e694d1169e6fdf9ccfb7793ce8827ebff3390e1812383dfaf74cdd736230353ab4e9a069c761dbc0781921,common/temp/pnpm-store/v3/files/31/3f8056c59741aaa6b7e9de4d0f0a51222ba11c56f4eaae5af2b365a978c39b0d34c3a000d89a31ab0c6d8bf094b4c4e0c1d617ac36d3dbc46e45f9be37e2c3781921,common/temp/pnpm-store/v3/files/b6/4c28a1b320c91ceb039e30f1a8cc4f93cc7a4780ed69c86a84dc47c3a4c241234b7404cecafb7225e38e093433435edf96faa396b8b35b58b64f73ce8c4f1b781921,common/temp/pnpm-store/v3/files/5d/2fa268aef7ae367ca9d0e5b23de51510dcebd6109d9a49ec0e679b81cdffa34556856936a1211aee8969394ceb543f163ee187bb99c0dadf6df81af7f52a84781921,common/temp/pnpm-store/v3/files/f3/744927de487d0947f71bb0d57ee3a6f24a257a4476dcdf237daae067f5335b432eb7cafa2d6437e9105ef48a502bd8724a86da00e702d93f90ef48af3c5fa8781921,common/temp/pnpm-store/v3/files/11/a20eb17f515ca2a9901bc4e87997c76186dbe5fb0e53707b541c94533b6bd6c7dd29edea39c738406303c56010e42fe1e6aceee8e8066ccaf1abf204d08336781921,common/temp/pnpm-store/v3/files/25/3e27a9ba0ec410312d0e993cf3c12baa4260760a2665a6a49b151d51ab232d97e27d48bc4ca80b79d24e65b6a4503d10f0018c91fff97950347931b9034a59781921,common/temp/pnpm-store/v3/files/ba/b8a82fcfae496789623ba52f6ecd59a9d93264d4c9054750990fc4cd3ba2ab077641a83da02ad127dbe48f25a9937d4847af54778b5ea2d9ff703a56453664781921,common/temp/pnpm-store/v3/files/fd/bb9c38d6a565e0b7724bd40fe297e2a2c1bcde46d22166f44367771d8c4566f95c1e56a44697a0d8036ed7520eb383284acabaf2730a22c718c59c6ff25cca781921,common/temp/pnpm-store/metadata-v1.3/registry.npmjs.org/@rollup/rollup-android-arm64.json_tmp_78192,common/temp/pnpm-store/metadata-v1.3/registry.npmjs.org/@rollup/rollup-linux-loong64-musl.json_tmp_78192,common/temp/pnpm-store/v3/files/fd/4cc7cb0aaa000c8446b6ca76f362586acec963a77efbb5de90fee4bfbb88e3cd512b06c458751041180b8c35ed564c950a782034eb0ec55a093593cb1d6f04781921,common/temp/pnpm-store/v3/files/54/435bea7030bdc323023fbe9bcd77d911f943e76f268640c0716f00e6b02c37b369180355783b52b08be440154813fed777b24bc9be3504e88ef2f3b169c03d781921,common/temp/pnpm-store/v3/files/65/c1805b1ba7c56be44f29009651587353fe17a6ccbad816e642221938fcaa9d1ca6306ac603dd7e0c5d5ac7daf26d051f72888c19e61458a772279a0a5b05ce781921,common/temp/pnpm-store/v3/files/84/a71e1a6f915452a197e892e58f9ee88b29e5bd7537d2f9f6754bab1c8948b61e2ded65f8e609c2e60f4579a8ce63d5f1e0d28206cc103d8b1188ee10fe37cf781921,common/temp/pnpm-store/v3/files/1b/e2cef510bd9dc9676bbe8152e537723634e07abd2fe1f014d143037361c3fe78ea154441768a8760f4b35ce472cc4c3805065b8a2115f87172b08797683eb6781921,common/temp/pnpm-store/v3/files/f5/565326c65b9231368b90b4d7c4a941778a154a39b7b66b20bedddcacebdbff6e06682e33e7994e1750e846a3996e3d004b345e59e32690faebe29d24737563781921,common/temp/pnpm-store/v3/files/da/44f7670e153bc79bcceee1d75b8e0bc3a6748a0ad087e677055098cf982560b6c672b994431690d15250a6bf9dfb0dc49836c2b89397cc0ce312af1ef0abd4781921,common/temp/pnpm-store/v3/files/39/0658bb17815f2b46fbd885273f22ec986aca4593ae32222137f93e2788484023db4ed6e3c66834099bbb95a42a2b1520ab8ab2244848f3e68f3286a5477370781921,common/temp/pnpm-store/v3/files/78/c9bf33bc241bbaa62df281f0f1f03b20ba5296b7e44ede119f430dc5e73b3727d3e377dfda8e9c3986a3da8064a56097ef9e39c461e29bed91d58837330b4c781921,common/temp/pnpm-store/v3/files/90/e6197e026b063ed59da0fcd385398445744b2fabbd028969a0d2e8bcdc89974a25b8c6924dadb38da5b0164ec5a2ccfb37edba5574e0a49b80f6125b3810f2781921,common/temp/pnpm-store/v3/files/c8/efd0efa16ff5561e0c0911275f9f720a1e33ac6e5f57de1b5f667a29ea20b54ad9af7e6d72542b4c96f9cc34071758c7e9d41ad59f31b699771abfd80ff775781921,common/temp/pnpm-store/metadata-v1.3/registry.npmjs.org/strip-literal.json_tmp_78192,common/temp/pnpm-store/v3/files/39/6feb5fc3bf8d79e6f36132d64e38a4e6cfb5d6e57e2b969eb77c5fb189ede9889823acb6e9c66d7529a7b1dd06b1505faac9ce7dec3d3dfded6a79682c021e78192,common/temp/pnpm-store/v3/files/35/63e4a5f06618dcdab0434f6f420b22b38107cae40928925fe57e86ffd76d32845b0581e88a3522bec35ddbfe2c7079bdf36123afa272325c834e893e856917781921,common/temp/pnpm-store/v3/files/07/fd2e43ba7e7743be361470e32daf7e7cd9315a1fea5c4c272927cd906a498d412006943504b3b58e77fe96156263fffb7fb8af2a650dfa554133f884217233781921,common/temp/pnpm-store/v3/files/b2/354f4babdd9fb29197ef6c6aad646347e0f747b35eeece57d56f11407f6e07537b7ac6c2b640af1d924568fc13664f697890a5f59e9be38a6f8a136af5079c781921,common/temp/pnpm-store/metadata-v1.3/registry.npmjs.org/@rollup/rollup-linux-arm64-gnu.json_tmp_78192,common/temp/pnpm-store/v3/files/11/bfa65758dc2ac1122b40790d2ee4fc7d1810235052b2527ab7d2acd82294f68d17c0c6017fd144814d7879052da663d1429afec1815c997877bf10857d6516781921,common/temp/pnpm-store/v3/files/df/b6c914e4e859162cab76e970b3eab0af9ac6d4dedad72c5eef98d34a5619cf1bde606288c8387946fc188c382f9989158fa5be2aacdebfc8953c6b2a26f027781921,common/temp/pnpm-store/v3/files/d4/1e50488c3136d66d9bb10ca9c7851f38f9e91d23edf90bb6d3496f3fb19d354cefd4a3d935e54cdccf0200a98ba83b21999fb25c9ec3be0304c31dbca43575781921,common/temp/pnpm-store/v3/files/ef/264c836e258796491094e8ebf7a759b9b018e2f95c917e64133f0057633a3e27b9ca60cf5c6f5a2433726c8ea713b70d297c88f2f96e6e726b33f2ef0a05a3781921,common/temp/pnpm-store/v3/files/d0/51cc7887c786fec5fea18fc86c13a4ec0390d9b7258c84659970e1eb786582fb1f312f8339d1949fad8dd782dc422f8037e34b11bd69a98746c233c5787f15781921,common/temp/pnpm-store/v3/files/4f/38e594cbcb261968f39cc4f91d4a8feef337c0edd4543ab91f8205bbf2b38fc350e24680fa1b336261d2e7a408611992c5b05e601d2fbdd3efa87420c9f9a6781921,common/temp/pnpm-store/v3/files/b6/4593ba152f2830179e5c2757d2947adeb4cbb9d96094b9778551203412a25145fc1d11e18e14647bfbb5b17c9703597b5b0b16d2d67a94dd2cb6cbc3ee5669781921,common/temp/pnpm-store/v3/files/a0/8fa91d1cf597d57df7178fdb92603f09a371a26681f3c5b3b8afdf28806c5bea2f24d796435a1507798321e2b86ca2b306d3153da76c27ffdd68cde508bf00781921,common/temp/pnpm-store/v3/files/ef/28f7c35c399cb2bc6de2bbaa724f44707a74329db297d070c264eb95f1e582ba0365696b5f7979d305f53fc29256c137dd4562b07bbabb9338daaf64db7161781921,common/temp/pnpm-store/v3/files/23/3685918066a4f8208246028b693fbe8afe27f4212f091b8b009d13020a96388f472ab124a5b1b69a126b419ab0f01529eaca32adb73cd50941bd9cf29bccbd781921,common/temp/pnpm-store/metadata-v1.3/registry.npmjs.org/@rollup/rollup-linux-arm64-musl.json_tmp_78192,common/temp/pnpm-store/v3/files/b1/b8e14861a587c64860626adbc6416191c9239ac4a8cbd0b683467ae784f75ddde82ee3898ae02b994e2284c3426cfe0c8ea61886c6a4f90f4198ad75fba2f0781921,common/temp/pnpm-store/v3/files/d7/6785b42a729235249d0a805fc672292e0931ff839728693fbb4b73703ce95014cd9a48aa24cfd60ce008de73388db789a1f9818c5e25561977d3b17d298e93781921,common/temp/pnpm-store/v3/files/e6/b691c41ab2121b318e3ef1fcac7ecb1bc3cfd465ab82efab95a1eb25626a79e0b8a7b26e54a492a0ffddffc5b5eb132878ba157681f8b47ec6046ff4a89d34781921,common/temp/pnpm-store/v3/files/20/c8ef3c2b5af467c0e08f454163b8f1b9365e4b2dcadf638b1ea498da6ccfe1ffd59d1d8afbc87f4770fd83d108589bb38a49e8fa11c5f9a664c02fee73f6b3781921,common/temp/pnpm-store/metadata-v1.3/registry.npmjs.org/@rollup/rollup-win32-arm64-msvc.json_tmp_78192,common/temp/pnpm-store/v3/files/69/a22fa71f4a4b0493080d6778c53a8aa04a831e42ef0e57a67c3d1f289b9443cfcc80fa39342ce43c18421c9d16065399b114f980519ff781fdb1f0dc35cbd2781921,common/temp/pnpm-store/v3/files/0f/a74b24e57308233bc8157ac505892bcd6a3fde142567d4902233790518a22c10e2149528cb6cf4e67436fb97d4109482be54f4324db6dfe147d81040b07ede781921,common/temp/pnpm-store/v3/files/41/48e4a9f595a67aa69a22c65065d72db2b311b085b8e65b9aa8b7c58b15ad4fd03cd5406e7743d94a325e6870ee24fe58f4c757ea9088eac00b2ed1dc140678781921,common/temp/pnpm-store/v3/files/d8/de49591c8d3bcb78764534a9ce98f406e99ad9dcc3443253c88e62a5631def3664546fa73a927b5537c0a06eed2aebda42ff0479e560dac01a8b90448a3b2a781921,common/temp/pnpm-store/metadata-v1.3/registry.npmjs.org/@rollup/rollup-linux-arm-gnueabihf.json_tmp_78192,common/temp/pnpm-store/metadata-v1.3/registry.npmjs.org/@rollup/rollup-linux-riscv64-gnu.json_tmp_78192,common/temp/pnpm-store/v3/files/e2/b61d7a69a2bf1b4f5c2f22c20f07bd2ae59c7474484bbe0993f8dec5b0ffb5cebd5d8a5b97738f68f86f6b21d3031727c449710c52a2575e748cc561cdbe0c781923,common/temp/pnpm-store/v3/files/9f/0e586ba41da240a5bc36134eee61f67f79fca77f89ae5e782744fae6ad4076abb58941dd2e97ee2fa6acae15d5cc6544c1d871e2ef4ab4dcc34105b4d8f455781923,common/temp/pnpm-store/metadata-v1.3/registry.npmjs.org/@rollup/rollup-linux-riscv64-musl.json_tmp_78192,common/temp/pnpm-store/v3/files/b3/4de0658842a81897f0c1e364492c755cf9767ef9f083d7b5aa21dff5113b4b7bbce4c9199a5b87227eba3d493be8b9ba291d4263bb682d7549f36fd9baf300781922,common/temp/pnpm-store/v3/files/af/cefd0a556d86fe20acc9f5774f248a94bc002007823f16d546e762ee87627de3340d1b2fd5ee8fcdabd82c0cc0a4596f5f27f8b8115d1d0afeb397064f34b6781923,common/temp/pnpm-store/metadata-v1.3/registry.npmjs.org/@rollup/rollup-linux-loong64-gnu.json_tmp_78192,common/temp/pnpm-store/metadata-v1.3/registry.npmjs.org/@vitest/expect.json_tmp_78192,common/temp/pnpm-store/metadata-v1.3/registry.npmjs.org/@rollup/rollup-linux-arm-musleabihf.json_tmp_78192,common/temp/pnpm-store/metadata-v1.3/registry.npmjs.org/@rollup/rollup-linux-ppc64-gnu.json_tmp_78192,common/temp/pnpm-store/v3/files/6c/910c474233b58b4cd89fe7d2441c1ad639c2fa116ae6670517003fb0aa8ee3951a0c656dbcf2820c93af682c4d140c29ef3fcdf29eb6ff5658c644c54f5c17781923,common/temp/pnpm-store/v3/files/eb/7d5427a3b4d1e3467cc8961bbf1c93cd1d7c169bf17e88545079d6364ae4871ded702ceb4679cbb41d49dff01889259d6bd16d4365a15ce138a2a6badc50e978192,common/temp/pnpm-store/v3/files/b9/9fd65ecd89edac3ebdf7d8fe030d6c2b3f41e7fb7556b14c163684b2043d2d9024d32ad54880df3316f911069a0d4966490ad0b5eca437e9340bddf59c9fba781923,common/temp/pnpm-store/metadata-v1.3/registry.npmjs.org/why-is-node-running.json_tmp_78192,common/temp/pnpm-store/v3/files/a7/d037fc1debd7bd616accc78d235b40881366d207506ac8d3c358ff5ba791157e0418e9e7661075bb1e7e5cb93e823d84faf3f84a53b6d4c2134d8618f1e1f9781923,common/temp/pnpm-store/metadata-v1.3/registry.npmjs.org/@rollup/rollup-win32-ia32-msvc.json_tmp_78192
[NX v22.6.1 Daemon Server] - 2026-03-22T09:31:41.541Z - Time taken for 'hash changed files from watcher' 11.099207999999635ms
[NX v22.6.1 Daemon Server] - 2026-03-22T09:31:41.571Z - [WATCHER]: 62 file(s) created or restored, 0 file(s) modified, 63 file(s) deleted
[NX v22.6.1 Daemon Server] - 2026-03-22T09:31:41.571Z - [SYNC]: clearing sync generators cache due to file changes
[NX v22.6.1 Daemon Server] - 2026-03-22T09:31:41.571Z - [WATCHER]: Processing file changes in outputs
Time taken for 'plugin worker 78231 code loading' 53.899292ms
Time taken for 'plugin worker 78230 code loading' 53.904708ms
Time taken for 'plugin worker 78229 code loading' 53.857209ms
[NX v22.6.1 Daemon Server] - 2026-03-22T09:31:41.622Z - [WATCHER]: 13 file(s) created or restored, 0 file(s) modified, 13 file(s) deleted
[NX v22.6.1 Daemon Server] - 2026-03-22T09:31:41.622Z - [SYNC]: clearing sync generators cache due to file changes
[NX v22.6.1 Daemon Server] - 2026-03-22T09:31:41.622Z - [WATCHER]: Processing file changes in outputs
[NX v22.6.1 Daemon Server] - 2026-03-22T09:31:41.626Z - Time taken for 'start-plugin-worker:nx/js/dependencies-and-lockfile' 85.70037500000035ms
[NX v22.6.1 Daemon Server] - 2026-03-22T09:31:41.626Z - Time taken for 'start-plugin-worker:nx/core/package-json' 85.08583399999952ms
[NX v22.6.1 Daemon Server] - 2026-03-22T09:31:41.626Z - Time taken for 'start-plugin-worker:nx/core/project-json' 84.79216699999961ms
Time taken for 'nx/js/dependencies-and-lockfile:createNodes' 0.8187910000000045ms
[NX v22.6.1 Daemon Server] - 2026-03-22T09:31:41.636Z - Time taken for 'build-project-configs' 91.50820799999929ms
[NX v22.6.1 Daemon Server] - 2026-03-22T09:31:41.636Z - Time taken for 'createNodes:merge' 0.15795799999978044ms
[NX v22.6.1 Daemon Server] - 2026-03-22T09:31:41.636Z - Time taken for 'get-all-workspace-files' 1.377042000000074ms
Time taken for 'build typescript dependencies' 0.04620800000000713ms
[NX v22.6.1 Daemon Server] - 2026-03-22T09:31:41.638Z - [SYNC]: collect registered sync generators
[NX v22.6.1 Daemon Server] - 2026-03-22T09:31:41.638Z - [SYNC]: project graph hash is the same, not collecting task sync generators
[NX v22.6.1 Daemon Server] - 2026-03-22T09:31:41.638Z - [SYNC]: nx.json hash is the same, not collecting global sync generators
[NX v22.6.1 Daemon Server] - 2026-03-22T09:31:41.638Z - Time taken for 'total execution time for createProjectGraph()' 3.7878340000006574ms
[NX v22.6.1 Daemon Server] - 2026-03-22T09:31:41.638Z - Time taken for 'createDependencies' 2.769916999999623ms
[NX v22.6.1 Daemon Server] - 2026-03-22T09:31:41.638Z - Time taken for 'nx/js/dependencies-and-lockfile:createDependencies' 2.733416999999463ms
[NX v22.6.1 Daemon Server] - 2026-03-22T09:31:41.638Z - Time taken for 'createMetadata' 0.006416999998691608ms
[NX v22.6.1 Daemon Server] - 2026-03-22T09:31:41.638Z - Time taken for 'serialize graph' 0.14620900000045367ms
[NX v22.6.1 Daemon Server] - 2026-03-22T09:31:41.681Z - [REQUEST]: Updated workspace context based on watched changes, recomputing project graph...
[NX v22.6.1 Daemon Server] - 2026-03-22T09:31:41.681Z - [REQUEST]: common/temp/pnpm-store/v3/files/66/d3cab1dcec0e6e6a8a1c18c75db298fe248e619d3c0d41c2c9d67ea924fcd55cd77034153ad4ef78eda97bb474727feb70e8ba5ed5161e140ae40fe647a5dd,common/temp/pnpm-store/v3/files/88/269cce17141d22df94eaf6717fcc9cce01fbc08b8a41d35367108209484b1a39a898578bb4493046bec8f78e93e4b5ce0f77e8e58eacdf6cf74296f7b9f180,common/temp/pnpm-store/metadata-v1.3/registry.npmjs.org/@rollup/rollup-openbsd-x64.json,common/temp/pnpm-store/v3/files/cc/2202dd79516f49e035901f842d40506e1e46a9c3e847b74ae4ca1ab164a758d5fad67f7bd0ca06429a5d2f84ea2dc58511e39f6f9ef8edfcccc3726b0cd685,common/temp/pnpm-store/v3/files/b3/4de0658842a81897f0c1e364492c755cf9767ef9f083d7b5aa21dff5113b4b7bbce4c9199a5b87227eba3d493be8b9ba291d4263bb682d7549f36fd9baf300,common/temp/pnpm-store/v3/files/bf/09634cfa14732685fc223f8e35fb222ad927af7615cb0bdc18577f39f7ccc45212ed8abe705b707cecc5d5f16c95613f3597ae1b926a7cc8b68ff991118542,common/temp/pnpm-store/v3/files/8a/96d111dd8f5be031c9b8678455e18e60193c72adfaec042146b85b9656f367c65a6cb18086ed439fda9f96138ac382b67a015f76058bafb82ccebb7523fcd5,common/temp/pnpm-store/v3/files/3d/8961fc551cc254ae61c8316c57bf89e128b70f7b29817453d3a7b11ad6a9097a7c0dab0aed94330abc9b85d410347aed5086ba44aaf0c2d1708209c3bc6518,common/temp/pnpm-store/v3/files/48/aa9e628d4568fd7163458bdd6e0a2a46fffd97164b6aad4dd06eb09081c87d8a547f18b98cd2e59243b1b86c5eeb7f25e79ff3c699fe9c4d562dfaf2b22ad5,common/temp/pnpm-store/metadata-v1.3/registry.npmjs.org/@rollup/rollup-linux-x64-gnu.json,common/temp/pnpm-store/v3/files/20/d0f1df4fe2b6a5e18ff0440f54da3e3db6ad8d7177e94e58780b7760a8caa0e47d651bd85245df2704fe9f1198c88953a46120ee1028c66d56dd7dd1aefe56,common/temp/pnpm-store/v3/files/29/52d13626dd2ac8b298761bc779b7d4356e0e3fd8cc6c192644ad95e0f44e7f07399f13340633b867ed135988bdcbc990797dabb94cdde834617a996e69da63,common/temp/pnpm-store/metadata-v1.3/registry.npmjs.org/@rollup/rollup-linux-s390x-gnu.json,common/temp/pnpm-store/metadata-v1.3/registry.npmjs.org/@rollup/rollup-freebsd-x64.json,common/temp/pnpm-store/v3/files/71/7fcc2c943854786cd7f105bde52bee2352f16cdf074d1496d93c3b79ecc78a392337a1b24729bd6adf361875d4f86be9996fb10c7bc367c439d7e7a77af9a6,common/temp/pnpm-store/v3/files/c5/638db5431e30e5f1dc0d6ff9fc9fa470be42efb862d8554be582428938829ad4c48d9a8282e3355a87b66952a539872e093c6803612c1965e77304548d958f,common/temp/pnpm-store/metadata-v1.3/registry.npmjs.org/@esbuild/sunos-x64.json,common/temp/pnpm-store/v3/files/a8/12df87790521fe5da69516ba2e6e3d7ff79b33f83f72dd9bb7e7cfc9f7ace1da01f8c0f8e196b85013e4ef8c61e89b9d7aa585a5dee8e040ec68792471bfa2,common/temp/pnpm-store/v3/files/35/92e63ac788121f82002b8bb6aa9b1397d35337c0bfa6ab113986fe60c2ca81660da0c2b11e678774dadd05e7a21409fe3e335e73b44c3db9a0ed6dedb7a0eb,common/temp/pnpm-store/metadata-v1.3/registry.npmjs.org/@types/estree.json,common/temp/pnpm-store/v3/files/f4/b4b5039dff2a91b441e6b8d19fe5dc3a030f1549f9a04addca1893cae6fd339c322c8c9a4333196494193dbb289b0cca881196eb83920ab2a19d4c56de05b3,common/temp/pnpm-store/v3/files/30/670c9a91a465e6ec31985b40a9007fd097e731af8e4053a9ff19c770296165ebdf01be42f12ed9e5d67e7208598489131229e15f4508a0c47b2833918ad733-index.json,common/temp/pnpm-store/metadata-v1.3/registry.npmjs.org/@rollup/rollup-win32-x64-gnu.json,common/temp/pnpm-store/v3/files/ac/821d4befa7a97bc3057ad630c8df2cb0ef34a6f5cbb746b06b4de0b3f4b0ff806bc4c2f824450134b64587aece166b9f061b75917dbedfcd40ee49702d964a,common/temp/pnpm-store/v3/files/b2/f0aaa820ad509fe020d64d442ee1911eb3e0c482eac43ecd99c9831b7b606721c027033943611c0f23ca06725ec85f9e1a5446cc0fe168fddaff04ec8b7fe1,common/temp/pnpm-store/v3/files/b0/f6ddd937c94fa1e109604902c719afe92dc3b1835d59701ef2f86e3156205890fdfcc2fafb2acf365982ba9c31c659573274d53122b970649117d1f1b688dc,common/temp/pnpm-store/v3/files/f7/1707f1982b4f1154931884aea41ac4eeaf0a112490fa843aff64d6539c69a24f8e234aa09d8c79ccd254dda20c7ce6a1546bb023bb0bb3c38899c272db2538,common/temp/pnpm-store/v3/files/8c/eaeb52f5cce00bfd656886d446a336da34bbdea4580849d4b98f9898575d0c7fdf631e70429dd74a4e2d8812d81431d538241a19683d4d40ac35b6bef698ea-index.json,common/temp/pnpm-store/v3/files/52/25ac492774e95bbddd577046710cbbc5e703e9164a4eaaebd26690d44c2db5af768c8ef3d93a3545ea12e21a368ff143b134f499fb2c4018bb000f0335cc53,common/temp/pnpm-store/v3/files/85/4ae669605d543731bd8aa7ca1d3dcee9cacd13968db65388dcbc741123912ede8440d089b5c9ed7be59ad6f0b9372552223237e0b25d00f8566928f1f366f3-index.json,common/temp/pnpm-store/v3/files/b5/808e9b0abc3de19109559472c3373932daf4256e1769b47843223631e77d712d2ef5684b7a9850ccdf89dae0d278ac91cc47773ae3ed30abbf395df333a999,common/temp/pnpm-store/metadata-v1.3/registry.npmjs.org/@rollup/rollup-freebsd-arm64.json,common/temp/pnpm-store/v3/files/a8/417b0ac28acd245cdb40a2bb6670d7046b073e20e7a17baffbd1c18e37d143e9fe7b75c76d50fdfa49f4de65e3b596bc99643423c9cf7411570d34f1f8bbc8-index.json,common/temp/pnpm-store/v3/files/ae/ad217c7db3db49523a66e79e7eb0e76e5ee37fd5f25ff2defffda0a6e1cbb5b5400c1394eb7c79d1232fd5230e0f486e628fe28a0da5409b459b0593724b98,common/temp/pnpm-store/v3/files/95/b9cd4a460e554bea4bf8ee0c791d4dbeb6ed1424e8b0eb178e98011eac38adcd510f22e05a2882430c93b00b4c7a312fd74b7f206bbc1c550784141f559d67,common/temp/pnpm-store/v3/files/d2/47effd7c204cf4ba4724cbe4b205013810b910f98d8302753c7b13c9d95ec54a9435e08f15e2569f8618b36b4afeef627a659a4f64e74889cc8e1abe967c91,common/temp/pnpm-store/v3/files/97/5c625eca1c963e818faf251e5e21ca36f5b037838fa3ebb22fcb0123eccda7581f70fe49befda15f0829f7d117667faf505f4571ae4667a61f785e1491a2d0,common/temp/pnpm-store/v3/files/f2/4e71aea6873b715bf17a6b4de535d0cf77983ca10072a9e4f3bc432454f1edb9f5a642e5274de5bf5bc65d74d255e535be9aeb62be47207bc7a4260b2409a2,common/temp/pnpm-store/metadata-v1.3/registry.npmjs.org/@esbuild/aix-ppc64.json,common/temp/pnpm-store/v3/files/05/7a3796f3d56e160fead9da93d2c5944cebcf6daf670e820dec4ffbea2080a36c51e8f51f5b6dfd8f68f027601db2b4f8b69c84101eeff2b9071768da86fb70,common/temp/pnpm-store/v3/files/2b/e6bebdc3886bcc043c2f851a287d05d630d74525b8fbf4ba09e4e834f31d0d9ef597854830ba8753c2774a6ecdb179fdb1fca79e2215f07009fdb406003e83,common/temp/pnpm-store/metadata-v1.3/registry.npmjs.org/@rollup/rollup-darwin-x64.json,common/temp/pnpm-store/v3/files/4d/63aa1cf798f3bbd7335bdbb6913188bba7928cea893c73f98920691bc070ff0328b9a41d4899bfa1c98e41371ec13273997fba598220677f92e5fe3b156f66,common/temp/pnpm-store/v3/files/5d/cfcba277e6624ffc1e58cd180939e228e13db4514a454bb4b217705c46c077dec70d23dd64d2a2a0a8972d155e57cd264962724739baf1c8e466a0069a1386,common/temp/pnpm-store/v3/files/e4/b0e193354b5cdc55fc053eb5484429de42eaf8fb69f66877a98e5bc7b96b9de69643684c710b178090ac3a8a0a90c20a4e147dc2b3f5ab05bb485850aacbfe,common/temp/pnpm-store/v3/files/1f/982eea9d18a8ded45732ddcf92bc28c5ce29e450200777b40602b168479530c146ba9512b53acb98dd04838b7ebb033702f3e4b31fb5ed0c01eca86ab1eafd,common/temp/pnpm-store/v3/files/60/94c298440256923c05b6a16b8cd87edb8cb58ee4ee7d168f09bedef3a318afe35f7c71087f0a0a0911028b4436f35f999111f4e9f7219bdd9a4d1189e50bbb,common/temp/pnpm-store/v3/files/10/d314fb52bbcf1b0bc2440415bfdebdfbbf39ff224de08146b0cb27621fc59eff503c503dde3eb1992126c69336b4d94fc00159d72a8c07e9bf30f2f019953b,common/temp/pnpm-store/v3/files/b7/b264352fbeed305a3b443fe4eea1c661534f8cb0f51cc0f34b7c3ef736ccb55f3d5c9e2350ffb00b74b5164b6596547de9e7e7db8e6c6f12b5971702f484d5,common/temp/pnpm-store/v3/files/94/9504f0776280a864302d4b8b7a15b83b5e51dba4118e2d3cc01e8a76e2b33c87d94f676191391725ff3c907df01e43b49497eb5a0aa20977f499dae55a379f,common/temp/pnpm-store/v3/files/62/0164a9dc4fa9b2c2ce1f064ba84f80b0e57197a2a92359259763468e9a53198cd6ebaacce10f0bf2835925578ef9ca6e769bdd942a42a2e1ee1e8c016db172,common/temp/pnpm-store/v3/files/5d/c9dfa76467da1cfc6714c06fffff47d6cc7f5eca0338384b4a11ea310310597d9c123c5fba6ee324e9d6f4f13b00738ac191b5e16caec730811138bf1e62e8,common/temp/pnpm-store/v3/files/de/74a761791591fde65c57c4eef5723e68b749ace16ffd9c7d9186b34251cc5b0f16f00c04472bc1e5755751acaecb5d5de2824d79496ef9d0c065a01081e638-index.json,common/temp/pnpm-store/v3/files/fd/b18be520396eaf33a18fd2ef13e1124f1a63a5357fdeed403629ba149a501ce7ae376f6e8c5500308ecc48079899f14032aef6b78e544fe0eb452ca417f099,common/temp/pnpm-store/v3/files/d1/29222c3f531e56958b9e1c9bd7bff2e7aa8be9dd55d3860c07764128c69f0df623bb30735e17e5816cdd5b5c409627fb23db67f8831934e62f5224fde42c92-exec,common/temp/pnpm-store/v3/files/e9/c25b54a7c783caca833a02849dcba76cabab7c738f2c41b9a55f7d31d2b85e4fa17e0ab197ba1872d7e82738fa57a90e921c011fd1613ca02e414586910fec,common/temp/pnpm-store/metadata-v1.3/registry.npmjs.org/@rollup/rollup-linux-ppc64-musl.json,common/temp/pnpm-store/v3/files/68/e81f4f390270aff7e384ad5c9c65c5cf16dc0f7651bc2d76b7de0e06b66a7a5aa4a5ccccdc010e4825769c6781b9b5c4be649dd61c2ad7e9a5dd74cd780de0,common/temp/pnpm-store/v3/files/25/d61c9feea42e0a5c0a671fae023ce15fcafedbb5f90cddf6f4db99c82edf2da612dba835e066e4173bf018fac3e8e310d7d328695958df41978e1a90ec0db1,common/temp/pnpm-store/v3/files/12/0f02571d12479f007e9eeb05895bb0e0f0dcb2d11616193fba93611fe65c29375a22b43086baa08d05d2eeed003ab1983b229c0334b25d51ff048e90ab917b,common/temp/pnpm-store/metadata-v1.3/registry.npmjs.org/@rollup/rollup-linux-x64-musl.json,common/temp/pnpm-store/v3/files/f5/1f672c4690ece369adddf6237367e37c57ad516c247d4e974b2fcf99a69ef35c72e4388c386d9c1100dbb012f454b3b33672c8891334ef56c5e59a9139b19c,common/temp/pnpm-store/v3/files/75/61f31dad96a845c8fced44f4e8eba1c313289976992ac4a258752289abbfa53e26e3706875ec5f1f5b2eee601bb05458520dd2c90840943f2f5ac87b1e17eb-index.json,common/temp/pnpm-store/metadata-v1.3/registry.npmjs.org/@rollup/rollup-openharmony-arm64.json,common/temp/pnpm-store/metadata-v1.3/registry.npmjs.org/@esbuild/linux-arm64.json,common/temp/pnpm-store/metadata-v1.3/registry.npmjs.org/@esbuild/netbsd-x64.json,common/temp/pnpm-store/v3/files/63/0477622ad67adb59723660afb68d8a683f89b12e3fee8932a02f2fe713eae6ead9cb5828bf57bfe3e006cb0608f112d353c6e732931d2be14a15c28d73ab0e,common/temp/pnpm-store/metadata-v1.3/registry.npmjs.org/@esbuild/win32-ia32.json,common/temp/pnpm-store/metadata-v1.3/registry.npmjs.org/@esbuild/linux-ia32.json,common/temp/pnpm-store/v3/files/7f/73aa03fd87fc0eb664b4f4a80665502500888f3d74c15c63e5eb014d3c74d8301e15d242615e31cef0fc47bb444f2d1d4e515c5a106b36ab98252c9c2bd7c6,common/temp/pnpm-store/metadata-v1.3/registry.npmjs.org/@esbuild/linux-arm.json,common/temp/pnpm-store/v3/files/1d/0688424f69c0e7322aeb720e4e28d9af3b5a7a2dc18b8b198156e377a61a6e05bc824528fca0f8e61ac39b137a028029ff82e5229ad400a3cc22e2bdb687ad,common/temp/pnpm-store/metadata-v1.3/registry.npmjs.org/@esbuild/linux-x64.json,common/temp/pnpm-store/v3/files/29/a1014c71052f6a1552f0ab8d2251fc7f35d9721a79119b49914ff0305bd87a27f88430343d33cfba11beb5d39b6033ce39dea87fa9901d8bbacc36f7227f58,common/temp/pnpm-store/v3/files/6a/5650c38bce096b432654e66129be684bc3d307932ed184442cb9b4d6e9caf3c8e45da3f61116c47b947702fe4d9536361771ec4191862b408afd31b92c5a7a
[NX v22.6.1 Daemon Server] - 2026-03-22T09:31:41.681Z - [REQUEST]: common/temp/pnpm-store/v3/files/b3/4de0658842a81897f0c1e364492c755cf9767ef9f083d7b5aa21dff5113b4b7bbce4c9199a5b87227eba3d493be8b9ba291d4263bb682d7549f36fd9baf300781922,common/temp/pnpm-store/v3/files/2b/e6bebdc3886bcc043c2f851a287d05d630d74525b8fbf4ba09e4e834f31d0d9ef597854830ba8753c2774a6ecdb179fdb1fca79e2215f07009fdb406003e83781921,common/temp/pnpm-store/v3/files/12/0f02571d12479f007e9eeb05895bb0e0f0dcb2d11616193fba93611fe65c29375a22b43086baa08d05d2eeed003ab1983b229c0334b25d51ff048e90ab917b781922,common/temp/pnpm-store/metadata-v1.3/registry.npmjs.org/@esbuild/sunos-x64.json_tmp_78192,common/temp/pnpm-store/v3/files/d1/29222c3f531e56958b9e1c9bd7bff2e7aa8be9dd55d3860c07764128c69f0df623bb30735e17e5816cdd5b5c409627fb23db67f8831934e62f5224fde42c92x781921,common/temp/pnpm-store/v3/files/e9/c25b54a7c783caca833a02849dcba76cabab7c738f2c41b9a55f7d31d2b85e4fa17e0ab197ba1872d7e82738fa57a90e921c011fd1613ca02e414586910fec781922,common/temp/pnpm-store/v3/files/10/d314fb52bbcf1b0bc2440415bfdebdfbbf39ff224de08146b0cb27621fc59eff503c503dde3eb1992126c69336b4d94fc00159d72a8c07e9bf30f2f019953b781922,common/temp/pnpm-store/v3/files/b5/808e9b0abc3de19109559472c3373932daf4256e1769b47843223631e77d712d2ef5684b7a9850ccdf89dae0d278ac91cc47773ae3ed30abbf395df333a999781922,common/temp/pnpm-store/v3/files/5d/cfcba277e6624ffc1e58cd180939e228e13db4514a454bb4b217705c46c077dec70d23dd64d2a2a0a8972d155e57cd264962724739baf1c8e466a0069a1386781922,common/temp/pnpm-store/v3/files/5d/c9dfa76467da1cfc6714c06fffff47d6cc7f5eca0338384b4a11ea310310597d9c123c5fba6ee324e9d6f4f13b00738ac191b5e16caec730811138bf1e62e8781922,common/temp/pnpm-store/v3/files/a8/417b0ac28acd245cdb40a2bb6670d7046b073e20e7a17baffbd1c18e37d143e9fe7b75c76d50fdfa49f4de65e3b596bc99643423c9cf7411570d34f1f8bbc878192,common/temp/pnpm-store/metadata-v1.3/registry.npmjs.org/@rollup/rollup-linux-x64-musl.json_tmp_78192,common/temp/pnpm-store/v3/files/52/25ac492774e95bbddd577046710cbbc5e703e9164a4eaaebd26690d44c2db5af768c8ef3d93a3545ea12e21a368ff143b134f499fb2c4018bb000f0335cc53781922,common/temp/pnpm-store/v3/files/a8/12df87790521fe5da69516ba2e6e3d7ff79b33f83f72dd9bb7e7cfc9f7ace1da01f8c0f8e196b85013e4ef8c61e89b9d7aa585a5dee8e040ec68792471bfa2781922,common/temp/pnpm-store/v3/files/71/7fcc2c943854786cd7f105bde52bee2352f16cdf074d1496d93c3b79ecc78a392337a1b24729bd6adf361875d4f86be9996fb10c7bc367c439d7e7a77af9a6781922,common/temp/pnpm-store/v3/files/95/b9cd4a460e554bea4bf8ee0c791d4dbeb6ed1424e8b0eb178e98011eac38adcd510f22e05a2882430c93b00b4c7a312fd74b7f206bbc1c550784141f559d67781923,common/temp/pnpm-store/metadata-v1.3/registry.npmjs.org/@rollup/rollup-freebsd-arm64.json_tmp_78192,common/temp/pnpm-store/metadata-v1.3/registry.npmjs.org/@rollup/rollup-win32-x64-gnu.json_tmp_78192,common/temp/pnpm-store/v3/files/68/e81f4f390270aff7e384ad5c9c65c5cf16dc0f7651bc2d76b7de0e06b66a7a5aa4a5ccccdc010e4825769c6781b9b5c4be649dd61c2ad7e9a5dd74cd780de0781922,common/temp/pnpm-store/v3/files/88/269cce17141d22df94eaf6717fcc9cce01fbc08b8a41d35367108209484b1a39a898578bb4493046bec8f78e93e4b5ce0f77e8e58eacdf6cf74296f7b9f180781922,common/temp/pnpm-store/v3/files/8c/eaeb52f5cce00bfd656886d446a336da34bbdea4580849d4b98f9898575d0c7fdf631e70429dd74a4e2d8812d81431d538241a19683d4d40ac35b6bef698ea78192,common/temp/pnpm-store/v3/files/ae/ad217c7db3db49523a66e79e7eb0e76e5ee37fd5f25ff2defffda0a6e1cbb5b5400c1394eb7c79d1232fd5230e0f486e628fe28a0da5409b459b0593724b98781922,common/temp/pnpm-store/v3/files/b0/f6ddd937c94fa1e109604902c719afe92dc3b1835d59701ef2f86e3156205890fdfcc2fafb2acf365982ba9c31c659573274d53122b970649117d1f1b688dc781921,common/temp/pnpm-store/v3/files/b2/f0aaa820ad509fe020d64d442ee1911eb3e0c482eac43ecd99c9831b7b606721c027033943611c0f23ca06725ec85f9e1a5446cc0fe168fddaff04ec8b7fe1781922,common/temp/pnpm-store/v3/files/29/52d13626dd2ac8b298761bc779b7d4356e0e3fd8cc6c192644ad95e0f44e7f07399f13340633b867ed135988bdcbc990797dabb94cdde834617a996e69da63781922,common/temp/pnpm-store/v3/files/35/92e63ac788121f82002b8bb6aa9b1397d35337c0bfa6ab113986fe60c2ca81660da0c2b11e678774dadd05e7a21409fe3e335e73b44c3db9a0ed6dedb7a0eb781921,common/temp/pnpm-store/v3/files/de/74a761791591fde65c57c4eef5723e68b749ace16ffd9c7d9186b34251cc5b0f16f00c04472bc1e5755751acaecb5d5de2824d79496ef9d0c065a01081e63878192,common/temp/pnpm-store/v3/files/3d/8961fc551cc254ae61c8316c57bf89e128b70f7b29817453d3a7b11ad6a9097a7c0dab0aed94330abc9b85d410347aed5086ba44aaf0c2d1708209c3bc6518781922,common/temp/pnpm-store/v3/files/f7/1707f1982b4f1154931884aea41ac4eeaf0a112490fa843aff64d6539c69a24f8e234aa09d8c79ccd254dda20c7ce6a1546bb023bb0bb3c38899c272db2538781922,common/temp/pnpm-store/metadata-v1.3/registry.npmjs.org/@esbuild/aix-ppc64.json_tmp_78192,common/temp/pnpm-store/v3/files/bf/09634cfa14732685fc223f8e35fb222ad927af7615cb0bdc18577f39f7ccc45212ed8abe705b707cecc5d5f16c95613f3597ae1b926a7cc8b68ff991118542781922,common/temp/pnpm-store/v3/files/94/9504f0776280a864302d4b8b7a15b83b5e51dba4118e2d3cc01e8a76e2b33c87d94f676191391725ff3c907df01e43b49497eb5a0aa20977f499dae55a379f781921,common/temp/pnpm-store/metadata-v1.3/registry.npmjs.org/@rollup/rollup-freebsd-x64.json_tmp_78192,common/temp/pnpm-store/metadata-v1.3/registry.npmjs.org/@rollup/rollup-openbsd-x64.json_tmp_78192,common/temp/pnpm-store/v3/files/48/aa9e628d4568fd7163458bdd6e0a2a46fffd97164b6aad4dd06eb09081c87d8a547f18b98cd2e59243b1b86c5eeb7f25e79ff3c699fe9c4d562dfaf2b22ad5781922,common/temp/pnpm-store/v3/files/e4/b0e193354b5cdc55fc053eb5484429de42eaf8fb69f66877a98e5bc7b96b9de69643684c710b178090ac3a8a0a90c20a4e147dc2b3f5ab05bb485850aacbfe781923,common/temp/pnpm-store/v3/files/20/d0f1df4fe2b6a5e18ff0440f54da3e3db6ad8d7177e94e58780b7760a8caa0e47d651bd85245df2704fe9f1198c88953a46120ee1028c66d56dd7dd1aefe56781923,common/temp/pnpm-store/v3/files/f2/4e71aea6873b715bf17a6b4de535d0cf77983ca10072a9e4f3bc432454f1edb9f5a642e5274de5bf5bc65d74d255e535be9aeb62be47207bc7a4260b2409a2781922,common/temp/pnpm-store/v3/files/f4/b4b5039dff2a91b441e6b8d19fe5dc3a030f1549f9a04addca1893cae6fd339c322c8c9a4333196494193dbb289b0cca881196eb83920ab2a19d4c56de05b3781921,common/temp/pnpm-store/v3/files/fd/b18be520396eaf33a18fd2ef13e1124f1a63a5357fdeed403629ba149a501ce7ae376f6e8c5500308ecc48079899f14032aef6b78e544fe0eb452ca417f099781922,common/temp/pnpm-store/metadata-v1.3/registry.npmjs.org/@rollup/rollup-linux-x64-gnu.json_tmp_78192,common/temp/pnpm-store/v3/files/66/d3cab1dcec0e6e6a8a1c18c75db298fe248e619d3c0d41c2c9d67ea924fcd55cd77034153ad4ef78eda97bb474727feb70e8ba5ed5161e140ae40fe647a5dd781922,common/temp/pnpm-store/v3/files/60/94c298440256923c05b6a16b8cd87edb8cb58ee4ee7d168f09bedef3a318afe35f7c71087f0a0a0911028b4436f35f999111f4e9f7219bdd9a4d1189e50bbb781921,common/temp/pnpm-store/v3/files/30/670c9a91a465e6ec31985b40a9007fd097e731af8e4053a9ff19c770296165ebdf01be42f12ed9e5d67e7208598489131229e15f4508a0c47b2833918ad73378192,common/temp/pnpm-store/v3/files/8a/96d111dd8f5be031c9b8678455e18e60193c72adfaec042146b85b9656f367c65a6cb18086ed439fda9f96138ac382b67a015f76058bafb82ccebb7523fcd5781921,common/temp/pnpm-store/v3/files/f5/1f672c4690ece369adddf6237367e37c57ad516c247d4e974b2fcf99a69ef35c72e4388c386d9c1100dbb012f454b3b33672c8891334ef56c5e59a9139b19c781922,common/temp/pnpm-store/v3/files/97/5c625eca1c963e818faf251e5e21ca36f5b037838fa3ebb22fcb0123eccda7581f70fe49befda15f0829f7d117667faf505f4571ae4667a61f785e1491a2d0781921,common/temp/pnpm-store/v3/files/25/d61c9feea42e0a5c0a671fae023ce15fcafedbb5f90cddf6f4db99c82edf2da612dba835e066e4173bf018fac3e8e310d7d328695958df41978e1a90ec0db1781922,common/temp/pnpm-store/v3/files/05/7a3796f3d56e160fead9da93d2c5944cebcf6daf670e820dec4ffbea2080a36c51e8f51f5b6dfd8f68f027601db2b4f8b69c84101eeff2b9071768da86fb70781921,common/temp/pnpm-store/metadata-v1.3/registry.npmjs.org/@rollup/rollup-darwin-x64.json_tmp_78192,common/temp/pnpm-store/v3/files/b7/b264352fbeed305a3b443fe4eea1c661534f8cb0f51cc0f34b7c3ef736ccb55f3d5c9e2350ffb00b74b5164b6596547de9e7e7db8e6c6f12b5971702f484d5781922,common/temp/pnpm-store/metadata-v1.3/registry.npmjs.org/@rollup/rollup-openharmony-arm64.json_tmp_78192,common/temp/pnpm-store/metadata-v1.3/registry.npmjs.org/@types/estree.json_tmp_78192,common/temp/pnpm-store/v3/files/c5/638db5431e30e5f1dc0d6ff9fc9fa470be42efb862d8554be582428938829ad4c48d9a8282e3355a87b66952a539872e093c6803612c1965e77304548d958f781922,common/temp/pnpm-store/v3/files/85/4ae669605d543731bd8aa7ca1d3dcee9cacd13968db65388dcbc741123912ede8440d089b5c9ed7be59ad6f0b9372552223237e0b25d00f8566928f1f366f378192,common/temp/pnpm-store/v3/files/ac/821d4befa7a97bc3057ad630c8df2cb0ef34a6f5cbb746b06b4de0b3f4b0ff806bc4c2f824450134b64587aece166b9f061b75917dbedfcd40ee49702d964a781922,common/temp/pnpm-store/v3/files/4d/63aa1cf798f3bbd7335bdbb6913188bba7928cea893c73f98920691bc070ff0328b9a41d4899bfa1c98e41371ec13273997fba598220677f92e5fe3b156f66781922,common/temp/pnpm-store/v3/files/1f/982eea9d18a8ded45732ddcf92bc28c5ce29e450200777b40602b168479530c146ba9512b53acb98dd04838b7ebb033702f3e4b31fb5ed0c01eca86ab1eafd781922,common/temp/pnpm-store/v3/files/62/0164a9dc4fa9b2c2ce1f064ba84f80b0e57197a2a92359259763468e9a53198cd6ebaacce10f0bf2835925578ef9ca6e769bdd942a42a2e1ee1e8c016db172781921,common/temp/pnpm-store/v3/files/cc/2202dd79516f49e035901f842d40506e1e46a9c3e847b74ae4ca1ab164a758d5fad67f7bd0ca06429a5d2f84ea2dc58511e39f6f9ef8edfcccc3726b0cd685781922,common/temp/pnpm-store/metadata-v1.3/registry.npmjs.org/@rollup/rollup-linux-ppc64-musl.json_tmp_78192,common/temp/pnpm-store/metadata-v1.3/registry.npmjs.org/@rollup/rollup-linux-s390x-gnu.json_tmp_78192,common/temp/pnpm-store/v3/files/d2/47effd7c204cf4ba4724cbe4b205013810b910f98d8302753c7b13c9d95ec54a9435e08f15e2569f8618b36b4afeef627a659a4f64e74889cc8e1abe967c91781921,common/temp/pnpm-store/v3/files/6a/5650c38bce096b432654e66129be684bc3d307932ed184442cb9b4d6e9caf3c8e45da3f61116c47b947702fe4d9536361771ec4191862b408afd31b92c5a7a781923,common/temp/pnpm-store/metadata-v1.3/registry.npmjs.org/@esbuild/linux-arm64.json_tmp_78192,common/temp/pnpm-store/metadata-v1.3/registry.npmjs.org/@esbuild/linux-arm.json_tmp_78192,common/temp/pnpm-store/v3/files/75/61f31dad96a845c8fced44f4e8eba1c313289976992ac4a258752289abbfa53e26e3706875ec5f1f5b2eee601bb05458520dd2c90840943f2f5ac87b1e17eb78192,common/temp/pnpm-store/metadata-v1.3/registry.npmjs.org/@esbuild/win32-ia32.json_tmp_78192,common/temp/pnpm-store/metadata-v1.3/registry.npmjs.org/@esbuild/netbsd-x64.json_tmp_78192,common/temp/pnpm-store/v3/files/7f/73aa03fd87fc0eb664b4f4a80665502500888f3d74c15c63e5eb014d3c74d8301e15d242615e31cef0fc47bb444f2d1d4e515c5a106b36ab98252c9c2bd7c6781923,common/temp/pnpm-store/v3/files/29/a1014c71052f6a1552f0ab8d2251fc7f35d9721a79119b49914ff0305bd87a27f88430343d33cfba11beb5d39b6033ce39dea87fa9901d8bbacc36f7227f58781923,common/temp/pnpm-store/metadata-v1.3/registry.npmjs.org/@esbuild/linux-x64.json_tmp_78192,common/temp/pnpm-store/v3/files/63/0477622ad67adb59723660afb68d8a683f89b12e3fee8932a02f2fe713eae6ead9cb5828bf57bfe3e006cb0608f112d353c6e732931d2be14a15c28d73ab0e781923,common/temp/pnpm-store/v3/files/1d/0688424f69c0e7322aeb720e4e28d9af3b5a7a2dc18b8b198156e377a61a6e05bc824528fca0f8e61ac39b137a028029ff82e5229ad400a3cc22e2bdb687ad781923,common/temp/pnpm-store/metadata-v1.3/registry.npmjs.org/@esbuild/linux-ia32.json_tmp_78192
[NX v22.6.1 Daemon Server] - 2026-03-22T09:31:41.683Z - Time taken for 'hash changed files from watcher' 8.896542000000409ms
[NX v22.6.1 Daemon Server] - 2026-03-22T09:31:41.713Z - [WATCHER]: 18 file(s) created or restored, 0 file(s) modified, 18 file(s) deleted
[NX v22.6.1 Daemon Server] - 2026-03-22T09:31:41.713Z - [SYNC]: clearing sync generators cache due to file changes
[NX v22.6.1 Daemon Server] - 2026-03-22T09:31:41.713Z - [WATCHER]: Processing file changes in outputs
Time taken for 'plugin worker 78237 code loading' 55.86366699999999ms
Time taken for 'plugin worker 78238 code loading' 56.009125ms
Time taken for 'plugin worker 78239 code loading' 55.31700000000001ms
[NX v22.6.1 Daemon Server] - 2026-03-22T09:31:41.767Z - Time taken for 'start-plugin-worker:nx/js/dependencies-and-lockfile' 85.8310419999998ms
[NX v22.6.1 Daemon Server] - 2026-03-22T09:31:41.767Z - Time taken for 'start-plugin-worker:nx/core/package-json' 85.22479199999907ms
[NX v22.6.1 Daemon Server] - 2026-03-22T09:31:41.767Z - Time taken for 'start-plugin-worker:nx/core/project-json' 84.91912500000035ms
[NX v22.6.1 Daemon Server] - 2026-03-22T09:31:41.770Z - [WATCHER]: Processing file changes in outputs
[NX v22.6.1 Daemon Server] - 2026-03-22T09:31:41.772Z - [WATCHER]: 99 file(s) created or restored, 0 file(s) modified, 99 file(s) deleted
[NX v22.6.1 Daemon Server] - 2026-03-22T09:31:41.773Z - [SYNC]: clearing sync generators cache due to file changes
Time taken for 'nx/js/dependencies-and-lockfile:createNodes' 0.9695000000000107ms
[NX v22.6.1 Daemon Server] - 2026-03-22T09:31:41.779Z - Time taken for 'build-project-configs' 92.64520799999991ms
[NX v22.6.1 Daemon Server] - 2026-03-22T09:31:41.779Z - Time taken for 'createNodes:merge' 0.14729199999965203ms
[NX v22.6.1 Daemon Server] - 2026-03-22T09:31:41.779Z - Time taken for 'get-all-workspace-files' 1.375ms
Time taken for 'build typescript dependencies' 0.038875000000004434ms
[NX v22.6.1 Daemon Server] - 2026-03-22T09:31:41.782Z - [SYNC]: collect registered sync generators
[NX v22.6.1 Daemon Server] - 2026-03-22T09:31:41.782Z - [SYNC]: project graph hash is the same, not collecting task sync generators
[NX v22.6.1 Daemon Server] - 2026-03-22T09:31:41.782Z - [SYNC]: nx.json hash is the same, not collecting global sync generators
[NX v22.6.1 Daemon Server] - 2026-03-22T09:31:41.782Z - Time taken for 'total execution time for createProjectGraph()' 4.6229999999995925ms
[NX v22.6.1 Daemon Server] - 2026-03-22T09:31:41.782Z - Time taken for 'createDependencies' 3.348374999999578ms
[NX v22.6.1 Daemon Server] - 2026-03-22T09:31:41.782Z - Time taken for 'nx/js/dependencies-and-lockfile:createDependencies' 3.3284999999996217ms
[NX v22.6.1 Daemon Server] - 2026-03-22T09:31:41.782Z - Time taken for 'createMetadata' 0.011375000000043656ms
[NX v22.6.1 Daemon Server] - 2026-03-22T09:31:41.782Z - Time taken for 'serialize graph' 0.13420899999982794ms
[NX v22.6.1 Daemon Server] - 2026-03-22T09:31:41.828Z - [REQUEST]: Updated workspace context based on watched changes, recomputing project graph...
[NX v22.6.1 Daemon Server] - 2026-03-22T09:31:41.828Z - [REQUEST]: common/temp/pnpm-store/metadata-v1.3/registry.npmjs.org/@esbuild/android-arm64.json,common/temp/pnpm-store/metadata-v1.3/registry.npmjs.org/@esbuild/darwin-arm64.json,common/temp/pnpm-store/metadata-v1.3/registry.npmjs.org/@esbuild/openbsd-x64.json,common/temp/pnpm-store/metadata-v1.3/registry.npmjs.org/source-map-js.json,common/temp/pnpm-store/metadata-v1.3/registry.npmjs.org/@esbuild/linux-riscv64.json,common/temp/pnpm-store/metadata-v1.3/registry.npmjs.org/onetime.json,common/temp/pnpm-store/metadata-v1.3/registry.npmjs.org/@esbuild/freebsd-x64.json,common/temp/pnpm-store/metadata-v1.3/registry.npmjs.org/@esbuild/linux-s390x.json,common/temp/pnpm-store/metadata-v1.3/registry.npmjs.org/nanoid.json,common/temp/pnpm-store/metadata-v1.3/registry.npmjs.org/merge-stream.json,common/temp/pnpm-store/metadata-v1.3/registry.npmjs.org/@esbuild/linux-loong64.json,common/temp/pnpm-store/metadata-v1.3/registry.npmjs.org/is-stream.json,common/temp/pnpm-store/metadata-v1.3/registry.npmjs.org/@esbuild/linux-ppc64.json,common/temp/pnpm-store/metadata-v1.3/registry.npmjs.org/@esbuild/linux-mips64el.json,common/temp/pnpm-store/metadata-v1.3/registry.npmjs.org/@esbuild/android-x64.json,common/temp/pnpm-store/metadata-v1.3/registry.npmjs.org/get-stream.json,common/temp/pnpm-store/metadata-v1.3/registry.npmjs.org/cross-spawn.json,common/temp/pnpm-store/metadata-v1.3/registry.npmjs.org/@esbuild/freebsd-arm64.json,common/temp/pnpm-store/v3/files/b1/dc7a59bff5e641506b63026b3f3fd0706a8fabc47d6a7cb9044f60f17e69bf27faa3a1d41b0eb53dc9055b56082cdc0c0e419eb80aedd2f6efe7020f5f762d,common/temp/pnpm-store/v3/files/dd/27c909ad6b8cc15bff16ba510e672f8da41603408bff1a7b0cc0c936e774a0bcd808cd5f914348e74adea388e8270ec64ef534f2467f2b13fd497b2c85a7c8,common/temp/pnpm-store/v3/files/25/e8632cff9584d332d906c22b526fb426877b7c2069410d34880bd13af092a8b4bf828cb38ca954c56e9a9199a2f6a96ca4af8aa593087738ed0a4e6475a71a,common/temp/pnpm-store/v3/files/7f/7bd3dea15e72b89dc0970c45fb3433ee4d100f19811bef2a36a6bc837bfc4263bfeaeda7dea92c8a0040031677cd6e0c9701a7916ff8fa48c4708913a1db51,common/temp/pnpm-store/v3/files/2f/ae778e6aa407dd05ee09bb34cf789b7339ca8a1c4e1abf163ea21daa8b26dc4d78b3f6d31ad53a0e929edcc8e764f8ea4432f54b5cd858b395996eb580fe2a,common/temp/pnpm-store/v3/files/13/2e314aab9d11b16f0c840da807af643e29a20a4c73765b01f32858175fbc17b0a4128443c9bbf6c2fbbe40d93c1349897f53a392e60f3f212525973468dce2,common/temp/pnpm-store/v3/files/0b/ea14ba77149fb58887c248e0abdcdb892b953dee9d94707fb4194fbaec3e6afa13ba9c5846e52976c3444fdd12a26a7a98cd8c7fabdc166ff8c98e294c3a4d,common/temp/pnpm-store/v3/files/ae/9cf5b9c0554d22d0995bda03c89d57e60aaed6b86811b44710c79190fe2584f30405ec4b20c6b9778058cf296b76eb608513101cf3f381ead8249f102069c9,common/temp/pnpm-store/v3/files/60/c8a13ada0326bd345b6e449e0023814d3ecfe3f0cd549d0bec992f2c969bdd7cdbcb278fa83a237c92e19a26f34b02eab75a590e55660d66e132cc493b25da,common/temp/pnpm-store/v3/files/54/f5f41a7b1f41af9d9ca15e52cee4fdbaadfee58025d65242628c1d93f35dd2ba9a5e615194155b163c47f963d061e0b8af5ee795f5790a2b2e95a8fed58522,common/temp/pnpm-store/v3/files/d6/3a219a9b695b3e35bb5c54d8154fd9a1670568b1aeeabdf6f60346779b37c1f3018acde89cb0fa89ecdac4681e5f22a657e17288ac85d9c61df7204df8c395,common/temp/pnpm-store/v3/files/6f/3c99d5ef3cc3d3b588d25b2a73a5bd84eb58f0e5e3a3b56c6d03dd7227bfef6d90faf1acdf235144e21650e4926296827d4ce827c8035dd2b86a8e6bd2a8af-index.json,common/temp/pnpm-store/v3/files/80/93c5f46284f9403fca03f276cf7eafe8041c07d74e23c63e573e8e0948bf8375e00a2ffb7ee85d759164db9aec27501ad1330f638ca716c0f3209d07a06337,common/temp/pnpm-store/v3/files/51/6006aca7d168d5bb6280d21ae610604e4d15460657d0948e69bb02ed9f321ce32667ea5d0aadd8061c4ff7b6ba3530f52986474f2b9f05da6b8b3b5d83da30,common/temp/pnpm-store/v3/files/b9/5d903963f69d6ceccb668ca7c69189b862f5d9731791e0879487681f4e893184c834e2249cb1d2ecb9d505ddc966ed00736e6b85c9cd429c6b73b3294777bc-index.json,common/temp/pnpm-store/v3/files/2a/d6c3d19ba163dea9253369bd22d83e60772cfb5c2cf5cfb61f8f54644cdf5670e990c5e3ba0904133376fc2b2b666500015456498cd5a6f7c106b17249468f,common/temp/pnpm-store/v3/files/b6/dc9d9321e91a252e192d98ccf49b4428ee32ce4a63dab788dd35bf849303b31f61df93981b1e11e9a200d5f4c1e24b9c8169c8026c210916cc72c5f547b8e4,common/temp/pnpm-store/metadata-v1.3/registry.npmjs.org/@esbuild/win32-x64.json,common/temp/pnpm-store/v3/files/55/79d4e8a9532ea3312f8b464fbb7c2565672b48bf417546730c2174f19e1cabce32e3b0ac4022dee5d15083e0935665ed5223f405ff29bf013297e6922a4767,common/temp/pnpm-store/v3/files/2e/7411e1b67d2000c345292fa6a306bedfed10959c9739253604b0e3c57910068078377aa86bcdf1e8ba939a74b6fc52475ef55661b21ee4e200e7f101bafc90-index.json,common/temp/pnpm-store/v3/files/51/758c2a12cec1529bef6f0852d40f5f17d853ebac7726ed52b2bff2e184f0240cbeb84ea70bf30c1c23d108522fb31073bbc8b084811bc550f3e203431a5f40-index.json,common/temp/pnpm-store/metadata-v1.3/registry.npmjs.org/human-signals.json,common/temp/pnpm-store/v3/files/8b/ad01b5f62764cf3a9504ecfafb7f783e21399fb1413afc7e41c410011b576146238f97667d3e0b2098ab235fb5435bfee3c96ff92b83f321da0d6cc1953672,common/temp/pnpm-store/v3/files/87/340c733a8901cf34e6019c709517600ec204938f9a28256b4abe6a0798e3d2da700300315840dd93c74107ed0cf80dddbc70316b24c02897ab481a99b97b3b,common/temp/pnpm-store/v3/files/a6/9c13b62259ab43bf6a2d33ef27ee76d069588a3133cc84ea71e2d57e3b785476116391a9f6eee829cf94db2378debcdde4f4a86e87fcfc9ff5f09cbe39e79d-index.json,common/temp/pnpm-store/v3/files/ee/80ee62e2e20219866bfad38eaf27a465720bbdf864a3b2b7733414f1d0c2a5343f0391acf1be1033117299053a9be9e8fe25dc1c82610007d6cd91f55996c2,common/temp/pnpm-store/v3/files/e1/cc3162f16673ed0c23bcbd5ac5bfcbe4f608ff57fa667f7e216377db162d2667874e27348e42b1904a85de53b5458b1be47a466a1a981baa885069028b8e66,common/temp/pnpm-store/v3/files/6f/11f6efc3d9751d11920d6f92d3c983ce40022941f89ad18ec6412cd72a0e97287562b17ee34b4b9aa3cccbab6e7d383e49cd98a59dbe8f76a727fe0a4d57ff,common/temp/pnpm-store/v3/files/4f/bda867587b8a6266f811f537a4a378adc17dd4bffc3c0f2c64c29e1ce52a0d150de4fd68956b205e61499cb96a4ca18ac42f495369948804cccc7cab13c207,common/temp/pnpm-store/v3/files/a7/e3d048fd5bf023a9fefddb012f4ad4a2c2496bb4be77da57e4a8e0b17d2e4472cee68eee1934c7531b835b92fa429553b5806eb97903830d0b1caaca84239e,common/temp/pnpm-store/v3/files/d7/b83a0c254e8de371212ceec05f6c70618c884169de224e19cb25dd2c65085fba01083ab9cd1548bee7048b1d86e192bca9ef61c7e40946c392ee2f60966853,common/temp/pnpm-store/v3/files/a4/d9adbeb6172a8044d662bd11197a928fd7d490a7f8ac34120ca2e622dd53237af41ed56e82333d8402d5485bd0d2e95f1fec5588cf01ca52511aa6b64a80a5,common/temp/pnpm-store/v3/files/a8/f2db7bbd65b593ed71e8b8b6750fa774e3f55e41ebe46393d433cfb607f75dfd8df200c03901c0e18db2f9ec97df8f4fadbc74f0e4c38e3cddccd73129b2dc,common/temp/pnpm-store/v3/files/b8/e0eee6e66ecb51ba695d042355a0d905fd8438e30697b036181391f437da4d13a2bbdaaeec0cdb932d6970d8722b2eb1caffe02aa2581a2d8c06e689384a02,common/temp/pnpm-store/v3/files/6b/8aae75aeaa2150548d86f1f0025cec9ddbc7dfa3c1f51e87de87721ec64ef31b60da2b04871838ca951cea1bb83af0dc518ab16d08e5334119d12aef4de27b,common/temp/pnpm-store/v3/files/f8/96503ca600bcebae2ca94bf5d4193de91eb37e16489ddf3dd74a43a9631769ae4d3b3c5b952fbe692048e93f847480943ec2d300ee9ba4f938287eb83a0121,common/temp/pnpm-store/v3/files/3c/a06da2e87f0f84e6c19c7100c64cdd7594698ef601398bb4b1a622ea45113410c44f493ad348fad65b6b8ba1a6ef300ff70bbf0b8c201b10a0ac22d60d7b4f,common/temp/pnpm-store/v3/files/ea/a92b8eeefa144e462d8a92d6727634665cf919ee565799a748c5700350d93fd99df1a088c7e354b579be58d81d86eddfc97e08ea075fdedeb45657df2091b3,common/temp/pnpm-store/v3/files/c5/7c2f69afa38b9edcda546dbbf9529b2dc0f6036ba34dfe379791c3b7c385cf9ac07b5a92a7dcb4dbe281a827a699f703e37958850825975ffd6e595ff39c7b,common/temp/pnpm-store/v3/files/5a/3bb8c0c8e249919a98bc92307f32e209a5b21197586c8a1d7d7af5074f69bc87f156dce90d6462f29f9ab19e987bcb1c795278f05d8dac25a316c9b73f8235,common/temp/pnpm-store/v3/files/7f/9b0d95b2b64ea178c352d768519a88d5e0de9803356900fadde58dc958eb4ec43ab6d5d9a1f4750bf0b9f8e324d9320561600133e74647912b84dad661f988,common/temp/pnpm-store/v3/files/97/8839dc633f58c586e9be9fd93c9052476c58505f3661090f564821879944d7afaf5d55c13228b121d16f6ec1ec552173e45808a214ce84920998c875208cac,common/temp/pnpm-store/v3/files/e2/25b4e032b8be81654b43e73e38d162cc449f80f5ea16b97f87759808317c022c9b60cdc0c119ed6bd7e69db7bb8359b742bf00f768197b5b88c4619e8c26e2,common/temp/pnpm-store/v3/files/72/cd0cbf6d4bdca6e4fd2359872d8549bb1ff791a245e051183b2ff6e209ae44a4cd5c50990e0b076bea42e2ee5bc45a39eddc760df8dfa02df03b43ff5b0bd4,common/temp/pnpm-store/v3/files/80/11fc23f1a913619d9d138093008e8bf94e9c75918fea78b2d298807b0d86d86ddf7aae2f9fc3a99a74582e659a98daf89d3c2103d514d33095818c1ac76f4f,common/temp/pnpm-store/metadata-v1.3/registry.npmjs.org/ms.json,common/temp/pnpm-store/v3/files/fa/a565df150cd6b7e79db2165ca62d6f59b1fc1d91296fb3429b7881bbff7cd298fa7de422d5dbfbcc68979c7365bc963fe02f7df42e6817fec90cfbb984bf65,common/temp/pnpm-store/v3/files/60/2fad481e86d981b8ddf9ffd491496bf99705d09c2c8509782ebbf0428f4013cf3a9de0cb67073f08121b2844612f74cd047eff077e9440da0a910cb1aee8f6,common/temp/pnpm-store/v3/files/9f/7b50fdfe0f0b1cc3f01fc767d88a8d76b2035315317b88362fead58152fe169f702a4aa013ad0c6ff449cccd2da9fe0998ddd499d40d525fabcb94b540366c,common/temp/pnpm-store/v3/files/d0/789c48951456f9f219ea67a4f02787ca7ab04a53e6ac42ce71565346fcc8e79809b7b41f2b8f9adcd6f10c0b4882d5ecd0a99f4ecac064269db1276b0586db,common/temp/pnpm-store/v3/files/f4/e48753c7d73f079ba4d605e1ee908c6abaf1a8d9fc8a1a726de287198e9aa6c93bb78f138a8b13dfcdcf21f72c1c40133021e19ca25f989554195b34e09843,common/temp/pnpm-store/v3/files/2d/f8676ca74260dabd393cf7d908d26fdfb2c947b0c94ba7c9570e5536eccb065acb5da5ef4180df1bd57e981051718c4f415f831cbb9a13d85a6441ef349f1e,common/temp/pnpm-store/v3/files/20/632da7048bf50ba4982decdee68d1e0ecd1da52a979f9b5dd0891cfbad52bb34b4bc92df466c6db7fa58c9c011b9e77abd20e6803e2ee1b84cfb8fd099c77b,common/temp/pnpm-store/metadata-v1.3/registry.npmjs.org/strip-final-newline.json,common/temp/pnpm-store/v3/files/b2/7d86c6fcd627222f24a6dee268ffb059a2587a453f6ca45b41a3429bc6a804ab7d9f7d605b5e17808ba4cd5a14f349bd65a818ed2198bb479eb4f0b4e14f4e,common/temp/pnpm-store/v3/files/7b/6e5b1c7641782e3d72d64883543521c790863b663b2f171a57b8ffbe2722b9795e268653b6bcbebe6cad633b205fe57c13dc2d22238f7257bda4361e22aa79,common/temp/pnpm-store/v3/files/e2/894dcae553bbdc0caa6bf39fdfed26129fe0c6045987d1f42d3269eb1643d52a284a6528e24cf1c0b7e60b40cc2fffe0e04f483f2280508d577a57a58eb9a1,common/temp/pnpm-store/metadata-v1.3/registry.npmjs.org/signal-exit.json,common/temp/pnpm-store/v3/files/95/dab542ecab692f086475f1525c575bf3feaf1d940280954b2bff86e8482a9ac5a814cdc3ba47e85254ebbda32d46e0df6dd70d53d295e90c6beaccf7db8dec,common/temp/pnpm-store/v3/files/92/515ac38d856e62ac3b3c793480e036d9d4b2cabceb450bae3cd2caf848df26405a7b60a4ca4d68aa9f268a895aae2d49b7609527bac9f65a78c49207b8e4e3,common/temp/pnpm-store/v3/files/af/6d4fbea6180ac6d986e03e3f6b0f9cf91155feb59284f4749f19336790f62d261996f9c8ad76159d390f7b5e5021252b65dda8e5ecc5d962dae2592b5197f1,common/temp/pnpm-store/v3/files/be/c70eb1016edaaef88610bd6caa7309a551aa8d186c5272e9e4a0d40e37431a2e1fc624ea2f20f593c19f8599383fcc9105d16d89e91845db2467d1d0f1217f,common/temp/pnpm-store/v3/files/ae/293e7bda463d63776db76af067e2225e951b04f401507472b9f8680ea71933b5ae579b4e9b9a50456e5ddd6849d22364a264e0f5a977db9d45b72498e08944,common/temp/pnpm-store/v3/files/fd/c1b5cf0c6fc5ca5e4e96ff3dfd2286de565cfbe0ef18ad4c1f32fd4630a5ce7367922dd0195ae86ed56c514580f78d715e966fb54be5e4978d332f65b670a2,common/temp/pnpm-store/v3/files/dd/699360cc4c0581a34ee10a7d299365475fb2d8b344f3b489a1aadd15fb8779879a937cdad3dcc448fcf55d568e27453295fed5fcd5e3c4fcd7054541c311e8,common/temp/pnpm-store/v3/files/98/1d5b35ba3165c4a7dbfa6cd4b3e524a5b43a9c59ad49e1ec8624032228f8e6abb4414a28cbb86288440c91aac6742932a3828bbf87693386cb80bd2b020fdb,common/temp/pnpm-store/v3/files/d4/5951fa08d72bb5fe02c007b28df9327c8de4aa86c09462ff7d5fb7ac74335f7886ded2fab580bddecf1ecb3dc5228ccc4d1ab2fd69c881da258abe05b69c01-index.json,common/temp/pnpm-store/v3/files/55/a509b2905f7e7fcb302255a0cbd201d9ac709c92d5aba3e59ba59e7e54a18718e77d545a67708515a47062a7194f779b91d25cff4b3f6bac3abcab06d428c0-index.json,common/temp/pnpm-store/v3/files/b3/6ef6154c27022c6c39122717f3bf89bd0eabf679ec0d9dab71cc3043a844d872a5bc7dc429f00880e48a3347a8def4a6f25af77d7ddc733cc1653a7f15e46c,common/temp/pnpm-store/v3/files/68/a3ea9b84869ebd553160e8db96eda7e52a6379009e753eca234a21c3301e7c34d524fe1d1082f38baa1c2c6549f3121ce6acbe57478bc7e59ed2318a399353,common/temp/pnpm-store/v3/files/63/5b7c0cba8ce745be9942bc918543daaba91827fb35641aa64e6e32cfa6eafd99a2608c6a1b52153a0669c716110eab2fba729d34c03654b97743ea457e1a74,common/temp/pnpm-store/v3/files/1c/dd6bf68fef45fb3af76bc66e6d4f6ccb2f7b84865ac0c6ea6eee9abbce6671557f9ee80af847674f762c77eccdb09230d775fd4a5cfd32b1c5a07edee66078,common/temp/pnpm-store/v3/files/ee/3e1d0795c507ff69a2197d3d1ab9f246fcee6f109acedaf25c774b8e62f8feb1db3ba6788fa0dddabcef9669d0eb09a3ff18bb60da97c4d8cd58cbfd8d1809,common/temp/pnpm-store/v3/files/de/dd49c1ebc98a585a1a9d7c58ac4494fb9662cf87b49b69ff29a32f6af589123a7f012c9c15e89e2334d951bb4f0968ae9ec0f35e832486b07a655cc8b86fca,common/temp/pnpm-store/v3/files/6c/58939da58f9b716293a8328f7a3649b6e242bf235fae00055a0cc79fb2788e4a99dfaa422e0cfadbe84e0d5e33b836f68627e6a409654877edc443b94d04c4,common/temp/pnpm-store/v3/files/4b/1608ea970f67abe990b3dd930fcd56158cfbb8b2d0ced74265168b5a2244239c7377925934ce5ffd77325d009dbcec84d002b9248076b69f75b25649fedaba,common/temp/pnpm-store/v3/files/f9/5fcf285ad6c4848dc3baadf8e598c8041258c20eb61ce0457df8ea42f7b774f8a2aa4d3d9a4dbda6ceee5ae5b80f0d28c7c1f017b2b41cf3d6084460b5aef0,common/temp/pnpm-store/metadata-v1.3/registry.npmjs.org/@esbuild/android-arm.json,common/temp/pnpm-store/v3/files/76/f8b152a074feb2e5bdb6f342ff9392246512fdb948f5ab704a583f8a645d985f636975d5cc581c924b15ada161e342c8c8153d5a9a36fba02a27a229e6ff0a,common/temp/pnpm-store/v3/files/45/877768d4aac0233bef65c32cbb8cb0d37151a23428f717444b2c2b71b39f1b062522d6ff8a3dc4432e3f63df66a55ae72957ec5525c89ce10278775f862bcb,common/temp/pnpm-store/v3/files/69/bbffa8e72e3df9375113df0f39995352ca9aec3c913fb49c81ef2ab2a016bc227e897f76859c740e19aac590f0436b14a91debb31fa68fcba2f6c852c6eddf-index.json,common/temp/pnpm-store/v3/files/09/c0efe9cafef2da05342852b498a796a4163b9eb5293a2a9a65013d6d5f95d20d2f5a5e29e0b28c5cf60ba137b4e81f6e45b3ba4ad2791e9b722d1ebb714559,common/temp/pnpm-store/v3/files/f4/bdd73a24c2e4084d809a85c538e16119fcb6883b71f3a1db9f934dbe37087259a9661cfa2280ef1c5d8ca55315294c91a83f47cb8169c390e462183587c590,common/temp/pnpm-store/v3/files/ac/91badb057ecc12e5fb37012414db051c8d9c35389e905079911f89bcf12289249f6e35080c8ba7b3230865c51bd62107c82051139f9bbc5cb0df05923b6e0c,common/temp/pnpm-store/v3/files/7f/739c62deecf5905a28e2123167630390d9f316e3308e84d8acf6bd8e0dd3d40dc5982442cdc8a8ad034af828d6b553447c0fe9f955d2bcf7d92d8622aaeafe,common/temp/pnpm-store/v3/files/85/24ae1659d8678302238c7b966f877ea545beee9c2de8837c6a370a3c86312be6e319cf274699ea1f9acf5f40ae26bab448086d566e44daecce8bcaaf5eea19,common/temp/pnpm-store/v3/files/db/d1fa5fa76ca375989232a9f360d2bfe720e2bb8e2780bc21ab65b099204437a9cf23fe7754c1fb15d1f5cbffefa79c4bf292da043d2db119f4b8f9f6c1d5f1,common/temp/pnpm-store/v3/files/8d/72fef7e64d2092abba87ea5eeb930a57f8e1e4a97079608f70a2b8d8a1505dc8a2e8ed99cd3321add424e5b94630cad582c12599d60653eeaa163270b8a8a2-index.json,common/temp/pnpm-store/v3/files/fc/ebb4bd5734c19593ff05ae30f5c96d2bf7187185ea0b18283b73b3f7a3f3dc704deb84c6265a90cf256f278cf6a5e8e15c3e8f79f28d038b6d5a13a812abea,common/temp/pnpm-store/metadata-v1.3/registry.npmjs.org/npm-run-path.json,common/temp/pnpm-store/v3/files/99/ccab56e6628453f6bce7eb468c5c6af5629d7e825f5e996694fe795d9cb9f7c4842f6608547bb1f77793f59d8c148aeebc6ee0aa87ec099935193cd20f70e1,common/temp/pnpm-store/v3/files/ea/8700a9a30a397437150874734f03cf4c2c6744a2e57c34c499d8936b92bd51da9e7b36da18ef8cc676507822ea5ef0af93dabb21adf27b71a6a60f840f11df,common/temp/pnpm-store/v3/files/32/8e6ed9ed9fec7e4ff30a1ff2e0061cd47fab052e2b8ea17e8df0ab52e7ae0749578d33f1890afe5f13725b0cefd65d78e53d00bcd3b6ed65b4d684525b0cdc,common/temp/pnpm-store/v3/files/80/775433e23d8dc19c7be1199925403a26dc0201eeec94c585ffda47edcfa6e098834ded915156d83877fb1d914f740c87f375e03f631cd3f669cc2b4feb67bf,common/temp/pnpm-store/v3/files/9d/323420cc63c6bee79dcc5db5f0f18f6b8e073daaf8ffa5459e11f2de59a9f5e8c178d77fa92afc9ddd352623dec362c62fff859c71a2fab93f1e2172c4987f,common/temp/pnpm-store/v3/files/93/b4658d6b2c4e6260d805374b0b145ac09003ba3b42b54c8eb744534ad7ec06d993d5f8026687c0781dee4024e5b5ef8e4108df2bf8132b6ad9ca1672f94a76,common/temp/pnpm-store/v3/files/45/5999fc0c2fe7f93b8c5b7e7c7026566c6743c90857c5ee3a1610d81ae595db391777f614a7765bb5f6f83103e6dbbee4aafd1d8b458c06ed15c26f2a740968,common/temp/pnpm-store/metadata-v1.3/registry.npmjs.org/@rollup/rollup-win32-x64-msvc.json,common/temp/pnpm-store/v3/files/0a/3004becdff7e8f9cb935f325ea6325fbceb18239126b9e7e67788e35106d52396f45df65f458dfcefba5b8131d441ab0ba251b5f5b5db1f00594cb66bc504f
[NX v22.6.1 Daemon Server] - 2026-03-22T09:31:41.828Z - [REQUEST]: common/temp/pnpm-store/metadata-v1.3/registry.npmjs.org/@esbuild/freebsd-arm64.json_tmp_78192,common/temp/pnpm-store/metadata-v1.3/registry.npmjs.org/@esbuild/android-x64.json_tmp_78192,common/temp/pnpm-store/metadata-v1.3/registry.npmjs.org/@esbuild/linux-s390x.json_tmp_78192,common/temp/pnpm-store/metadata-v1.3/registry.npmjs.org/@esbuild/openbsd-x64.json_tmp_78192,common/temp/pnpm-store/metadata-v1.3/registry.npmjs.org/cross-spawn.json_tmp_78192,common/temp/pnpm-store/metadata-v1.3/registry.npmjs.org/merge-stream.json_tmp_78192,common/temp/pnpm-store/metadata-v1.3/registry.npmjs.org/@esbuild/linux-riscv64.json_tmp_78192,common/temp/pnpm-store/metadata-v1.3/registry.npmjs.org/@esbuild/linux-loong64.json_tmp_78192,common/temp/pnpm-store/metadata-v1.3/registry.npmjs.org/@esbuild/android-arm64.json_tmp_78192,common/temp/pnpm-store/metadata-v1.3/registry.npmjs.org/@esbuild/darwin-arm64.json_tmp_78192,common/temp/pnpm-store/metadata-v1.3/registry.npmjs.org/@esbuild/freebsd-x64.json_tmp_78192,common/temp/pnpm-store/metadata-v1.3/registry.npmjs.org/nanoid.json_tmp_78192,common/temp/pnpm-store/metadata-v1.3/registry.npmjs.org/is-stream.json_tmp_78192,common/temp/pnpm-store/metadata-v1.3/registry.npmjs.org/@esbuild/linux-ppc64.json_tmp_78192,common/temp/pnpm-store/metadata-v1.3/registry.npmjs.org/@esbuild/linux-mips64el.json_tmp_78192,common/temp/pnpm-store/metadata-v1.3/registry.npmjs.org/get-stream.json_tmp_78192,common/temp/pnpm-store/metadata-v1.3/registry.npmjs.org/source-map-js.json_tmp_78192,common/temp/pnpm-store/metadata-v1.3/registry.npmjs.org/onetime.json_tmp_78192,common/temp/pnpm-store/v3/files/6f/11f6efc3d9751d11920d6f92d3c983ce40022941f89ad18ec6412cd72a0e97287562b17ee34b4b9aa3cccbab6e7d383e49cd98a59dbe8f76a727fe0a4d57ff781923,common/temp/pnpm-store/v3/files/92/515ac38d856e62ac3b3c793480e036d9d4b2cabceb450bae3cd2caf848df26405a7b60a4ca4d68aa9f268a895aae2d49b7609527bac9f65a78c49207b8e4e3781921,common/temp/pnpm-store/v3/files/e1/cc3162f16673ed0c23bcbd5ac5bfcbe4f608ff57fa667f7e216377db162d2667874e27348e42b1904a85de53b5458b1be47a466a1a981baa885069028b8e66781923,common/temp/pnpm-store/v3/files/b3/6ef6154c27022c6c39122717f3bf89bd0eabf679ec0d9dab71cc3043a844d872a5bc7dc429f00880e48a3347a8def4a6f25af77d7ddc733cc1653a7f15e46c781922,common/temp/pnpm-store/v3/files/68/a3ea9b84869ebd553160e8db96eda7e52a6379009e753eca234a21c3301e7c34d524fe1d1082f38baa1c2c6549f3121ce6acbe57478bc7e59ed2318a399353781923,common/temp/pnpm-store/v3/files/2e/7411e1b67d2000c345292fa6a306bedfed10959c9739253604b0e3c57910068078377aa86bcdf1e8ba939a74b6fc52475ef55661b21ee4e200e7f101bafc9078192,common/temp/pnpm-store/v3/files/b8/e0eee6e66ecb51ba695d042355a0d905fd8438e30697b036181391f437da4d13a2bbdaaeec0cdb932d6970d8722b2eb1caffe02aa2581a2d8c06e689384a02781921,common/temp/pnpm-store/v3/files/f8/96503ca600bcebae2ca94bf5d4193de91eb37e16489ddf3dd74a43a9631769ae4d3b3c5b952fbe692048e93f847480943ec2d300ee9ba4f938287eb83a0121781921,common/temp/pnpm-store/v3/files/80/93c5f46284f9403fca03f276cf7eafe8041c07d74e23c63e573e8e0948bf8375e00a2ffb7ee85d759164db9aec27501ad1330f638ca716c0f3209d07a06337781921,common/temp/pnpm-store/v3/files/d7/b83a0c254e8de371212ceec05f6c70618c884169de224e19cb25dd2c65085fba01083ab9cd1548bee7048b1d86e192bca9ef61c7e40946c392ee2f60966853781923,common/temp/pnpm-store/v3/files/a7/e3d048fd5bf023a9fefddb012f4ad4a2c2496bb4be77da57e4a8e0b17d2e4472cee68eee1934c7531b835b92fa429553b5806eb97903830d0b1caaca84239e781921,common/temp/pnpm-store/v3/files/8d/72fef7e64d2092abba87ea5eeb930a57f8e1e4a97079608f70a2b8d8a1505dc8a2e8ed99cd3321add424e5b94630cad582c12599d60653eeaa163270b8a8a278192,common/temp/pnpm-store/v3/files/60/c8a13ada0326bd345b6e449e0023814d3ecfe3f0cd549d0bec992f2c969bdd7cdbcb278fa83a237c92e19a26f34b02eab75a590e55660d66e132cc493b25da781921,common/temp/pnpm-store/v3/files/b9/5d903963f69d6ceccb668ca7c69189b862f5d9731791e0879487681f4e893184c834e2249cb1d2ecb9d505ddc966ed00736e6b85c9cd429c6b73b3294777bc78192,common/temp/pnpm-store/v3/files/51/758c2a12cec1529bef6f0852d40f5f17d853ebac7726ed52b2bff2e184f0240cbeb84ea70bf30c1c23d108522fb31073bbc8b084811bc550f3e203431a5f4078192,common/temp/pnpm-store/metadata-v1.3/registry.npmjs.org/strip-final-newline.json_tmp_78192,common/temp/pnpm-store/v3/files/7f/739c62deecf5905a28e2123167630390d9f316e3308e84d8acf6bd8e0dd3d40dc5982442cdc8a8ad034af828d6b553447c0fe9f955d2bcf7d92d8622aaeafe781921,common/temp/pnpm-store/v3/files/20/632da7048bf50ba4982decdee68d1e0ecd1da52a979f9b5dd0891cfbad52bb34b4bc92df466c6db7fa58c9c011b9e77abd20e6803e2ee1b84cfb8fd099c77b781921,common/temp/pnpm-store/v3/files/87/340c733a8901cf34e6019c709517600ec204938f9a28256b4abe6a0798e3d2da700300315840dd93c74107ed0cf80dddbc70316b24c02897ab481a99b97b3b781921,common/temp/pnpm-store/v3/files/80/775433e23d8dc19c7be1199925403a26dc0201eeec94c585ffda47edcfa6e098834ded915156d83877fb1d914f740c87f375e03f631cd3f669cc2b4feb67bf781921,common/temp/pnpm-store/v3/files/76/f8b152a074feb2e5bdb6f342ff9392246512fdb948f5ab704a583f8a645d985f636975d5cc581c924b15ada161e342c8c8153d5a9a36fba02a27a229e6ff0a781923,common/temp/pnpm-store/v3/files/a4/d9adbeb6172a8044d662bd11197a928fd7d490a7f8ac34120ca2e622dd53237af41ed56e82333d8402d5485bd0d2e95f1fec5588cf01ca52511aa6b64a80a5781922,common/temp/pnpm-store/v3/files/55/79d4e8a9532ea3312f8b464fbb7c2565672b48bf417546730c2174f19e1cabce32e3b0ac4022dee5d15083e0935665ed5223f405ff29bf013297e6922a4767781923,common/temp/pnpm-store/v3/files/af/6d4fbea6180ac6d986e03e3f6b0f9cf91155feb59284f4749f19336790f62d261996f9c8ad76159d390f7b5e5021252b65dda8e5ecc5d962dae2592b5197f1781921,common/temp/pnpm-store/v3/files/99/ccab56e6628453f6bce7eb468c5c6af5629d7e825f5e996694fe795d9cb9f7c4842f6608547bb1f77793f59d8c148aeebc6ee0aa87ec099935193cd20f70e1781923,common/temp/pnpm-store/v3/files/4f/bda867587b8a6266f811f537a4a378adc17dd4bffc3c0f2c64c29e1ce52a0d150de4fd68956b205e61499cb96a4ca18ac42f495369948804cccc7cab13c207781922,common/temp/pnpm-store/v3/files/a6/9c13b62259ab43bf6a2d33ef27ee76d069588a3133cc84ea71e2d57e3b785476116391a9f6eee829cf94db2378debcdde4f4a86e87fcfc9ff5f09cbe39e79d78192,common/temp/pnpm-store/v3/files/e2/894dcae553bbdc0caa6bf39fdfed26129fe0c6045987d1f42d3269eb1643d52a284a6528e24cf1c0b7e60b40cc2fffe0e04f483f2280508d577a57a58eb9a1781923,common/temp/pnpm-store/metadata-v1.3/registry.npmjs.org/ms.json_tmp_78192,common/temp/pnpm-store/v3/files/7b/6e5b1c7641782e3d72d64883543521c790863b663b2f171a57b8ffbe2722b9795e268653b6bcbebe6cad633b205fe57c13dc2d22238f7257bda4361e22aa79781921,common/temp/pnpm-store/v3/files/3c/a06da2e87f0f84e6c19c7100c64cdd7594698ef601398bb4b1a622ea45113410c44f493ad348fad65b6b8ba1a6ef300ff70bbf0b8c201b10a0ac22d60d7b4f781922,common/temp/pnpm-store/v3/files/85/24ae1659d8678302238c7b966f877ea545beee9c2de8837c6a370a3c86312be6e319cf274699ea1f9acf5f40ae26bab448086d566e44daecce8bcaaf5eea19781923,common/temp/pnpm-store/v3/files/8b/ad01b5f62764cf3a9504ecfafb7f783e21399fb1413afc7e41c410011b576146238f97667d3e0b2098ab235fb5435bfee3c96ff92b83f321da0d6cc1953672781923,common/temp/pnpm-store/v3/files/ae/9cf5b9c0554d22d0995bda03c89d57e60aaed6b86811b44710c79190fe2584f30405ec4b20c6b9778058cf296b76eb608513101cf3f381ead8249f102069c9781923,common/temp/pnpm-store/v3/files/9f/7b50fdfe0f0b1cc3f01fc767d88a8d76b2035315317b88362fead58152fe169f702a4aa013ad0c6ff449cccd2da9fe0998ddd499d40d525fabcb94b540366c781923,common/temp/pnpm-store/v3/files/6b/8aae75aeaa2150548d86f1f0025cec9ddbc7dfa3c1f51e87de87721ec64ef31b60da2b04871838ca951cea1bb83af0dc518ab16d08e5334119d12aef4de27b781921,common/temp/pnpm-store/v3/files/0b/ea14ba77149fb58887c248e0abdcdb892b953dee9d94707fb4194fbaec3e6afa13ba9c5846e52976c3444fdd12a26a7a98cd8c7fabdc166ff8c98e294c3a4d781921,common/temp/pnpm-store/v3/files/ea/8700a9a30a397437150874734f03cf4c2c6744a2e57c34c499d8936b92bd51da9e7b36da18ef8cc676507822ea5ef0af93dabb21adf27b71a6a60f840f11df781921,common/temp/pnpm-store/v3/files/13/2e314aab9d11b16f0c840da807af643e29a20a4c73765b01f32858175fbc17b0a4128443c9bbf6c2fbbe40d93c1349897f53a392e60f3f212525973468dce2781923,common/temp/pnpm-store/v3/files/de/dd49c1ebc98a585a1a9d7c58ac4494fb9662cf87b49b69ff29a32f6af589123a7f012c9c15e89e2334d951bb4f0968ae9ec0f35e832486b07a655cc8b86fca781922,common/temp/pnpm-store/v3/files/ac/91badb057ecc12e5fb37012414db051c8d9c35389e905079911f89bcf12289249f6e35080c8ba7b3230865c51bd62107c82051139f9bbc5cb0df05923b6e0c781921,common/temp/pnpm-store/v3/files/d4/5951fa08d72bb5fe02c007b28df9327c8de4aa86c09462ff7d5fb7ac74335f7886ded2fab580bddecf1ecb3dc5228ccc4d1ab2fd69c881da258abe05b69c0178192,common/temp/pnpm-store/v3/files/fc/ebb4bd5734c19593ff05ae30f5c96d2bf7187185ea0b18283b73b3f7a3f3dc704deb84c6265a90cf256f278cf6a5e8e15c3e8f79f28d038b6d5a13a812abea781921,common/temp/pnpm-store/v3/files/5a/3bb8c0c8e249919a98bc92307f32e209a5b21197586c8a1d7d7af5074f69bc87f156dce90d6462f29f9ab19e987bcb1c795278f05d8dac25a316c9b73f8235781921,common/temp/pnpm-store/v3/files/be/c70eb1016edaaef88610bd6caa7309a551aa8d186c5272e9e4a0d40e37431a2e1fc624ea2f20f593c19f8599383fcc9105d16d89e91845db2467d1d0f1217f781921,common/temp/pnpm-store/v3/files/ee/80ee62e2e20219866bfad38eaf27a465720bbdf864a3b2b7733414f1d0c2a5343f0391acf1be1033117299053a9be9e8fe25dc1c82610007d6cd91f55996c2781922,common/temp/pnpm-store/metadata-v1.3/registry.npmjs.org/human-signals.json_tmp_78192,common/temp/pnpm-store/v3/files/fd/c1b5cf0c6fc5ca5e4e96ff3dfd2286de565cfbe0ef18ad4c1f32fd4630a5ce7367922dd0195ae86ed56c514580f78d715e966fb54be5e4978d332f65b670a2781923,common/temp/pnpm-store/v3/files/4b/1608ea970f67abe990b3dd930fcd56158cfbb8b2d0ced74265168b5a2244239c7377925934ce5ffd77325d009dbcec84d002b9248076b69f75b25649fedaba781923,common/temp/pnpm-store/v3/files/0a/3004becdff7e8f9cb935f325ea6325fbceb18239126b9e7e67788e35106d52396f45df65f458dfcefba5b8131d441ab0ba251b5f5b5db1f00594cb66bc504f781923,common/temp/pnpm-store/v3/files/f4/bdd73a24c2e4084d809a85c538e16119fcb6883b71f3a1db9f934dbe37087259a9661cfa2280ef1c5d8ca55315294c91a83f47cb8169c390e462183587c590781921,common/temp/pnpm-store/v3/files/9d/323420cc63c6bee79dcc5db5f0f18f6b8e073daaf8ffa5459e11f2de59a9f5e8c178d77fa92afc9ddd352623dec362c62fff859c71a2fab93f1e2172c4987f781923,common/temp/pnpm-store/v3/files/dd/699360cc4c0581a34ee10a7d299365475fb2d8b344f3b489a1aadd15fb8779879a937cdad3dcc448fcf55d568e27453295fed5fcd5e3c4fcd7054541c311e8781922,common/temp/pnpm-store/v3/files/2d/f8676ca74260dabd393cf7d908d26fdfb2c947b0c94ba7c9570e5536eccb065acb5da5ef4180df1bd57e981051718c4f415f831cbb9a13d85a6441ef349f1e781921,common/temp/pnpm-store/v3/files/d0/789c48951456f9f219ea67a4f02787ca7ab04a53e6ac42ce71565346fcc8e79809b7b41f2b8f9adcd6f10c0b4882d5ecd0a99f4ecac064269db1276b0586db781923,common/temp/pnpm-store/metadata-v1.3/registry.npmjs.org/@rollup/rollup-win32-x64-msvc.json_tmp_78192,common/temp/pnpm-store/v3/files/51/6006aca7d168d5bb6280d21ae610604e4d15460657d0948e69bb02ed9f321ce32667ea5d0aadd8061c4ff7b6ba3530f52986474f2b9f05da6b8b3b5d83da30781923,common/temp/pnpm-store/v3/files/f4/e48753c7d73f079ba4d605e1ee908c6abaf1a8d9fc8a1a726de287198e9aa6c93bb78f138a8b13dfcdcf21f72c1c40133021e19ca25f989554195b34e09843781921,common/temp/pnpm-store/v3/files/c5/7c2f69afa38b9edcda546dbbf9529b2dc0f6036ba34dfe379791c3b7c385cf9ac07b5a92a7dcb4dbe281a827a699f703e37958850825975ffd6e595ff39c7b781922,common/temp/pnpm-store/v3/files/1c/dd6bf68fef45fb3af76bc66e6d4f6ccb2f7b84865ac0c6ea6eee9abbce6671557f9ee80af847674f762c77eccdb09230d775fd4a5cfd32b1c5a07edee66078781923,common/temp/pnpm-store/v3/files/dd/27c909ad6b8cc15bff16ba510e672f8da41603408bff1a7b0cc0c936e774a0bcd808cd5f914348e74adea388e8270ec64ef534f2467f2b13fd497b2c85a7c8781923,common/temp/pnpm-store/v3/files/93/b4658d6b2c4e6260d805374b0b145ac09003ba3b42b54c8eb744534ad7ec06d993d5f8026687c0781dee4024e5b5ef8e4108df2bf8132b6ad9ca1672f94a76781922,common/temp/pnpm-store/v3/files/25/e8632cff9584d332d906c22b526fb426877b7c2069410d34880bd13af092a8b4bf828cb38ca954c56e9a9199a2f6a96ca4af8aa593087738ed0a4e6475a71a781921,common/temp/pnpm-store/v3/files/69/bbffa8e72e3df9375113df0f39995352ca9aec3c913fb49c81ef2ab2a016bc227e897f76859c740e19aac590f0436b14a91debb31fa68fcba2f6c852c6eddf78192,common/temp/pnpm-store/v3/files/a8/f2db7bbd65b593ed71e8b8b6750fa774e3f55e41ebe46393d433cfb607f75dfd8df200c03901c0e18db2f9ec97df8f4fadbc74f0e4c38e3cddccd73129b2dc781923,common/temp/pnpm-store/v3/files/b1/dc7a59bff5e641506b63026b3f3fd0706a8fabc47d6a7cb9044f60f17e69bf27faa3a1d41b0eb53dc9055b56082cdc0c0e419eb80aedd2f6efe7020f5f762d781922,common/temp/pnpm-store/v3/files/ea/a92b8eeefa144e462d8a92d6727634665cf919ee565799a748c5700350d93fd99df1a088c7e354b579be58d81d86eddfc97e08ea075fdedeb45657df2091b3781921,common/temp/pnpm-store/v3/files/55/a509b2905f7e7fcb302255a0cbd201d9ac709c92d5aba3e59ba59e7e54a18718e77d545a67708515a47062a7194f779b91d25cff4b3f6bac3abcab06d428c078192,common/temp/pnpm-store/v3/files/95/dab542ecab692f086475f1525c575bf3feaf1d940280954b2bff86e8482a9ac5a814cdc3ba47e85254ebbda32d46e0df6dd70d53d295e90c6beaccf7db8dec781922,common/temp/pnpm-store/v3/files/e2/25b4e032b8be81654b43e73e38d162cc449f80f5ea16b97f87759808317c022c9b60cdc0c119ed6bd7e69db7bb8359b742bf00f768197b5b88c4619e8c26e2781921,common/temp/pnpm-store/v3/files/97/8839dc633f58c586e9be9fd93c9052476c58505f3661090f564821879944d7afaf5d55c13228b121d16f6ec1ec552173e45808a214ce84920998c875208cac781923,common/temp/pnpm-store/metadata-v1.3/registry.npmjs.org/npm-run-path.json_tmp_78192,common/temp/pnpm-store/v3/files/2a/d6c3d19ba163dea9253369bd22d83e60772cfb5c2cf5cfb61f8f54644cdf5670e990c5e3ba0904133376fc2b2b666500015456498cd5a6f7c106b17249468f781921,common/temp/pnpm-store/v3/files/b2/7d86c6fcd627222f24a6dee268ffb059a2587a453f6ca45b41a3429bc6a804ab7d9f7d605b5e17808ba4cd5a14f349bd65a818ed2198bb479eb4f0b4e14f4e781921,common/temp/pnpm-store/v3/files/72/cd0cbf6d4bdca6e4fd2359872d8549bb1ff791a245e051183b2ff6e209ae44a4cd5c50990e0b076bea42e2ee5bc45a39eddc760df8dfa02df03b43ff5b0bd4781922,common/temp/pnpm-store/v3/files/b6/dc9d9321e91a252e192d98ccf49b4428ee32ce4a63dab788dd35bf849303b31f61df93981b1e11e9a200d5f4c1e24b9c8169c8026c210916cc72c5f547b8e4781922,common/temp/pnpm-store/v3/files/63/5b7c0cba8ce745be9942bc918543daaba91827fb35641aa64e6e32cfa6eafd99a2608c6a1b52153a0669c716110eab2fba729d34c03654b97743ea457e1a74781923,common/temp/pnpm-store/v3/files/09/c0efe9cafef2da05342852b498a796a4163b9eb5293a2a9a65013d6d5f95d20d2f5a5e29e0b28c5cf60ba137b4e81f6e45b3ba4ad2791e9b722d1ebb714559781921,common/temp/pnpm-store/v3/files/98/1d5b35ba3165c4a7dbfa6cd4b3e524a5b43a9c59ad49e1ec8624032228f8e6abb4414a28cbb86288440c91aac6742932a3828bbf87693386cb80bd2b020fdb781921,common/temp/pnpm-store/v3/files/6c/58939da58f9b716293a8328f7a3649b6e242bf235fae00055a0cc79fb2788e4a99dfaa422e0cfadbe84e0d5e33b836f68627e6a409654877edc443b94d04c4781923,common/temp/pnpm-store/v3/files/6f/3c99d5ef3cc3d3b588d25b2a73a5bd84eb58f0e5e3a3b56c6d03dd7227bfef6d90faf1acdf235144e21650e4926296827d4ce827c8035dd2b86a8e6bd2a8af78192,common/temp/pnpm-store/v3/files/60/2fad481e86d981b8ddf9ffd491496bf99705d09c2c8509782ebbf0428f4013cf3a9de0cb67073f08121b2844612f74cd047eff077e9440da0a910cb1aee8f6781922,common/temp/pnpm-store/v3/files/32/8e6ed9ed9fec7e4ff30a1ff2e0061cd47fab052e2b8ea17e8df0ab52e7ae0749578d33f1890afe5f13725b0cefd65d78e53d00bcd3b6ed65b4d684525b0cdc781923,common/temp/pnpm-store/v3/files/7f/9b0d95b2b64ea178c352d768519a88d5e0de9803356900fadde58dc958eb4ec43ab6d5d9a1f4750bf0b9f8e324d9320561600133e74647912b84dad661f988781923,common/temp/pnpm-store/v3/files/45/5999fc0c2fe7f93b8c5b7e7c7026566c6743c90857c5ee3a1610d81ae595db391777f614a7765bb5f6f83103e6dbbee4aafd1d8b458c06ed15c26f2a740968781922,common/temp/pnpm-store/v3/files/d6/3a219a9b695b3e35bb5c54d8154fd9a1670568b1aeeabdf6f60346779b37c1f3018acde89cb0fa89ecdac4681e5f22a657e17288ac85d9c61df7204df8c395781923,common/temp/pnpm-store/metadata-v1.3/registry.npmjs.org/signal-exit.json_tmp_78192,common/temp/pnpm-store/v3/files/54/f5f41a7b1f41af9d9ca15e52cee4fdbaadfee58025d65242628c1d93f35dd2ba9a5e615194155b163c47f963d061e0b8af5ee795f5790a2b2e95a8fed58522781921,common/temp/pnpm-store/metadata-v1.3/registry.npmjs.org/@esbuild/win32-x64.json_tmp_78192,common/temp/pnpm-store/v3/files/f9/5fcf285ad6c4848dc3baadf8e598c8041258c20eb61ce0457df8ea42f7b774f8a2aa4d3d9a4dbda6ceee5ae5b80f0d28c7c1f017b2b41cf3d6084460b5aef0781921,common/temp/pnpm-store/v3/files/80/11fc23f1a913619d9d138093008e8bf94e9c75918fea78b2d298807b0d86d86ddf7aae2f9fc3a99a74582e659a98daf89d3c2103d514d33095818c1ac76f4f781922,common/temp/pnpm-store/v3/files/ee/3e1d0795c507ff69a2197d3d1ab9f246fcee6f109acedaf25c774b8e62f8feb1db3ba6788fa0dddabcef9669d0eb09a3ff18bb60da97c4d8cd58cbfd8d1809781922,common/temp/pnpm-store/v3/files/45/877768d4aac0233bef65c32cbb8cb0d37151a23428f717444b2c2b71b39f1b062522d6ff8a3dc4432e3f63df66a55ae72957ec5525c89ce10278775f862bcb781922,common/temp/pnpm-store/v3/files/ae/293e7bda463d63776db76af067e2225e951b04f401507472b9f8680ea71933b5ae579b4e9b9a50456e5ddd6849d22364a264e0f5a977db9d45b72498e08944781923,common/temp/pnpm-store/v3/files/fa/a565df150cd6b7e79db2165ca62d6f59b1fc1d91296fb3429b7881bbff7cd298fa7de422d5dbfbcc68979c7365bc963fe02f7df42e6817fec90cfbb984bf65781921,common/temp/pnpm-store/v3/files/db/d1fa5fa76ca375989232a9f360d2bfe720e2bb8e2780bc21ab65b099204437a9cf23fe7754c1fb15d1f5cbffefa79c4bf292da043d2db119f4b8f9f6c1d5f1781923,common/temp/pnpm-store/v3/files/2f/ae778e6aa407dd05ee09bb34cf789b7339ca8a1c4e1abf163ea21daa8b26dc4d78b3f6d31ad53a0e929edcc8e764f8ea4432f54b5cd858b395996eb580fe2a781923,common/temp/pnpm-store/v3/files/7f/7bd3dea15e72b89dc0970c45fb3433ee4d100f19811bef2a36a6bc837bfc4263bfeaeda7dea92c8a0040031677cd6e0c9701a7916ff8fa48c4708913a1db51781922,common/temp/pnpm-store/metadata-v1.3/registry.npmjs.org/@esbuild/android-arm.json_tmp_78192
[NX v22.6.1 Daemon Server] - 2026-03-22T09:31:41.830Z - [WATCHER]: 28 file(s) created or restored, 0 file(s) modified, 28 file(s) deleted
[NX v22.6.1 Daemon Server] - 2026-03-22T09:31:41.830Z - [SYNC]: clearing sync generators cache due to file changes
[NX v22.6.1 Daemon Server] - 2026-03-22T09:31:41.830Z - [WATCHER]: Processing file changes in outputs
[NX v22.6.1 Daemon Server] - 2026-03-22T09:31:41.831Z - Time taken for 'hash changed files from watcher' 13.868207999999868ms
[NX v22.6.1 Daemon Server] - 2026-03-22T09:31:41.879Z - [WATCHER]: 34 file(s) created or restored, 0 file(s) modified, 35 file(s) deleted
[NX v22.6.1 Daemon Server] - 2026-03-22T09:31:41.879Z - [SYNC]: clearing sync generators cache due to file changes
[NX v22.6.1 Daemon Server] - 2026-03-22T09:31:41.879Z - [WATCHER]: Processing file changes in outputs
Time taken for 'plugin worker 78244 code loading' 50.317625ms
Time taken for 'plugin worker 78246 code loading' 50.159083ms
Time taken for 'plugin worker 78245 code loading' 50.627125ms
[NX v22.6.1 Daemon Server] - 2026-03-22T09:31:41.904Z - Time taken for 'start-plugin-worker:nx/js/dependencies-and-lockfile' 74.79849999999897ms
[NX v22.6.1 Daemon Server] - 2026-03-22T09:31:41.904Z - Time taken for 'start-plugin-worker:nx/core/package-json' 74.222749999999ms
[NX v22.6.1 Daemon Server] - 2026-03-22T09:31:41.904Z - Time taken for 'start-plugin-worker:nx/core/project-json' 73.9283749999995ms
Time taken for 'nx/js/dependencies-and-lockfile:createNodes' 0.8672079999999909ms
[NX v22.6.1 Daemon Server] - 2026-03-22T09:31:41.915Z - Time taken for 'build-project-configs' 80.67300000000068ms
[NX v22.6.1 Daemon Server] - 2026-03-22T09:31:41.915Z - Time taken for 'createNodes:merge' 0.16366699999889534ms
[NX v22.6.1 Daemon Server] - 2026-03-22T09:31:41.915Z - Time taken for 'get-all-workspace-files' 1.6329580000001442ms
Time taken for 'build typescript dependencies' 0.043834000000003925ms
[NX v22.6.1 Daemon Server] - 2026-03-22T09:31:41.917Z - [SYNC]: collect registered sync generators
[NX v22.6.1 Daemon Server] - 2026-03-22T09:31:41.917Z - [SYNC]: project graph hash is the same, not collecting task sync generators
[NX v22.6.1 Daemon Server] - 2026-03-22T09:31:41.917Z - [SYNC]: nx.json hash is the same, not collecting global sync generators
[NX v22.6.1 Daemon Server] - 2026-03-22T09:31:41.917Z - Time taken for 'total execution time for createProjectGraph()' 4.083582999999635ms
[NX v22.6.1 Daemon Server] - 2026-03-22T09:31:41.917Z - Time taken for 'createDependencies' 2.8864579999990383ms
[NX v22.6.1 Daemon Server] - 2026-03-22T09:31:41.917Z - Time taken for 'nx/js/dependencies-and-lockfile:createDependencies' 2.8632089999991877ms
[NX v22.6.1 Daemon Server] - 2026-03-22T09:31:41.917Z - Time taken for 'createMetadata' 0.005458999999973457ms
[NX v22.6.1 Daemon Server] - 2026-03-22T09:31:41.917Z - Time taken for 'serialize graph' 0.1319999999996071ms
[NX v22.6.1 Daemon Server] - 2026-03-22T09:31:41.940Z - [REQUEST]: Updated workspace context based on watched changes, recomputing project graph...
[NX v22.6.1 Daemon Server] - 2026-03-22T09:31:41.940Z - [REQUEST]: common/temp/pnpm-store/v3/files/dd/20f418c14c75180fe163f103062e8df40a19121899dd575068969be4a9a6e0c66337c04956c112b664a97257c73c391afc0c2552379206fa494a634dc6bc8a,common/temp/pnpm-store/v3/files/e8/5973b9b4cb646dc9d9afcd542025784863ceae68c601f268253dc985ef70bb2fa1568726afece715c8ebf5d73fab73ed1f7100eb479d23bfb57b45dd645394-index.json,common/temp/pnpm-store/v3/files/de/7a16925a96147e82c825c99d981bd6df4de4a63c34464155d1681ea07e2bf048594ab0f78e93b76a8fef599382921689ee5da9e4f75de531e2635a633810a8,common/temp/pnpm-store/v3/files/b7/e2a6a8af8e2be41d3dda458aa51feac455fbe9f625c30ffb055ac59f0641263d70f8fee15e4946658037e936f4c0ae0f0eb67483282c03b5c5b604fc9f98e4,common/temp/pnpm-store/v3/files/bc/e0861b8a14e166812229c066597fa8f6db22bcadca1ad1cad584e355cca5eed20a71023299fc2f7e5f73bafe49d77251640da6cf781256ed4379861da69b32,common/temp/pnpm-store/metadata-v1.3/registry.npmjs.org/@esbuild/darwin-x64.json,common/temp/pnpm-store/v3/files/49/b89929cee3327bb29e3e058fa7badeb76625bad177ad10aad3f80084722a24bde1d9c9ed1266d1d3bb7f5897cc9ec70a38a8fd9ad9f8dcef637be6e585f5a5,common/temp/pnpm-store/v3/files/b1/6636e63425f303931799ef30718abaa09201828a4bb63e5abd850c1db34c2d81c82c463c45155d0e9b67999f3ab6672398d512c2c6b16188e9a17ceda9e197,common/temp/pnpm-store/v3/files/81/17c1f24c28c1328d71a5c4ae2f110e97a341b87240382d370d6686aad80f3cc844f7e7e8d1df3530fabf7f2d50a816e6b8dabba62587854846bb26603cd7b9,common/temp/pnpm-store/v3/files/c4/f270cfcb4c38aef2fea9fcb12f7940dc28077fce6636e8e0e89ad0bdc139c0a9c66baa1e02893aa5e793d76f4f646b51ef97275fb036c36bcdb94de4d286eb,common/temp/pnpm-store/metadata-v1.3/registry.npmjs.org/get-func-name.json,common/temp/pnpm-store/v3/files/86/fc103c7ae681f44637eb9379aa19eb81a9d6b0054ddfcd0c847ac8e0e4e370472f233f7ca25bac71109e71393cdc079c35e7ef24e0580a622229a8f43e68ad,common/temp/pnpm-store/v3/files/51/b45089a53a23c12e28eb889396e2fa71b95085baa5ac34d71ffb625131bf2fec3ae98efeae537656e20ea257f44e089bcebc9ad54cf672cde852102e43e153,common/temp/pnpm-store/metadata-v1.3/registry.npmjs.org/cac.json,common/temp/pnpm-store/v3/files/9e/16c5689b57275f4ed624c6954f12299706e2372a60f6173421800da5edf9ed52e52fd2b0798f826cddbade6ca19a6e6a996960c6697cc2da0ddecb36409520,common/temp/pnpm-store/v3/files/f2/f5cebee135ebb0ad21cdcec88b5ca3b37f76946d05b60eb0fb170b3ed7fcf3279468d88d21ae64980cd58ee699ec3b04a7fd06abcb5f6b67395cb504152cc5-index.json,common/temp/pnpm-store/v3/files/68/1cbff8c03151a8fede1976ee082a367ef971a157c96625d938a8e23879d5450490c5775facb65b211514a02a4bb6c615eed8ac243f863fdc0b4cec3031dc30,common/temp/pnpm-store/v3/files/8e/73284c50924f05e162ef746a8da37720f6d392ac793e0ed39a48ed511a036e4419ef3dca5dcea4a1b6b11e282f930c38339e7a606cc875d51980d6f4f503c3,common/temp/pnpm-store/v3/files/b6/1c02edba8ceb2a3a8b34515d237bd439558aa6243fd5f974074b7bfec762a51bb26c08ce7b3e07c800e40f643b4a820a051160cb8c9ce28817e2d51dbd5a1e,common/temp/pnpm-store/v3/files/21/ea04d1f36f96dbc75d00010769ee70d0467b2c50a83c5f57ffffaba03de1d608f76642889ab00154d0d9295b3e6cd0f28e5e008626023bc86ee6939ebd0703,common/temp/pnpm-store/v3/files/99/536ece73c2f788fa74c42bfabc044d3966812ffb9a9d30bb9183371999bb4067b26c1b36d40738444a37c341fd5b9b5e833c9d40884b99d39147e5a9e3f3de,common/temp/pnpm-store/v3/files/83/02e06a4c40ccb1bb046455431e0fa7466768b885bbd3c894ceef41a838775449521e3055bad5df2b81b5153db3d22ff5bbd8d262a247031b02654355e13017,common/temp/pnpm-store/v3/files/01/77196fabf3ceb140504eb51e73789a92ea77f7122303508ed3564747ae3e6eb2d22ab1dc6e203976880ddb5d0f06668707bcd8b03afb38a7996e1405655e3d-index.json,common/temp/pnpm-store/v3/files/74/e112aa362bf7a89663294639bcdddfd12e3536b9549c72bd50049b926787b286a3be55e371e4d6874f424343c97366511ea4fa01220d55e78c1f0727772b5f-index.json,common/temp/pnpm-store/metadata-v1.3/registry.npmjs.org/acorn.json,common/temp/pnpm-store/v3/files/1a/4286cd844f4baf2a97eb566c8392ffe7b94df135fa3bb66b083a007ff449286c6fb606c5fab8d83875d620f271cf24b2412d8777dde90c06387203f2d2a170,common/temp/pnpm-store/v3/files/69/9f7af3bb0da8e9c3409eb4f4cf02ff6fa84cc75f5925f069145437cd2842833017ba075b15b1c06af7d4dd7a22187ae0d751822f82e2d0f8d132c670151f16,common/temp/pnpm-store/v3/files/a5/9c23b8956ed13c415035f09b19ea03d4c9b6759ef71d042735871f46352f444287b0c3dd55f564dde5d97cd765e4c1668d757387c0b5889c5858b10c26bf2d,common/temp/pnpm-store/v3/files/9b/62ed75f68d27862a1549bc80d5212a6dca776770543cdaa86a40fc62db4efc2901eaf9e2011bfee7b3cff8559076e80c13eeb9324405deb20b2a7b520d5a64,common/temp/pnpm-store/v3/files/dd/add02deb42f1041d7bacadd26f7f5474dc41aaced6353b019a27cb3678ad3a904725185b70ae09d6e27a4b6103a6df4e8d8c2ae5d92971ddedee4168d3c42d,common/temp/pnpm-store/v3/files/38/ff9bab12d35a566f757de395a12cde3d76f278d7a40ce99d6d8932579abb5ab5ea2de80efa2a753dcab346463ff6cd1c2c3d9090266c2d6b8a1373a640ee83,common/temp/pnpm-store/v3/files/b1/26705afe74fd5f0bbce3b2701a3766f566976ce37d60c9c8e795c1258e7ec89d0d339f6100f19197989f964762bb63c04cd0f3777b579414f76a68568ed511,common/temp/pnpm-store/v3/files/1f/86725ffe37618297c8d4c6d756246a97820be010cc2e4e640c62d77e8a1f227cb26bd87c4004db36fa5e15832c44e18c5639b8cd14e377607b1593dee19132,common/temp/pnpm-store/v3/files/4d/f807ac1ab1e21c1bee85524c44a473e712df1d56d2a354e273f1b7727b53717eb2e8cbfb9d519e2abc5f24e0fe561974882920a621b6ae95058da8eeff9411,common/temp/pnpm-store/v3/files/bf/5924e4fa859514bb4f5808994f739b8a89db94baa9c390cee6c0aa829c9d4c30e1ebdf9e1f977946b0685c6f3aef636f19d27fba574186e06de04214a8c228,common/temp/pnpm-store/metadata-v1.3/registry.npmjs.org/@esbuild/win32-arm64.json,common/temp/pnpm-store/v3/files/fa/d1554c717651f1b9991f255e2f20d2f36045288fad2b0a208c08e7ce3b8be6989024c7840114be5abb2bb2c0567cf21b2fc3d5479c9de66df7597f4e552bb2,common/temp/pnpm-store/v3/files/88/440744aac5bac7ed3a0a31cf84934a5982cccff93da072c2af5c8b6966f79f2b36f9bef5be3b12bcb9c51db010087534500682efde7527d001e6f33ebf10b8,common/temp/pnpm-store/v3/files/ea/790d9d9f25c60d90e7e699184bb6204339f806c6dbf40a80adc39941cddd9ce7bfa7832e9692d340f798f73ceb4f2f07e373e9d8112a9f2367e2e0eaef3da7,common/temp/pnpm-store/v3/files/bf/2887447b91634a6e6ed58e7a1df3fd6bd0bb9fed671abe348b360a110392f316a1a63cd5b47d38703695d3215e7b1c4af8eaeb3cc572d553aeeea87a28e66e,common/temp/pnpm-store/metadata-v1.3/registry.npmjs.org/pkg-types.json,common/temp/pnpm-store/v3/files/d4/345fe20356866f56134f9867283b167017c6e8f3715e92d58d4d4e33215aeeb7f4c321ad486c64a26c97e4adfad9d9e709b8b8732056c6cfc42bba3bd68de6,common/temp/pnpm-store/v3/files/6f/a225bacf9cdd1add0e4f8984b2940107f3ce02c43f2eb0717a92edfff17b51044efb033fa18e446ed216e3ace9c203e5892a7215bf2d765b5f96dcf23ed971-index.json,common/temp/pnpm-store/v3/files/40/a34e461fb150c65ae9cfd32cb306a030a447108d1a52661dbafcc681ed1536347bf54461ccb2d514f87aae3c40114d444820ba392a242a9b93eefeab7c0077,common/temp/pnpm-store/v3/files/28/189812d957e88f077ae769d5c19919552a45c2a47f80f0eb07bda340455382d2d46d0d9c4c3de76d80715cf12910af2dbfc7218fb686a591ebd3351b97be95,common/temp/pnpm-store/v3/files/51/527213d32db4eb014080cac35b246fd9c0c10b91e70b860f7fbcd8ae89809966fd8f8a23dda836c30d199098743b15b511d26a4d29715e439e8e7ee2387db3-index.json,common/temp/pnpm-store/v3/files/30/b69022d909bb0ca1ace289c85fc52ad21d2702220aef142b43d234c769db2731523e787986d7f9e279a84adb0467991daa6be0076cb8ff47fbb830d4a934a4-exec,common/temp/pnpm-store/v3/files/50/b20d8137a40852bb3b107ba25db5d10f1106f4ae53e2a74f381d8c670d99bde5ec6153eca59374c36d83f0148e4a07e222b00bfe61ffe90f3141cc02dc832d,common/temp/pnpm-store/metadata-v1.3/registry.npmjs.org/pretty-format.json,common/temp/pnpm-store/v3/files/b6/05c21c7fc636693b21b79c5272ca7eff50a23fcf0da4cdba872291e883d07772be828c8ccd53c8578edd0369551428d53c2f88a6316eab71f062ee9106cf57,common/temp/pnpm-store/v3/files/d8/83627a2de353f34bc25ffb7bbe277c84186720619fe3cbecc3c5885b379635e67019c8d8db7a24e21e8f82e1486e8038b4d13d642b40a684995d0867ed55b3,common/temp/pnpm-store/v3/files/6c/cf203bf8d3face8b0f0733c847fb53d05314dcdcd700328443a93a0ed1e43b8407cffc59abb7d2110f5514fbe9b9139514bd92df46eaf57ec132589562293e,common/temp/pnpm-store/v3/files/88/9804e6fbdb1884f72ca8a5a7278367ceabeeaac301848ec6783585bfd4dfba7a1e67548291fa8f104201373f472f811217ee91ff4b035a6754640195f1c0a7,common/temp/pnpm-store/v3/files/d9/0bcdddbbeee94743dd144f9014839d049de14918511dfb99f46753cc23013865270dd7b5d86517ddba2be5790339143ab19f031de624edf2d2af92f8fa57bc,common/temp/pnpm-store/v3/files/5c/061cfdeb58dbc0a43318eb493be52d2660ea82b1950853b60bfb52a79efb50aae329ff30aa64fbc791500dd15f82497f023a7afa3f84d31d469bebf0f706e8,common/temp/pnpm-store/v3/files/24/30c5c7d6b3830a3b401a9668b707412f54cf75b666f9d3b21c3015ed01b1a4e256179fe2ead26b33ded91ae590d8313866d856794bd30fefbda651350d5062,common/temp/pnpm-store/v3/files/5e/bc97647625d1c2d3b01938759fa34e77f1d23c5d1d815a717c6bc7ec0f031e80c5a10d8ad4d7121ed60a81293f1fdabdbb01428701d40b28853d8161ffbf1b,common/temp/pnpm-store/v3/files/ad/b6d4a7077e7689762f83fbac2da630c1a2439a9047f2807c071e21df62855679866299ca7954a7acd844bb3fa9d598735df3b8a332002b6ed4a13b0d56f395,common/temp/pnpm-store/v3/files/11/88871f1b1b00f91c1baccf75ce68e47ef092b8a7707c0e915ce925b187fadb0594dc40e29e3faeb2951a0a61d96c81b41921d32695502bb36f8ca6185f7ebe,common/temp/pnpm-store/v3/files/e6/1b5ead122e2f5bfc4a55e3efc886a1dff06e2dd66c1a9699200761c4b184fef4df8f2be50f42edb251d03541740ed2c0dae682ca9ff69bb396e182912b07e5,common/temp/pnpm-store/v3/files/cd/44299f8d405af43a8a6617c04dda27e6cef59953924fbb30bd8987cbc1c5d269e7cfc71793f81f4d8af6ed31ee272a01b6cfbcb3db54d8231ec5cdf51169e5,common/temp/pnpm-store/metadata-v1.3/registry.npmjs.org/diff-sequences.json
[NX v22.6.1 Daemon Server] - 2026-03-22T09:31:41.940Z - [REQUEST]: common/temp/pnpm-store/v3/files/b1/6636e63425f303931799ef30718abaa09201828a4bb63e5abd850c1db34c2d81c82c463c45155d0e9b67999f3ab6672398d512c2c6b16188e9a17ceda9e197781922,common/temp/pnpm-store/v3/files/68/1cbff8c03151a8fede1976ee082a367ef971a157c96625d938a8e23879d5450490c5775facb65b211514a02a4bb6c615eed8ac243f863fdc0b4cec3031dc30781923,common/temp/pnpm-store/v3/files/21/ea04d1f36f96dbc75d00010769ee70d0467b2c50a83c5f57ffffaba03de1d608f76642889ab00154d0d9295b3e6cd0f28e5e008626023bc86ee6939ebd0703781922,common/temp/pnpm-store/v3/files/81/17c1f24c28c1328d71a5c4ae2f110e97a341b87240382d370d6686aad80f3cc844f7e7e8d1df3530fabf7f2d50a816e6b8dabba62587854846bb26603cd7b9781922,common/temp/pnpm-store/v3/files/49/b89929cee3327bb29e3e058fa7badeb76625bad177ad10aad3f80084722a24bde1d9c9ed1266d1d3bb7f5897cc9ec70a38a8fd9ad9f8dcef637be6e585f5a5781923,common/temp/pnpm-store/metadata-v1.3/registry.npmjs.org/get-func-name.json_tmp_78192,common/temp/pnpm-store/v3/files/51/b45089a53a23c12e28eb889396e2fa71b95085baa5ac34d71ffb625131bf2fec3ae98efeae537656e20ea257f44e089bcebc9ad54cf672cde852102e43e153781921,common/temp/pnpm-store/v3/files/69/9f7af3bb0da8e9c3409eb4f4cf02ff6fa84cc75f5925f069145437cd2842833017ba075b15b1c06af7d4dd7a22187ae0d751822f82e2d0f8d132c670151f16781923,common/temp/pnpm-store/v3/files/1a/4286cd844f4baf2a97eb566c8392ffe7b94df135fa3bb66b083a007ff449286c6fb606c5fab8d83875d620f271cf24b2412d8777dde90c06387203f2d2a170781923,common/temp/pnpm-store/v3/files/99/536ece73c2f788fa74c42bfabc044d3966812ffb9a9d30bb9183371999bb4067b26c1b36d40738444a37c341fd5b9b5e833c9d40884b99d39147e5a9e3f3de781921,common/temp/pnpm-store/v3/files/de/7a16925a96147e82c825c99d981bd6df4de4a63c34464155d1681ea07e2bf048594ab0f78e93b76a8fef599382921689ee5da9e4f75de531e2635a633810a8781923,common/temp/pnpm-store/v3/files/b7/e2a6a8af8e2be41d3dda458aa51feac455fbe9f625c30ffb055ac59f0641263d70f8fee15e4946658037e936f4c0ae0f0eb67483282c03b5c5b604fc9f98e4781923,common/temp/pnpm-store/v3/files/bc/e0861b8a14e166812229c066597fa8f6db22bcadca1ad1cad584e355cca5eed20a71023299fc2f7e5f73bafe49d77251640da6cf781256ed4379861da69b32781922,common/temp/pnpm-store/metadata-v1.3/registry.npmjs.org/cac.json_tmp_78192,common/temp/pnpm-store/v3/files/c4/f270cfcb4c38aef2fea9fcb12f7940dc28077fce6636e8e0e89ad0bdc139c0a9c66baa1e02893aa5e793d76f4f646b51ef97275fb036c36bcdb94de4d286eb781922,common/temp/pnpm-store/v3/files/8e/73284c50924f05e162ef746a8da37720f6d392ac793e0ed39a48ed511a036e4419ef3dca5dcea4a1b6b11e282f930c38339e7a606cc875d51980d6f4f503c3781923,common/temp/pnpm-store/v3/files/74/e112aa362bf7a89663294639bcdddfd12e3536b9549c72bd50049b926787b286a3be55e371e4d6874f424343c97366511ea4fa01220d55e78c1f0727772b5f78192,common/temp/pnpm-store/v3/files/83/02e06a4c40ccb1bb046455431e0fa7466768b885bbd3c894ceef41a838775449521e3055bad5df2b81b5153db3d22ff5bbd8d262a247031b02654355e13017781923,common/temp/pnpm-store/v3/files/01/77196fabf3ceb140504eb51e73789a92ea77f7122303508ed3564747ae3e6eb2d22ab1dc6e203976880ddb5d0f06668707bcd8b03afb38a7996e1405655e3d78192,common/temp/pnpm-store/v3/files/b6/1c02edba8ceb2a3a8b34515d237bd439558aa6243fd5f974074b7bfec762a51bb26c08ce7b3e07c800e40f643b4a820a051160cb8c9ce28817e2d51dbd5a1e781923,common/temp/pnpm-store/v3/files/e8/5973b9b4cb646dc9d9afcd542025784863ceae68c601f268253dc985ef70bb2fa1568726afece715c8ebf5d73fab73ed1f7100eb479d23bfb57b45dd64539478192,common/temp/pnpm-store/v3/files/86/fc103c7ae681f44637eb9379aa19eb81a9d6b0054ddfcd0c847ac8e0e4e370472f233f7ca25bac71109e71393cdc079c35e7ef24e0580a622229a8f43e68ad781923,common/temp/pnpm-store/metadata-v1.3/registry.npmjs.org/acorn.json_tmp_78192,common/temp/pnpm-store/v3/files/dd/20f418c14c75180fe163f103062e8df40a19121899dd575068969be4a9a6e0c66337c04956c112b664a97257c73c391afc0c2552379206fa494a634dc6bc8a781923,common/temp/pnpm-store/metadata-v1.3/registry.npmjs.org/@esbuild/darwin-x64.json_tmp_78192,common/temp/pnpm-store/v3/files/9e/16c5689b57275f4ed624c6954f12299706e2372a60f6173421800da5edf9ed52e52fd2b0798f826cddbade6ca19a6e6a996960c6697cc2da0ddecb36409520781921,common/temp/pnpm-store/v3/files/f2/f5cebee135ebb0ad21cdcec88b5ca3b37f76946d05b60eb0fb170b3ed7fcf3279468d88d21ae64980cd58ee699ec3b04a7fd06abcb5f6b67395cb504152cc578192,common/temp/pnpm-store/v3/files/a5/9c23b8956ed13c415035f09b19ea03d4c9b6759ef71d042735871f46352f444287b0c3dd55f564dde5d97cd765e4c1668d757387c0b5889c5858b10c26bf2d781921,common/temp/pnpm-store/v3/files/6f/a225bacf9cdd1add0e4f8984b2940107f3ce02c43f2eb0717a92edfff17b51044efb033fa18e446ed216e3ace9c203e5892a7215bf2d765b5f96dcf23ed97178192,common/temp/pnpm-store/v3/files/29/ed56ad22d455dfbaacd7be5c555299bb5b5146ff43a8cef6dd425167eadd34d92dc820940c526de8ca474dc8f56d3eeefd502aee100d1f814e6de4d26e0e1c781923,common/temp/pnpm-store/v3/files/fa/d1554c717651f1b9991f255e2f20d2f36045288fad2b0a208c08e7ce3b8be6989024c7840114be5abb2bb2c0567cf21b2fc3d5479c9de66df7597f4e552bb2781922,common/temp/pnpm-store/v3/files/d8/83627a2de353f34bc25ffb7bbe277c84186720619fe3cbecc3c5885b379635e67019c8d8db7a24e21e8f82e1486e8038b4d13d642b40a684995d0867ed55b3781921,common/temp/pnpm-store/metadata-v1.3/registry.npmjs.org/pkg-types.json_tmp_78192,common/temp/pnpm-store/v3/files/1f/86725ffe37618297c8d4c6d756246a97820be010cc2e4e640c62d77e8a1f227cb26bd87c4004db36fa5e15832c44e18c5639b8cd14e377607b1593dee19132781922,common/temp/pnpm-store/v3/files/24/30c5c7d6b3830a3b401a9668b707412f54cf75b666f9d3b21c3015ed01b1a4e256179fe2ead26b33ded91ae590d8313866d856794bd30fefbda651350d5062781922,common/temp/pnpm-store/v3/files/88/9804e6fbdb1884f72ca8a5a7278367ceabeeaac301848ec6783585bfd4dfba7a1e67548291fa8f104201373f472f811217ee91ff4b035a6754640195f1c0a7781922,common/temp/pnpm-store/v3/files/bf/2887447b91634a6e6ed58e7a1df3fd6bd0bb9fed671abe348b360a110392f316a1a63cd5b47d38703695d3215e7b1c4af8eaeb3cc572d553aeeea87a28e66e781922,common/temp/pnpm-store/v3/files/9b/62ed75f68d27862a1549bc80d5212a6dca776770543cdaa86a40fc62db4efc2901eaf9e2011bfee7b3cff8559076e80c13eeb9324405deb20b2a7b520d5a64781922,common/temp/pnpm-store/v3/files/6c/cf203bf8d3face8b0f0733c847fb53d05314dcdcd700328443a93a0ed1e43b8407cffc59abb7d2110f5514fbe9b9139514bd92df46eaf57ec132589562293e781922,common/temp/pnpm-store/metadata-v1.3/registry.npmjs.org/pretty-format.json_tmp_78192,common/temp/pnpm-store/v3/files/88/440744aac5bac7ed3a0a31cf84934a5982cccff93da072c2af5c8b6966f79f2b36f9bef5be3b12bcb9c51db010087534500682efde7527d001e6f33ebf10b8781921,common/temp/pnpm-store/v3/files/ea/790d9d9f25c60d90e7e699184bb6204339f806c6dbf40a80adc39941cddd9ce7bfa7832e9692d340f798f73ceb4f2f07e373e9d8112a9f2367e2e0eaef3da7781921,common/temp/pnpm-store/v3/files/5c/061cfdeb58dbc0a43318eb493be52d2660ea82b1950853b60bfb52a79efb50aae329ff30aa64fbc791500dd15f82497f023a7afa3f84d31d469bebf0f706e8781922,common/temp/pnpm-store/v3/files/4d/f807ac1ab1e21c1bee85524c44a473e712df1d56d2a354e273f1b7727b53717eb2e8cbfb9d519e2abc5f24e0fe561974882920a621b6ae95058da8eeff9411781921,common/temp/pnpm-store/v3/files/11/88871f1b1b00f91c1baccf75ce68e47ef092b8a7707c0e915ce925b187fadb0594dc40e29e3faeb2951a0a61d96c81b41921d32695502bb36f8ca6185f7ebe781922,common/temp/pnpm-store/v3/files/bf/5924e4fa859514bb4f5808994f739b8a89db94baa9c390cee6c0aa829c9d4c30e1ebdf9e1f977946b0685c6f3aef636f19d27fba574186e06de04214a8c228781921,common/temp/pnpm-store/metadata-v1.3/registry.npmjs.org/diff-sequences.json_tmp_78192,common/temp/pnpm-store/v3/files/b6/05c21c7fc636693b21b79c5272ca7eff50a23fcf0da4cdba872291e883d07772be828c8ccd53c8578edd0369551428d53c2f88a6316eab71f062ee9106cf57781922,common/temp/pnpm-store/v3/files/e6/1b5ead122e2f5bfc4a55e3efc886a1dff06e2dd66c1a9699200761c4b184fef4df8f2be50f42edb251d03541740ed2c0dae682ca9ff69bb396e182912b07e5781922,common/temp/pnpm-store/v3/files/51/527213d32db4eb014080cac35b246fd9c0c10b91e70b860f7fbcd8ae89809966fd8f8a23dda836c30d199098743b15b511d26a4d29715e439e8e7ee2387db378192,common/temp/pnpm-store/v3/files/5e/bc97647625d1c2d3b01938759fa34e77f1d23c5d1d815a717c6bc7ec0f031e80c5a10d8ad4d7121ed60a81293f1fdabdbb01428701d40b28853d8161ffbf1b781923,common/temp/pnpm-store/v3/files/50/b20d8137a40852bb3b107ba25db5d10f1106f4ae53e2a74f381d8c670d99bde5ec6153eca59374c36d83f0148e4a07e222b00bfe61ffe90f3141cc02dc832d781922,common/temp/pnpm-store/v3/files/ad/b6d4a7077e7689762f83fbac2da630c1a2439a9047f2807c071e21df62855679866299ca7954a7acd844bb3fa9d598735df3b8a332002b6ed4a13b0d56f395781922,common/temp/pnpm-store/v3/files/b1/26705afe74fd5f0bbce3b2701a3766f566976ce37d60c9c8e795c1258e7ec89d0d339f6100f19197989f964762bb63c04cd0f3777b579414f76a68568ed511781921,common/temp/pnpm-store/v3/files/d4/345fe20356866f56134f9867283b167017c6e8f3715e92d58d4d4e33215aeeb7f4c321ad486c64a26c97e4adfad9d9e709b8b8732056c6cfc42bba3bd68de6781923,common/temp/pnpm-store/v3/files/dd/add02deb42f1041d7bacadd26f7f5474dc41aaced6353b019a27cb3678ad3a904725185b70ae09d6e27a4b6103a6df4e8d8c2ae5d92971ddedee4168d3c42d781921,common/temp/pnpm-store/v3/files/40/a34e461fb150c65ae9cfd32cb306a030a447108d1a52661dbafcc681ed1536347bf54461ccb2d514f87aae3c40114d444820ba392a242a9b93eefeab7c0077781921,common/temp/pnpm-store/metadata-v1.3/registry.npmjs.org/@esbuild/win32-arm64.json_tmp_78192,common/temp/pnpm-store/v3/files/28/189812d957e88f077ae769d5c19919552a45c2a47f80f0eb07bda340455382d2d46d0d9c4c3de76d80715cf12910af2dbfc7218fb686a591ebd3351b97be95781922,common/temp/pnpm-store/v3/files/30/b69022d909bb0ca1ace289c85fc52ad21d2702220aef142b43d234c769db2731523e787986d7f9e279a84adb0467991daa6be0076cb8ff47fbb830d4a934a4x781921,common/temp/pnpm-store/v3/files/d9/0bcdddbbeee94743dd144f9014839d049de14918511dfb99f46753cc23013865270dd7b5d86517ddba2be5790339143ab19f031de624edf2d2af92f8fa57bc781923,common/temp/pnpm-store/v3/files/38/ff9bab12d35a566f757de395a12cde3d76f278d7a40ce99d6d8932579abb5ab5ea2de80efa2a753dcab346463ff6cd1c2c3d9090266c2d6b8a1373a640ee83781922,common/temp/pnpm-store/v3/files/cd/44299f8d405af43a8a6617c04dda27e6cef59953924fbb30bd8987cbc1c5d269e7cfc71793f81f4d8af6ed31ee272a01b6cfbcb3db54d8231ec5cdf51169e5781923
[NX v22.6.1 Daemon Server] - 2026-03-22T09:31:41.942Z - [WATCHER]: 33 file(s) created or restored, 0 file(s) modified, 32 file(s) deleted
[NX v22.6.1 Daemon Server] - 2026-03-22T09:31:41.942Z - [SYNC]: clearing sync generators cache due to file changes
[NX v22.6.1 Daemon Server] - 2026-03-22T09:31:41.942Z - [WATCHER]: Processing file changes in outputs
[NX v22.6.1 Daemon Server] - 2026-03-22T09:31:41.942Z - Time taken for 'hash changed files from watcher' 8.36383399999977ms
[NX v22.6.1 Daemon Server] - 2026-03-22T09:31:41.993Z - [WATCHER]: 23 file(s) created or restored, 0 file(s) modified, 25 file(s) deleted
[NX v22.6.1 Daemon Server] - 2026-03-22T09:31:41.993Z - [SYNC]: clearing sync generators cache due to file changes
[NX v22.6.1 Daemon Server] - 2026-03-22T09:31:41.993Z - [WATCHER]: Processing file changes in outputs
Time taken for 'plugin worker 78248 code loading' 49.673541ms
Time taken for 'plugin worker 78247 code loading' 50.015ms
Time taken for 'plugin worker 78249 code loading' 48.110166ms
[NX v22.6.1 Daemon Server] - 2026-03-22T09:31:42.016Z - Time taken for 'start-plugin-worker:nx/js/dependencies-and-lockfile' 75.43883300000016ms
[NX v22.6.1 Daemon Server] - 2026-03-22T09:31:42.016Z - Time taken for 'start-plugin-worker:nx/core/package-json' 74.8231250000008ms
[NX v22.6.1 Daemon Server] - 2026-03-22T09:31:42.016Z - Time taken for 'start-plugin-worker:nx/core/project-json' 74.5072080000009ms
Time taken for 'nx/js/dependencies-and-lockfile:createNodes' 0.8072080000000028ms
[NX v22.6.1 Daemon Server] - 2026-03-22T09:31:42.027Z - Time taken for 'build-project-configs' 81.36212499999965ms
[NX v22.6.1 Daemon Server] - 2026-03-22T09:31:42.027Z - Time taken for 'createNodes:merge' 0.16029100000014296ms
[NX v22.6.1 Daemon Server] - 2026-03-22T09:31:42.027Z - Time taken for 'get-all-workspace-files' 1.6399170000004233ms
Time taken for 'build typescript dependencies' 0.053415999999998576ms
[NX v22.6.1 Daemon Server] - 2026-03-22T09:31:42.030Z - [SYNC]: collect registered sync generators
[NX v22.6.1 Daemon Server] - 2026-03-22T09:31:42.030Z - [SYNC]: project graph hash is the same, not collecting task sync generators
[NX v22.6.1 Daemon Server] - 2026-03-22T09:31:42.030Z - [SYNC]: nx.json hash is the same, not collecting global sync generators
[NX v22.6.1 Daemon Server] - 2026-03-22T09:31:42.030Z - Time taken for 'total execution time for createProjectGraph()' 4.324167000000671ms
[NX v22.6.1 Daemon Server] - 2026-03-22T09:31:42.030Z - Time taken for 'createDependencies' 3.038790999999037ms
[NX v22.6.1 Daemon Server] - 2026-03-22T09:31:42.030Z - Time taken for 'nx/js/dependencies-and-lockfile:createDependencies' 3.017041999999492ms
[NX v22.6.1 Daemon Server] - 2026-03-22T09:31:42.030Z - Time taken for 'createMetadata' 0.006459000000177184ms
[NX v22.6.1 Daemon Server] - 2026-03-22T09:31:42.030Z - Time taken for 'serialize graph' 0.15154099999926984ms
[NX v22.6.1 Daemon Server] - 2026-03-22T09:31:42.051Z - [REQUEST]: Updated workspace context based on watched changes, recomputing project graph...
[NX v22.6.1 Daemon Server] - 2026-03-22T09:31:42.051Z - [REQUEST]: common/temp/pnpm-store/metadata-v1.3/registry.npmjs.org/js-tokens.json,common/temp/pnpm-store/v3/files/29/ed56ad22d455dfbaacd7be5c555299bb5b5146ff43a8cef6dd425167eadd34d92dc820940c526de8ca474dc8f56d3eeefd502aee100d1f814e6de4d26e0e1c,common/temp/pnpm-store/v3/files/67/818dc67d88881ea1604254a80f719d685ec77d7a06181fc6b5353c04f9c6f61f55ab5256d1732cecf0dd35bdd7a1249302192051298eb11a495fce1316b1a3,common/temp/pnpm-store/metadata-v1.3/registry.npmjs.org/p-limit.json,common/temp/pnpm-store/v3/files/3b/8288e5dac996da44bd81b0eb1d96905c4b90ad9154f3d29d073c96890b75cd281fa03af0b77f331dbec239d341363b5f9b328bafea0d4b8d0a3e900d150f80,common/temp/pnpm-store/v3/files/1b/60334e4ab35b9834f766db3a53726b710d8e263c389659c04af3ffcea8c01b762b43ecfa550d33054da8c65637bc80dcd65845199fc79590491b29c563536e,common/temp/pnpm-store/v3/files/5a/f89d42e580cd4da9f79bbc1802a544ca8cc8dd723899061e7c773353cbf5169fec04359302ca834e000e509adfe39751913b05c78e855662b9601bcc229c51-index.json,common/temp/pnpm-store/v3/files/ed/6f61b5f9d81049f352a2da88c6c6a42a278f01f3cfb13e168502aaa10f963adc9b253cd92b3aff4dc7cb50a9f204b8cf0b25bb98d407a4ec11e6958aa97e60,common/temp/pnpm-store/v3/files/0b/06a64b594e0e5cc14a6ec9cec6935b917b0dddab7416afe613e9fc8d49f05fc9c2d64aacb13a8f7c81bb62835829c03367f0263fcaa4947c0da86e327f4853,common/temp/pnpm-store/v3/files/6e/1825b60b9f4f768c1ea14c9a9aa8b0e1ca790f64729edebeaf94891cd9712ddb6961e53134e8aa03ba712e55ae31e7008e3de793797152815e12f92dec661e,common/temp/pnpm-store/v3/files/21/8650637db4a0c62c726253d0d22a0de546fe339243a0c2755b5e124f335b5d8c1e664f8054731fcc03b2aaacc0ce9118010f671410ed78b5a1c89a84528147,common/temp/pnpm-store/v3/files/e7/24d01ebcbd68775681aef50c151b338e6b7f69942b9afe1e4a725e4973aea81ac9057d1f046ab873cab6e1cfe2307d7c4177dd5f88562fe9ae316e1b8fc690,common/temp/pnpm-store/v3/files/04/eb984b9e90c6b19dd813b8f24b19af339c199cbf6d57e1834ae5506af9511b9c39b97cb79e7fa861b88bcae666e0b8235870bb692e733791e199f1cdf16030,common/temp/pnpm-store/v3/files/3d/d970fe83f137e69776633d474d09542f56545a022d3289bc354b82627ea807df04cc6c57ce65fcbbbbb0dc78cd2ccfca82f67ae226b84c0784e5dd12034565-index.json,common/temp/pnpm-store/v3/files/0e/61b3e30ac10656bb5d614e8877d72241fb01732133da762d1813a5c8d510fa5ec6b7897fc0a788cbdb4b321ceaf63e75b12e292b58fac9b8535f494b4594e6,common/temp/pnpm-store/v3/files/9f/fdbb1f756a88758135d440193dc24c2eb2802064ccabc45c379cb73df521423947d2262e8f14fadd1bee927ba4d55af40d60a4ebdaa4e5b1fa145477c1f440,common/temp/pnpm-store/v3/files/96/a5f7164e8d95f42ed5a0c0a414da0104aa48cb0ae077eddf2b38fd0bb595120e80bcff709ad59f0b4f09edf9239abb7652743c11e1ad8160f9297a54532dc9,common/temp/pnpm-store/v3/files/22/e40b8928f3405fc58f0d5a98f5b41b015c56c99079cb4812b7c90ffe644bbfc201c4b0b41d751aea60ae32200ee25771136a9c2fe9f52f233932d61dc34b37,common/temp/pnpm-store/v3/files/fc/99b933846fb4115590a591bb604b51334ff3f3366be530b805fe69ee3bef4ab5a951ad7e31be5930aea68662c689239878abcbcb88f9d958f0a5d85791d555-index.json,common/temp/pnpm-store/v3/files/cc/60385729c4988e99575796a25518b6fc42d7b919c8ceba3a1188e2fce792452e972bd0fc8880dacb194249cbe11e48166d328eb8186d48cf30965fbaebd984,common/temp/pnpm-store/v3/files/71/be82648fdc01c5ceba91ccb3f525278312058a677893e8165b9361bcf084de8d5ea8ae0cc68a7f6b2aff8860df0b6b50f9f3e2fdcf67555f87202b49f3c144,common/temp/pnpm-store/v3/files/3d/8df43773060df3b1e688f8ba7c53c467d130a593c79ecd22a29741cfefa6ca422cc2afa3010314998546acaebf48acf81efc64ee51c0e7a62ca91c45bfc1b4,common/temp/pnpm-store/v3/files/91/6d4367f229ca84117d47d670837e26f17a5546b94b2843a644e6f4858d45597fee375dbc2c9b937d7cded91d546d5f919e262b87c46d4bfb239232721948f5,common/temp/pnpm-store/v3/files/76/19ae98039220f9706e0b50bf33068342bdcc4c1de7d7c6f08819d5dd774bb23f576200750dc87dc3b66edfc7112499e8db2728ac2b03eedb92daaa38e74629,common/temp/pnpm-store/v3/files/91/f568ef0ef2acb15a2663b04de4ec3b353bce2c2825c2c1bc2882ece2bd130c4877a38de07470ef41c045833fb582d1f56e0b95dfcb2f416f122d70095575ce,common/temp/pnpm-store/v3/files/30/7316b27d60a64c07984ffff574ef771388008470b30f2ad10e4ed1992056ed730e640012305a01b2fe1cbadc3cea361e6ba074aa65f80bd3e5c587f7b207bc,common/temp/pnpm-store/v3/files/86/3ecdd83ab215c23b58aadc66e83ed03404c51f626f0a806a40a553a1c26726b4cf7f68964b74c5a25772049074d39f02f805d00863f9826ece09dfedbd65d9-exec,common/temp/pnpm-store/v3/files/4d/6b17b9a40f2e36431cd8f523af1dc64bf37b78b8ec3109e7a72c58c5823e1e69675fb512f9d50d58a2f1ac54a44605c4ac0edf7aeecb0d6b2e7e11e0e93974,common/temp/pnpm-store/v3/files/c1/814e6a9e68abe63711d1d2c3db5caaeec5b5ae1e2956ab6d17982cfcb550f104a78d0feb2091ce5b3a278992bc0e7fa2c9ac4c66ee497147825ea0d6eb2cf1,common/temp/pnpm-store/v3/files/b7/052d6c17e8eca4cbbb2e49e0f657e7657e8efd67b9f4e634c9f4905e37e8e454ab3b522696d676b4e61eb4fbb40c1b5890a7ecf5600ab00f6fc918ac71bdc5,common/temp/pnpm-store/v3/files/66/e9920bc9a6ce431b45f0aaa8b8f88dd6c3ed6f5a02714dd246770aa56a8729cff763e35799c2709a0fd92ea9669416c27e6e914b7ce1ce027e53c5603cb120,common/temp/pnpm-store/v3/files/46/398a77e81dc64ef8712ac523a5d3291311f8ada27338d7b77ea73c7482eaadf937a30837b28126b2e6f3ad93cf426b4d13b2d76a813af0cad68dfb2abd26bc,common/temp/pnpm-store/v3/files/11/6b06dbb668e45322183ad9a089a86a481b54c882cc3ba54bef3397c5e04f32d8c2407d97c1d768096139d0c4486b3b3b52dd263fc760138fe31bffa5e82772,common/temp/pnpm-store/v3/files/ec/611369d171b8f3d51be7ad23f91935c87b14a7157bd11997f73eefdb5efd43624003fa3037ccb26a85cb47593ae03672b1010a0bd5125b27c003b6b275045c,common/temp/pnpm-store/v3/files/ec/836ec45914ea6cb0470309cd8ac0f9334ee86f770444e6857f245046b7c5a75ba626be883627e9cb04f7127c82c2096bbf60a2f14f447a65e4173da65fe2c5,common/temp/pnpm-store/v3/files/3f/925a31acaeaf24d5550567294e7c203c9a8bc32c96ab7e749752d94529b6bd6e0cedb9566ca675e9e0256c8eb8726c230119a503fbd908ce0d970709c96e88,common/temp/pnpm-store/v3/files/e2/01a44e1b419b3dd506ae21ea5099553fd1d4f175abcc13dbc9404062f54263c3c7ea7ed589ab4e09d8b626c4f1a748d9bc81d275d293293036590f9599bccb,common/temp/pnpm-store/v3/files/73/8efd735599b818e946f8091a50092dc3afef546e8e7593227c627d7795467b18b4e248802a683abc548c19beae64e228cc6b1d75e7a20969ac9869915e4527,common/temp/pnpm-store/v3/files/fc/46a8abe4322d2897438972615db77f5e2665141c5e7c5f1eb374bc26a2f9a93d1b4a69f62110ba420866ae4d71c12fc1107c3d49d94f42ac3a80c220d4b5a9-index.json,common/temp/pnpm-store/v3/files/c7/3eca77b1efdd46cdc172dcb49969229367e41e1965253841b388f3a93051081cbb856562b641254a33b34bf7e79f2372b0447f63402062218cc8555c15f90e,common/temp/pnpm-store/metadata-v1.3/registry.npmjs.org/deep-eql.json,common/temp/pnpm-store/metadata-v1.3/registry.npmjs.org/assertion-error.json,common/temp/pnpm-store/v3/files/50/3c841702025569617d082ee973fac2253ba10ea36892ac30f92c5562041cc5fb3452985611987f5bdb717a979fe43d43f93649dec33f34777ac2d66932a19e,common/temp/pnpm-store/v3/files/6d/2c3a9eddc32c939131d4b67b5f002097979a53a2a1d618db28d3bc55b3db2d57a8985302152ab73529370dcd788ff2b0f65197ba49dc512035201032374469,common/temp/pnpm-store/v3/files/dc/c176190bdfeda63fe29f4674c15885bb905a9109815e391508470493e10cfd1de735490028709239f181cba76b960ce6b029ab379d36189d85b0a95d8f0a9d,common/temp/pnpm-store/v3/files/63/1e1ef2152ad1357dd22f118dcbec0069a12d9b59a4b2d95adbe5cd5fc8b9d9c1a7280bad811ef713a488c6a5107c642d091b857bec5e250c11ad334517e1df,common/temp/pnpm-store/v3/files/5d/92f251920d4a4cb065a461ffc71a97c4847f6cfc162d888ad3c228b16e174525f1c028008126f3c7a90ed47533623cfbe17db1ee0034098c73f1483ce4a7e1,common/temp/pnpm-store/metadata-v1.3/registry.npmjs.org/type-detect.json,common/temp/pnpm-store/metadata-v1.3/registry.npmjs.org/check-error.json,common/temp/pnpm-store/metadata-v1.3/registry.npmjs.org/pathval.json,common/temp/pnpm-store/v3/files/9b/16bd13d21314eb746da9f78fa2f93298f07a01b3ea505098cd4826459e05919c331b68e74f9e59d8c2ff9db10db4b6bf2d24eef20c2b415edb07cbf4e412a5-index.json,common/temp/pnpm-store/v3/files/f0/8fcf1412475e8ad8a53883c5a4f999aedd32c8a83684b1844aa6ded5c5e2c2b7bec80f622cfce76278e20a88d2a6d11e2359a5b16bbd857dfa9dd428852123,common/temp/pnpm-store/v3/files/da/3d95e415fb4305fc9815d50ea8ec72029cbb187d8e253fd2c96df0b24fec97aff1b1d2a603e58880b0faf5eb785a0f2583a5e6dcfac4c117128fa6164d6b73,common/temp/pnpm-store/v3/files/3e/07d707b0b6dbeb08d48eb82cdb984a81a93c5bbdf41d5e7f99578fc50b4e2fadcff0b8a41bf464d68d12f10ef861321b8043e159b07daf3a82cc339a90b28d,common/temp/pnpm-store/v3/files/78/309537db144529946e3a69570bc92edb517ac73d82a0c091353709f64520cfd4c853c5d77bf5689e94c155514d1615a577eb301ea80bd72bbab5f0171ea3c6,common/temp/pnpm-store/v3/files/7d/31fbce0bdd747d14cf58648a055289a3588f609b43496818c8b6f748a89ac2bf39dd03d329e73f8ce105a9b9b942ccb7996f670d14eaa5de2d6c07265f3ffa
[NX v22.6.1 Daemon Server] - 2026-03-22T09:31:42.052Z - [REQUEST]: common/temp/pnpm-store/v3/files/1b/60334e4ab35b9834f766db3a53726b710d8e263c389659c04af3ffcea8c01b762b43ecfa550d33054da8c65637bc80dcd65845199fc79590491b29c563536e781921,common/temp/pnpm-store/v3/files/b7/052d6c17e8eca4cbbb2e49e0f657e7657e8efd67b9f4e634c9f4905e37e8e454ab3b522696d676b4e61eb4fbb40c1b5890a7ecf5600ab00f6fc918ac71bdc5781921,common/temp/pnpm-store/v3/files/66/e9920bc9a6ce431b45f0aaa8b8f88dd6c3ed6f5a02714dd246770aa56a8729cff763e35799c2709a0fd92ea9669416c27e6e914b7ce1ce027e53c5603cb120781921,common/temp/pnpm-store/metadata-v1.3/registry.npmjs.org/js-tokens.json_tmp_78192,common/temp/pnpm-store/v3/files/4d/6b17b9a40f2e36431cd8f523af1dc64bf37b78b8ec3109e7a72c58c5823e1e69675fb512f9d50d58a2f1ac54a44605c4ac0edf7aeecb0d6b2e7e11e0e93974781921,common/temp/pnpm-store/v3/files/fc/99b933846fb4115590a591bb604b51334ff3f3366be530b805fe69ee3bef4ab5a951ad7e31be5930aea68662c689239878abcbcb88f9d958f0a5d85791d55578192,common/temp/pnpm-store/v3/files/67/818dc67d88881ea1604254a80f719d685ec77d7a06181fc6b5353c04f9c6f61f55ab5256d1732cecf0dd35bdd7a1249302192051298eb11a495fce1316b1a3781921,common/temp/pnpm-store/v3/files/9f/fdbb1f756a88758135d440193dc24c2eb2802064ccabc45c379cb73df521423947d2262e8f14fadd1bee927ba4d55af40d60a4ebdaa4e5b1fa145477c1f440781921,common/temp/pnpm-store/v3/files/0b/06a64b594e0e5cc14a6ec9cec6935b917b0dddab7416afe613e9fc8d49f05fc9c2d64aacb13a8f7c81bb62835829c03367f0263fcaa4947c0da86e327f4853781922,common/temp/pnpm-store/v3/files/46/398a77e81dc64ef8712ac523a5d3291311f8ada27338d7b77ea73c7482eaadf937a30837b28126b2e6f3ad93cf426b4d13b2d76a813af0cad68dfb2abd26bc781921,common/temp/pnpm-store/v3/files/e7/24d01ebcbd68775681aef50c151b338e6b7f69942b9afe1e4a725e4973aea81ac9057d1f046ab873cab6e1cfe2307d7c4177dd5f88562fe9ae316e1b8fc690781922,common/temp/pnpm-store/metadata-v1.3/registry.npmjs.org/p-limit.json_tmp_78192,common/temp/pnpm-store/v3/files/11/6b06dbb668e45322183ad9a089a86a481b54c882cc3ba54bef3397c5e04f32d8c2407d97c1d768096139d0c4486b3b3b52dd263fc760138fe31bffa5e82772781923,common/temp/pnpm-store/v3/files/91/f568ef0ef2acb15a2663b04de4ec3b353bce2c2825c2c1bc2882ece2bd130c4877a38de07470ef41c045833fb582d1f56e0b95dfcb2f416f122d70095575ce781922,common/temp/pnpm-store/v3/files/86/3ecdd83ab215c23b58aadc66e83ed03404c51f626f0a806a40a553a1c26726b4cf7f68964b74c5a25772049074d39f02f805d00863f9826ece09dfedbd65d9x781921,common/temp/pnpm-store/v3/files/3d/8df43773060df3b1e688f8ba7c53c467d130a593c79ecd22a29741cfefa6ca422cc2afa3010314998546acaebf48acf81efc64ee51c0e7a62ca91c45bfc1b4781923,common/temp/pnpm-store/v3/files/30/7316b27d60a64c07984ffff574ef771388008470b30f2ad10e4ed1992056ed730e640012305a01b2fe1cbadc3cea361e6ba074aa65f80bd3e5c587f7b207bc781921,common/temp/pnpm-store/v3/files/3d/d970fe83f137e69776633d474d09542f56545a022d3289bc354b82627ea807df04cc6c57ce65fcbbbbb0dc78cd2ccfca82f67ae226b84c0784e5dd1203456578192,common/temp/pnpm-store/v3/files/21/8650637db4a0c62c726253d0d22a0de546fe339243a0c2755b5e124f335b5d8c1e664f8054731fcc03b2aaacc0ce9118010f671410ed78b5a1c89a84528147781923,common/temp/pnpm-store/v3/files/3b/8288e5dac996da44bd81b0eb1d96905c4b90ad9154f3d29d073c96890b75cd281fa03af0b77f331dbec239d341363b5f9b328bafea0d4b8d0a3e900d150f80781921,common/temp/pnpm-store/v3/files/04/eb984b9e90c6b19dd813b8f24b19af339c199cbf6d57e1834ae5506af9511b9c39b97cb79e7fa861b88bcae666e0b8235870bb692e733791e199f1cdf16030781921,common/temp/pnpm-store/v3/files/71/be82648fdc01c5ceba91ccb3f525278312058a677893e8165b9361bcf084de8d5ea8ae0cc68a7f6b2aff8860df0b6b50f9f3e2fdcf67555f87202b49f3c144781923,common/temp/pnpm-store/v3/files/6e/1825b60b9f4f768c1ea14c9a9aa8b0e1ca790f64729edebeaf94891cd9712ddb6961e53134e8aa03ba712e55ae31e7008e3de793797152815e12f92dec661e781921,common/temp/pnpm-store/v3/files/22/e40b8928f3405fc58f0d5a98f5b41b015c56c99079cb4812b7c90ffe644bbfc201c4b0b41d751aea60ae32200ee25771136a9c2fe9f52f233932d61dc34b37781922,common/temp/pnpm-store/v3/files/76/19ae98039220f9706e0b50bf33068342bdcc4c1de7d7c6f08819d5dd774bb23f576200750dc87dc3b66edfc7112499e8db2728ac2b03eedb92daaa38e74629781923,common/temp/pnpm-store/v3/files/5a/f89d42e580cd4da9f79bbc1802a544ca8cc8dd723899061e7c773353cbf5169fec04359302ca834e000e509adfe39751913b05c78e855662b9601bcc229c5178192,common/temp/pnpm-store/v3/files/cc/60385729c4988e99575796a25518b6fc42d7b919c8ceba3a1188e2fce792452e972bd0fc8880dacb194249cbe11e48166d328eb8186d48cf30965fbaebd984781923,common/temp/pnpm-store/v3/files/c1/814e6a9e68abe63711d1d2c3db5caaeec5b5ae1e2956ab6d17982cfcb550f104a78d0feb2091ce5b3a278992bc0e7fa2c9ac4c66ee497147825ea0d6eb2cf1781922,common/temp/pnpm-store/v3/files/91/6d4367f229ca84117d47d670837e26f17a5546b94b2843a644e6f4858d45597fee375dbc2c9b937d7cded91d546d5f919e262b87c46d4bfb239232721948f5781921,common/temp/pnpm-store/v3/files/0e/61b3e30ac10656bb5d614e8877d72241fb01732133da762d1813a5c8d510fa5ec6b7897fc0a788cbdb4b321ceaf63e75b12e292b58fac9b8535f494b4594e6781921,common/temp/pnpm-store/v3/files/ed/6f61b5f9d81049f352a2da88c6c6a42a278f01f3cfb13e168502aaa10f963adc9b253cd92b3aff4dc7cb50a9f204b8cf0b25bb98d407a4ec11e6958aa97e60781923,common/temp/pnpm-store/v3/files/96/a5f7164e8d95f42ed5a0c0a414da0104aa48cb0ae077eddf2b38fd0bb595120e80bcff709ad59f0b4f09edf9239abb7652743c11e1ad8160f9297a54532dc9781921,common/temp/pnpm-store/v3/files/3f/925a31acaeaf24d5550567294e7c203c9a8bc32c96ab7e749752d94529b6bd6e0cedb9566ca675e9e0256c8eb8726c230119a503fbd908ce0d970709c96e88781922,common/temp/pnpm-store/metadata-v1.3/registry.npmjs.org/check-error.json_tmp_78192,common/temp/pnpm-store/v3/files/f0/8fcf1412475e8ad8a53883c5a4f999aedd32c8a83684b1844aa6ded5c5e2c2b7bec80f622cfce76278e20a88d2a6d11e2359a5b16bbd857dfa9dd428852123781921,common/temp/pnpm-store/v3/files/7d/31fbce0bdd747d14cf58648a055289a3588f609b43496818c8b6f748a89ac2bf39dd03d329e73f8ce105a9b9b942ccb7996f670d14eaa5de2d6c07265f3ffa781922,common/temp/pnpm-store/v3/files/df/41355717b7bd41817ef97edb138aae872f9e1f9fa91c50a79a996023deb75dc9bf2c99343046dbd0742998d914bf1911ca9d243871a8f3018554954f96c8ab781922,common/temp/pnpm-store/v3/files/63/1e1ef2152ad1357dd22f118dcbec0069a12d9b59a4b2d95adbe5cd5fc8b9d9c1a7280bad811ef713a488c6a5107c642d091b857bec5e250c11ad334517e1df781921,common/temp/pnpm-store/v3/files/ec/836ec45914ea6cb0470309cd8ac0f9334ee86f770444e6857f245046b7c5a75ba626be883627e9cb04f7127c82c2096bbf60a2f14f447a65e4173da65fe2c5781921,common/temp/pnpm-store/v3/files/e2/01a44e1b419b3dd506ae21ea5099553fd1d4f175abcc13dbc9404062f54263c3c7ea7ed589ab4e09d8b626c4f1a748d9bc81d275d293293036590f9599bccb781922,common/temp/pnpm-store/v3/files/73/8efd735599b818e946f8091a50092dc3afef546e8e7593227c627d7795467b18b4e248802a683abc548c19beae64e228cc6b1d75e7a20969ac9869915e4527781921,common/temp/pnpm-store/v3/files/9b/16bd13d21314eb746da9f78fa2f93298f07a01b3ea505098cd4826459e05919c331b68e74f9e59d8c2ff9db10db4b6bf2d24eef20c2b415edb07cbf4e412a578192,common/temp/pnpm-store/v3/files/6d/2c3a9eddc32c939131d4b67b5f002097979a53a2a1d618db28d3bc55b3db2d57a8985302152ab73529370dcd788ff2b0f65197ba49dc512035201032374469781921,common/temp/pnpm-store/metadata-v1.3/registry.npmjs.org/pathval.json_tmp_78192,common/temp/pnpm-store/metadata-v1.3/registry.npmjs.org/deep-eql.json_tmp_78192,common/temp/pnpm-store/v3/files/c7/3eca77b1efdd46cdc172dcb49969229367e41e1965253841b388f3a93051081cbb856562b641254a33b34bf7e79f2372b0447f63402062218cc8555c15f90e781921,common/temp/pnpm-store/v3/files/78/309537db144529946e3a69570bc92edb517ac73d82a0c091353709f64520cfd4c853c5d77bf5689e94c155514d1615a577eb301ea80bd72bbab5f0171ea3c6781921,common/temp/pnpm-store/v3/files/5d/92f251920d4a4cb065a461ffc71a97c4847f6cfc162d888ad3c228b16e174525f1c028008126f3c7a90ed47533623cfbe17db1ee0034098c73f1483ce4a7e1781921,common/temp/pnpm-store/v3/files/ec/611369d171b8f3d51be7ad23f91935c87b14a7157bd11997f73eefdb5efd43624003fa3037ccb26a85cb47593ae03672b1010a0bd5125b27c003b6b275045c781921,common/temp/pnpm-store/v3/files/01/cca5a20f3f96e43c2fb8a5fa07a84b184491acef92c960ecf48d28e5f9f666c1f5c3af78fe5aabd87be18ed853cc83a49c1eb73410adf230b5fe16a782ca7378192,common/temp/pnpm-store/v3/files/da/3d95e415fb4305fc9815d50ea8ec72029cbb187d8e253fd2c96df0b24fec97aff1b1d2a603e58880b0faf5eb785a0f2583a5e6dcfac4c117128fa6164d6b73781921,common/temp/pnpm-store/v3/files/dc/c176190bdfeda63fe29f4674c15885bb905a9109815e391508470493e10cfd1de735490028709239f181cba76b960ce6b029ab379d36189d85b0a95d8f0a9d781921,common/temp/pnpm-store/v3/files/fc/46a8abe4322d2897438972615db77f5e2665141c5e7c5f1eb374bc26a2f9a93d1b4a69f62110ba420866ae4d71c12fc1107c3d49d94f42ac3a80c220d4b5a978192,common/temp/pnpm-store/v3/files/3e/07d707b0b6dbeb08d48eb82cdb984a81a93c5bbdf41d5e7f99578fc50b4e2fadcff0b8a41bf464d68d12f10ef861321b8043e159b07daf3a82cc339a90b28d781922,common/temp/pnpm-store/metadata-v1.3/registry.npmjs.org/type-detect.json_tmp_78192,common/temp/pnpm-store/v3/files/50/3c841702025569617d082ee973fac2253ba10ea36892ac30f92c5562041cc5fb3452985611987f5bdb717a979fe43d43f93649dec33f34777ac2d66932a19e781922,common/temp/pnpm-store/metadata-v1.3/registry.npmjs.org/assertion-error.json_tmp_78192
[NX v22.6.1 Daemon Server] - 2026-03-22T09:31:42.054Z - [WATCHER]: 47 file(s) created or restored, 0 file(s) modified, 46 file(s) deleted
[NX v22.6.1 Daemon Server] - 2026-03-22T09:31:42.054Z - [SYNC]: clearing sync generators cache due to file changes
[NX v22.6.1 Daemon Server] - 2026-03-22T09:31:42.054Z - [WATCHER]: Processing file changes in outputs
[NX v22.6.1 Daemon Server] - 2026-03-22T09:31:42.054Z - Time taken for 'hash changed files from watcher' 8.66229100000055ms
[NX v22.6.1 Daemon Server] - 2026-03-22T09:31:42.096Z - [WATCHER]: 84 file(s) created or restored, 0 file(s) modified, 85 file(s) deleted
[NX v22.6.1 Daemon Server] - 2026-03-22T09:31:42.097Z - [SYNC]: clearing sync generators cache due to file changes
[NX v22.6.1 Daemon Server] - 2026-03-22T09:31:42.097Z - [WATCHER]: Processing file changes in outputs
Time taken for 'plugin worker 78253 code loading' 50.563708ms
Time taken for 'plugin worker 78252 code loading' 49.1835ms
Time taken for 'plugin worker 78251 code loading' 50.85954099999999ms
[NX v22.6.1 Daemon Server] - 2026-03-22T09:31:42.128Z - Time taken for 'start-plugin-worker:nx/js/dependencies-and-lockfile' 75.38479199999892ms
[NX v22.6.1 Daemon Server] - 2026-03-22T09:31:42.128Z - Time taken for 'start-plugin-worker:nx/core/package-json' 74.86970800000017ms
[NX v22.6.1 Daemon Server] - 2026-03-22T09:31:42.128Z - Time taken for 'start-plugin-worker:nx/core/project-json' 74.62095899999986ms
Time taken for 'nx/js/dependencies-and-lockfile:createNodes' 0.8866249999999951ms
[NX v22.6.1 Daemon Server] - 2026-03-22T09:31:42.139Z - Time taken for 'build-project-configs' 81.29945899999984ms
[NX v22.6.1 Daemon Server] - 2026-03-22T09:31:42.139Z - Time taken for 'createNodes:merge' 0.1830840000002354ms
[NX v22.6.1 Daemon Server] - 2026-03-22T09:31:42.139Z - Time taken for 'get-all-workspace-files' 1.6076670000002196ms
Time taken for 'build typescript dependencies' 0.04270800000000463ms
[NX v22.6.1 Daemon Server] - 2026-03-22T09:31:42.142Z - [SYNC]: collect registered sync generators
[NX v22.6.1 Daemon Server] - 2026-03-22T09:31:42.142Z - [SYNC]: project graph hash is the same, not collecting task sync generators
[NX v22.6.1 Daemon Server] - 2026-03-22T09:31:42.142Z - [SYNC]: nx.json hash is the same, not collecting global sync generators
[NX v22.6.1 Daemon Server] - 2026-03-22T09:31:42.142Z - Time taken for 'total execution time for createProjectGraph()' 4.8301250000004075ms
[NX v22.6.1 Daemon Server] - 2026-03-22T09:31:42.142Z - Time taken for 'createDependencies' 3.607833000000028ms
[NX v22.6.1 Daemon Server] - 2026-03-22T09:31:42.142Z - Time taken for 'nx/js/dependencies-and-lockfile:createDependencies' 3.5860409999986587ms
[NX v22.6.1 Daemon Server] - 2026-03-22T09:31:42.142Z - Time taken for 'createMetadata' 0.005374999998821295ms
[NX v22.6.1 Daemon Server] - 2026-03-22T09:31:42.142Z - Time taken for 'serialize graph' 0.1282500000015716ms
[NX v22.6.1 Daemon Server] - 2026-03-22T09:31:42.149Z - [WATCHER]: 31 file(s) created or restored, 0 file(s) modified, 31 file(s) deleted
[NX v22.6.1 Daemon Server] - 2026-03-22T09:31:42.150Z - [SYNC]: clearing sync generators cache due to file changes
[NX v22.6.1 Daemon Server] - 2026-03-22T09:31:42.150Z - [WATCHER]: Processing file changes in outputs
[NX v22.6.1 Daemon Server] - 2026-03-22T09:31:42.176Z - [REQUEST]: Updated workspace context based on watched changes, recomputing project graph...
[NX v22.6.1 Daemon Server] - 2026-03-22T09:31:42.176Z - [REQUEST]: common/temp/pnpm-store/v3/files/b3/1434a9ff732ed78c4edceefcd44bbc91e7c76a2bb511caa4f8c012b3a2d019a73a0d12d43a94b70fc7e6b3e61ef999ff5f78a113025fadfc08ebf0e87ad2fd,common/temp/pnpm-store/v3/files/12/62c392a4272db541d1c92d4defcbb8c50a40c0f67e9b2473e9fdce8b6f04de3d0f69412f1f5d25c40c90e6e3a91dd7c54b6b25ceaca3f231715d895d898197,common/temp/pnpm-store/v3/files/e3/9c9e41f29f14a006aeed4a8daaf580781882836eba1a3b59be4c16092b49549536d8ee3ac3db9779a91a189538f9217813296eaf504e454d2142ddfad2f36a,common/temp/pnpm-store/v3/files/32/528e83a6409a8bd04748d7395605d53a4fb78699199ff8f792642eb63517f5e3a375847475cf8e41d3ee42e9a6930f48b60fefd2ce507708565875df3e153b,common/temp/pnpm-store/v3/files/b2/8ea72a87001f885727baf69bb857722c8f6bb0754b8c2a58346c93a80f6d15c86f8376be3801e9354a14eb57aa9c9d10c14a90d3f222ed4790b5e8f25036ef,common/temp/pnpm-store/v3/files/88/a1280d869199dd66c4cf746b63847d6863b233e960fb90fa5318b28c41d76ebeb7c7f0ef24843b8f2798383908e4e3c4323ae7f636396a5e10793764e7bcce-index.json,common/temp/pnpm-store/v3/files/6e/5617ff8dcdacdb444a61fb55aae7d19dd6addd175dc299bd20e8a6e1bf13ee105f53dac49033d0775561714b0093a88ecd9e865bdb8ddd7bb7bbe9ef990214,common/temp/pnpm-store/v3/files/6e/cb4b2753548dc04831eaa18e46038514ffd5d70b978df1a13bd9997947468c52e9583aad5c496638e3e327066568c7bf8e40cc176fa81554b1252f26974382,common/temp/pnpm-store/v3/files/ad/145bcc961240a98854b082a884a6c2d01b3354ca3681563540e9f0d5d9807aa35232556c14da7eae0786a8b6db7cf65eb0419832c7effcbee65d7c275027d5,common/temp/pnpm-store/metadata-v1.3/registry.npmjs.org/estree-walker.json,common/temp/pnpm-store/metadata-v1.3/registry.npmjs.org/which.json,common/temp/pnpm-store/v3/files/0f/d580cbb91820971d4e271b91fc656fee7b0a471685332e674d3bd2c97796165409785ea23b69ba15935cef86c4d80f3e59f8c9c6d0a20754f94f2452832b8e,common/temp/pnpm-store/v3/files/b8/a2255b8c528ce163e1e045519a1ee334778295312848039927892f0ce6dcbf72cdeab44c60e552eee904224d89da7e2af69650a87bfb9ec0d023e48b729ebf,common/temp/pnpm-store/v3/files/ee/aa474b3ac655ebd3d694bc44c180d2d02b27b3f69b10d29751acc63a02e2767acd2f29ae830c81cec7a329c24fd5b0819318bbdc9f3001ccdf77e086ae6f24,common/temp/pnpm-store/v3/files/df/41355717b7bd41817ef97edb138aae872f9e1f9fa91c50a79a996023deb75dc9bf2c99343046dbd0742998d914bf1911ca9d243871a8f3018554954f96c8ab,common/temp/pnpm-store/v3/files/49/4c1d19fa9d28ec3108f795623c12c91a49ed9f9f869c0802d98251d648599fd83f947d580b32b928292d50e2f5b8d6a0dd8b5c736cb3f764deead7b5d4311a-index.json,common/temp/pnpm-store/v3/files/49/32c8d2b1970975355a4adb6e64bf4f8e2e5ce3c2ecd4fc3da5e97214c752eaef833202d720f9d9eb5e9839a64d7645664feb527ec352dd9dc8489be342b828,common/temp/pnpm-store/v3/files/01/cca5a20f3f96e43c2fb8a5fa07a84b184491acef92c960ecf48d28e5f9f666c1f5c3af78fe5aabd87be18ed853cc83a49c1eb73410adf230b5fe16a782ca73-index.json,common/temp/pnpm-store/v3/files/be/a882d3a0ae8414d47591fe45897cb05acbd3deaf038e4e9392123bab04fccaf58d16c61f80ac9e18bc7f7c0a565ef1f263b802eec8afd0f73b2bf555830527-index.json,common/temp/pnpm-store/v3/files/99/d4e7aa25f4980f2a93ed4c7eb82225a57b7e03d0ec64c870eabb089f519d6f3e4f188736d6865d060851729cb93dc1c5a42784d7f1c0bdc84b382d866ba957,common/temp/pnpm-store/v3/files/76/5eced6d58100e4d7ec175d0365f6b6841fd578d2eff71e41cd137e351a7c72f4f5ed9329a04a3a25ed1ce3a24829b3a9a540fbafc6fa634f6f8fcd0fc94af6,common/temp/pnpm-store/v3/files/32/2a3fdcbdc0ab2240acda547abe636d51f7f2114200491f7fc66c4353d43d37a4052df0d32f29ede80c8a768d312efae8ed28639f55c2e5a678f306a45986f9-exec,common/temp/pnpm-store/v3/files/9a/d6345c552ff9d4b959395f24d17e51c7da81cf99fcfdbd19e0673b995e71eba407fb25f4c922608a0755e3569114ae9d1c6b6613a1c18852b12c57f522e270,common/temp/pnpm-store/metadata-v1.3/registry.npmjs.org/mlly.json,common/temp/pnpm-store/v3/files/45/48011d1e4ed9f5d7fb5e408476a27b2a19f3beec5ac4a9bbddebc700a77ff0fb168ecc4917576a18f22d262f82649e9ec0c1242af752a7cfa0321ea4375aad,common/temp/pnpm-store/v3/files/85/f9e35028de6f50997fd137c9af89ad9c508de9816d8932ef1d13bc5a40212d95ade101f7b749305bcdd82195a1aa8020507c975c57fae58140c898557aa4c6,common/temp/pnpm-store/metadata-v1.3/registry.npmjs.org/shebang-command.json,common/temp/pnpm-store/v3/files/2b/3678a32dd3dee179b29e6c66368efed0c919f175bb2da05d8092e9ba63835982518eb78a8946e6ca83e98fdbe09f4a55c40f2aac2f06d8a3f007e5176e0e9c,common/temp/pnpm-store/v3/files/0e/9eb31aaa537444dd47ade57a12583de20eaa988d04db5cec1a5648bace8deed4688b04e5a63ddabfc0ba7400eebb17bdeb7796b277267657dbd50f4ca5f229-index.json,common/temp/pnpm-store/v3/files/2e/f062a5797def40c63217f45f8e86c94d70c76c7e4c91a9d6df156e4e858038912d67af19476fe99399559168723968208fc3f6e8957863c73527e5adca1b08,common/temp/pnpm-store/v3/files/54/d2547e00d8b74f2ea9975b51a56a3d9eac58462e979e8af558c62d450dd163793dab7cce62c293c86ed9b3a102002071de4da40f215c85f2445fcc460f9090,common/temp/pnpm-store/v3/files/e5/23efc7c526358ce53bad2441c0d17ee561925071add6f9a3d7aa7d6df517293d484fd71098f4248fadf993f1511efb71f079d9fcc7cd8fa4bdde8ceeb7b8ec,common/temp/pnpm-store/v3/files/a4/29a873c3d74ca4d25691ee89908aacb1a21d24a4aa92748833b1693160900eb831311b76322c16f45a05ac8ad0da45c09feec4044c698a6533e2603b950471,common/temp/pnpm-store/v3/files/3f/a748e59fb3af0c5293530844faa9606d9271836489d2c8013417779d10cc180187f5e670477f9ec77d341e0ef64eab7dcfb876c6390f027bc6f869a12d0f46,common/temp/pnpm-store/v3/files/ae/050416ccbf2f05efda7f7147898e348e5d8397c123f6fa8eecc98cbb1457c2653ebfe7f7400a3437f5f0088574f02cfb2e84b469d1f87abc66386b716e7659,common/temp/pnpm-store/metadata-v1.3/registry.npmjs.org/@jridgewell/sourcemap-codec.json,common/temp/pnpm-store/v3/files/f9/d960bb05008e40c689f0d0c02b7c46913784766bd7a345d55c6a0f5cdd6f8038fcf7a93e01886be5cdbfa76fecfad681fa1381e4ca257dcd539d5117d01cd0,common/temp/pnpm-store/metadata-v1.3/registry.npmjs.org/mimic-fn.json,common/temp/pnpm-store/v3/files/8e/0b1a35dbb3fa776f1b216ddee4ae5aabf2e250a72098a8beda2e40de4964738a092d90ba111d6dc407161564b33d8dd94f615c9a3ca1d1bb113c969447ae0f-index.json,common/temp/pnpm-store/v3/files/12/9a393b29113d415440da6655e055915979bc357c5089f27479770b610b5d3674934fa7b927a4c405e7fec5409e0279f3f1de4b0869a7f503d6c93b5583cf6f,common/temp/pnpm-store/v3/files/96/b56759372a0cd0ff9cd206e732a95df832fca5625d2ab761f3d1c3bd643227a8fd0c6b3b189ea4d23124040967cc470031720e097f7fd80cb68d6ae957f488,common/temp/pnpm-store/v3/files/04/b2374e5d535b73ef97bd25df2ab763ae22f9ac29c17aac181616924a8cb676d782b303fb28fbae15b492e103c7325a6171a3116e6881aa4a34c10a34c8e26c-index.json,common/temp/pnpm-store/v3/files/f6/19c303f4f3cbd4aa688fd12be2a123647819bc513835f6a134d45b05903aeec16580642165c9420a7736b9f80a5d37bf577f2d11620da55d485ef97c6a93be,common/temp/pnpm-store/v3/files/13/dab55a35d2cfae6c436fd0582064aa7d5d66c8bd232767ac37bf05ef537c127f783dd72ea89775705149ea0ee873ad568e56912ae70cd79b18c268a67ebb53,common/temp/pnpm-store/v3/files/cf/9d45e563d250144066271688d2e71d00487748ea1d956e0dcf40339c895f374cd5ebbd6131d268ff0ab2a16c27cd429b40502cbfbf90efa7e29d813e4913ed,common/temp/pnpm-store/v3/files/bf/79769d5026a13f4aa6f57d256b18c4cb7ec29aed565b7cbbfc922a732c99ad489b9ad381fc7a1078fc217efc50c49bde9b703a3680f467caf6538cc20624ca,common/temp/pnpm-store/metadata-v1.3/registry.npmjs.org/path-key.json,common/temp/pnpm-store/v3/files/06/6e6482fa0c126f7c1ba2f99d8d09e059b4cc433ce7d706a63d3cacb8a2434f81fcd95d95e82951c9302d898fc87ccb3762a14f5fbcd33b2efd60dc0281bf09,common/temp/pnpm-store/v3/files/1b/5c58e74cd134b00320b3dd8372d629ea72a440cbf959dd20205a487503e9ae72415ad80bf9f1d44c2922fa6785d830aff226183b9163fa3e56e1bf4ec13eb4,common/temp/pnpm-store/v3/files/a0/1dfaf6a33b1ecbd0162f052eb24e7b170526dc1b48a15c38410036d4840fb0d21100a05cfb11a3687c7eb81546d5444b81aac0953598176218c71b292107a0,common/temp/pnpm-store/v3/files/80/75ae279899b9df6307a9772f96ab98341ab04ad1545b8c40c3bc3809c2b9a5c036e5bcb412df4c59b6aa6d3ca682d7aaf409c5651a27bd9ca0493ec980c19a,common/temp/pnpm-store/v3/files/b3/c5f920fe867dfa427c7984b09a9b408972323742c9aafa0de7ad4d27576aad4dace01db8edc3aeafda832b55c31a7b716fd634f09655d02c924855640923f1,common/temp/pnpm-store/v3/files/10/2f781eb7c51646266a09dd283ff462378fc3f326c1d6357e35f1c2c310eb39efe774fe1f864a2b93bb55f8949cf3ba238612f721476b2841e5b34d50dadb28,common/temp/pnpm-store/v3/files/2e/ac91765958a120f86c99700e51176c91648edc4b618879873328983fe269651b105f733b194dcebdd8205322ea2db9cd13403a7674647837e45f5a1622ff66,common/temp/pnpm-store/v3/files/a4/d583a4cdb3de130c40d917900abb3f98326f0a17b50cb8a52a30cdf7babb0eac4c5dc2d16291d230b43cf829a281232840433fec78275963f2d89b895043e0,common/temp/pnpm-store/v3/files/c0/de65a628dba59f0d54f2ab5d779559033eaf88ef39dff19d463b928099bf29d7e0e9738f68e6c98e7b47cda2f2d524403ada8f7022085916a16de185721f43,common/temp/pnpm-store/v3/files/3b/a8ecbebb45d5b46cf14a9287abcb3d65c59bd759a19d70838af785a4ddfc02b1109334d7f0b7224bf518e815eeaee9661c435caa0b5b0a63773fb4508fab84-exec,common/temp/pnpm-store/v3/files/90/7c6bdb366962d766acdd6a0e3aeb5ff675ad1d641bc0f1fa09292b51b87979af5ecc26704d614d6056614ce5ada630d7fc99a7a62e0d8efb62dbdb3747660c-index.json,common/temp/pnpm-store/v3/files/07/bf38b7f8756e932384406953c30b122f5ffea7a941d7fdb80134d566268236572bf77df40a99969ee705e1a45c0c2039667a055fb15f4dba70f0f01567566a,common/temp/pnpm-store/v3/files/67/f5c40368e803266506830966a14210fc43a4cd7e7b056f67029275f9255c5b8bc223d0ae6a81d8bc829ceaac9159eda380df3502220556cf4dc923764e7376,common/temp/pnpm-store/v3/files/cc/5bfebaf3fcba8abdccba561e604c3d408dd3e9c233572473a847e4e87cbb0092e15c21e052715bc303500d79fa37fc60635136681c5e3ff0b2cf5e7ea5fc77,common/temp/pnpm-store/v3/files/5e/f5870a62a2cd46d947efdf573940c8252fe0976814dc470af36918779d1817f2c8de276a977a943857f80b48c9c9831e6368acac7e30258c76a1486d51c28c,common/temp/pnpm-store/v3/files/64/c17e13fe1a6493633590572ec6d468a40272a8a9745d0d669829a069a29825e4f5a82000c819552070e632b2ade2dbbf531e2d6efc38f9931e673701f14f15,common/temp/pnpm-store/v3/files/d3/07fc23127016b6ca25291444cb08cf47c0410fa596de7770160414438de1ad0ebde214a1f84d7c366b68d5cb1fb157c327ce267430ed9016ebbfc6f7681d62,common/temp/pnpm-store/v3/files/48/211c74a5807102abbbd17ba673317fd25254e94ccd177d871963f35ad72217014bc1d5bc2442dd577652f52de54f5f93f15f0b1c0a78dd59fd917e0636400b,common/temp/pnpm-store/v3/files/61/41d743a82eaf44549ca3583fde60fd295bd6fc1a9cdfe2002c330cf6f59d24dd33ea8d937e82e9b6d5c8ba5d11a80bd66f9b80fdea5e2d7a90bd3b0f8ad294,common/temp/pnpm-store/v3/files/07/02b16f1659e98245a11ef39921317a91753ff5fd121d7e1e17bcac15dacf8eb48482d8f002f17c7f29ed5dddf76c7882b2faba3b1e40b6da1b16da42511ad7,common/temp/pnpm-store/v3/files/f7/880b7fe2baa43b93a566aa4cf7b8662babb7a8e44a31537f4d6b9d25fd8c8808c7d1f825fcc06610fb46c3f06135756b958c989d5a9f8e365e032cc749d66c,common/temp/pnpm-store/v3/files/64/050d4c73e83522c67ca0e08e3eacfb327400f18e28e0a5d8f562d7b775e7cceb45a76dce992dbde6931d49b3880561f6c7677acca25fddf4e4be90f5186517,common/temp/pnpm-store/v3/files/b9/c15d92443490ed281719d615ae3e2b5ee90371051ca237c1470283a0bbc39ea65231b78f8ec083f37af8fe792283603a2df4921f1db316cda1f791b0d3fa6c,common/temp/pnpm-store/v3/files/5b/d337c8f3eb7d60f976e78eccb320a26ab57b2b018f295fd887e92785970c314a69a69ec81541f01e4eeaa60fd4f05bfc4632aa734c9546ef408db604c72207,common/temp/pnpm-store/v3/files/ea/ba546c27e8e7c87a7b8edc9ba44d5630a8f39d514bc1a29a3a7af54279157cae05ff9fe199d1fd30ea10cca98777e12d822842e588798760fd9f1f1d8b1412,common/temp/pnpm-store/v3/files/7a/9b98aa0639ec1b1c9a45eaadda11727ff81c8ab4c54d4ed27d7292e721fa291009ab5418c0bb9274e6165c10b22ae06b162b5836343b0570bb52c2e126638c,common/temp/pnpm-store/v3/files/b7/f09917e30e28be50caef5b85bbbcc93de11bb9eee424b121781315ff08ee585c54f869e4b5862ca89f4ed35d7e53f972062f3f3c48fa1d51bbf10f9cf2029b,common/temp/pnpm-store/v3/files/37/c4a97cf527529d5b2be3cc616f2a496765f54fb0c0d588e102b13980f2f4902ba3758c5fba7639e55117dbfedf8ee99da90d7af3e688784d999d876c503beb-index.json,common/temp/pnpm-store/metadata-v1.3/registry.npmjs.org/isexe.json,common/temp/pnpm-store/v3/files/2b/7d4cdc66cc7ef5423ae994e8044bd5774d2c289c5494d0a25830cde781c8aa46d770f96c9d713bbe5f3412cc034a701708647175d493eade2f2c7f77dfcd2a,common/temp/pnpm-store/v3/files/45/22e78675c42fe7dc2c363aa57841db393a47aad9fc94ba5d6dcefa932da2c477ec8bea5eaf790511b1c438f94a403dd0041b5b9d005d9951f906effd53b9ae,common/temp/pnpm-store/v3/files/27/e722fecf8c75c3deb98846cb3a1c6cf26ad6b944d97345962ccfec8a30155dc533d2cff8cea59e592dc30cbdca1691df6b925530fc4cd9c24761521ba612ec,common/temp/pnpm-store/v3/files/02/3ff6b209926a09d13e2dcf957648ed263fea94461898dc76da54ae6d52aa631dc0200a44dff69a629a5d575402b3b10567eaf91a2629d2fcb2849730e748fd,common/temp/pnpm-store/v3/files/74/2dc8fa8195b0a32b3c30fe2d4d090cc587b0d191383cd1223fce4e20b0065f0d13694e9bfbfdb6ff1dcdb84730ddf3668aea15cb12933eed6cd35116e1cae9,common/temp/pnpm-store/v3/files/41/09a4e0cfe37c1732ca099caa4bd1106c4e298a9f1dd50828cef8067435cc668dab44be7d4a4da3fbafdda5aeee22ae5c42416cf79d0996089783cb13b2ff4a,common/temp/pnpm-store/v3/files/ed/150a7d781230c933b7a66e5e6a9aa4ebab2c63cf7e08fa97db9167b9511a896f934cb6ca871cdf92dd731282e4f419767d8332a8a8010d8da1672b4ca9a6ea-index.json,common/temp/pnpm-store/v3/files/f4/5026ad3539a15b6bbdc84a11babc511e9ea5a054e643190dc96bc832edd45f6150074875832e698716451064887cfbe0af1ad5176c035f307949b67ba84b18,common/temp/pnpm-store/v3/files/7d/6ad24186fa8d6b17db959470be239df96c3c63c7b1d8c0af12e67314da90031646b1c16218c304682c621fde956e9245bef037d8a2250cc7c7faf633b18951,common/temp/pnpm-store/v3/files/3b/6f8c94794027dd6c34501f32302ec87500f4848cd45daed655b7df7e5c844ac360696c1151f4d93fcccb0236edaf6bbb66be0029e70775184e46226c529d55,common/temp/pnpm-store/v3/files/a2/399e374a9dfb2d23b3312da18e3caf43deab97703049089423aee90e5fe3595f92cc17b8ab58ae18284e92e7c887079b6e1486ac7ee53aa6d889d2c0b844e9-index.json,common/temp/pnpm-store/v3/files/b4/e1468259d0122f9193d653db97e97751a65772425a847c4c8f6c2fb77afc40f75f04406de7ad065c9fcc68494e0982390ef6c1f32f326408143b4e1330a10a,common/temp/pnpm-store/v3/files/46/c340052387e95eca5d8e9b38fe1067d8bd20f333f5185b9d185b76d4453e29e019d98ea95a9f723b1ffeadc756b9694b9e8452c89f19578c79ef7c76816480,common/temp/pnpm-store/v3/files/c3/75b0622db34599592266b9b6252bfc778b8b0f9bc7e6568a32fb91fb6cd16d80bc9eeb6b49fbb287b99a4a20a378d5e0a64c4c486abcc4d674cacb06fa74ba,common/temp/pnpm-store/v3/files/b1/a6a477b155955eec074949c4f01acb0909f11ebd8c2ff540ed9ed937152e5f190da71ca22f70a28f2c7212fab552612b24fca72cb899246089a7b6e3c3fdee,common/temp/pnpm-store/v3/files/cf/8273a0c186aab33aa4a13f01f86060d390fd4df086579f671b783a91adb95e72dbc5aa91987a02747fd00e346bdcf5089a70976bc72f5904fc27d6c5559b4e,common/temp/pnpm-store/v3/files/90/c801fa86528746def4b6910fac2b033f004ce40c2b77bf1416cbb1be149e416aa4b5fae0b9e4a81bdf008b266a2361d2beace8842bda2967b2c7401f22f9c0,common/temp/pnpm-store/v3/files/ca/e89d91e1d407a35ebd6e013b94eb281cbf07545b317837fb60b417697dd3657327a23c9ca57330d9530d2ebbbd4bde45e311a0bfe6e0bb8b8a41aabf30cee0,common/temp/pnpm-store/v3/files/85/a444ca9abbc6433b12b7e0232034cfe063e0018a94c49d9501368ef268ea1b960f511d90a615f86fd3e27ab4604176be04d3f24a8c14aa35b879fde74af849-index.json,common/temp/pnpm-store/v3/files/0f/99eaaf04c851d2eb425eacebfecdd4660bf4de112c3869073fbcf3c147b1f6343d8a17a05c2a4a1068628ee2b0ecc8ca17fdda10302edca3baf415d01cbd17,common/temp/pnpm-store/v3/files/7c/08345cddfae752dfdc4710fb523a1aac4dfba89121a04901dcb38f5c87b5010b22b59677901315a41fc032449e80a8bfd7951eebc9622068bc2f186c736814,common/temp/pnpm-store/v3/files/91/eea5dd50427d8b047e0a37a1e17e1cf855b97d63a257dd6347145936100c7e13e7d2804ebcf10bc0f407090a4442e3d6bd98f7cd46a63762a1bf62f2bbc8a9,common/temp/pnpm-store/v3/files/03/8c8af410199b3bafb363f0188e0b5782e8a8051956355ee6cca02350d63d912f3ff3977906a10afa07854217eef67983d9a5910fcf71c538844844ccededc0,common/temp/pnpm-store/v3/files/39/754a466036f5ab8013d9a1f2c74ff52a4c62f98219f86350b7ffd739df289cf6b47cdddf49427e99187efa48dd5efb6101058b26315e32496a054a9804f272,common/temp/pnpm-store/v3/files/71/843ddf5d20aeac6e7966e5f96b885086a251a0dc8fb58eab97d58449633558117ce52163d7f2db34ef7e8a96b2779b87c4a5ef45527056c80af2672ca0743a-index.json,common/temp/pnpm-store/v3/files/59/48c6700a8fd6041a72841ef8e049b0503b2dde03c97b9422367971cef970b1ef27b76d36c4ee8298712000f0b294be02b68051e3c22ab495b4f2c58ff17cf3-index.json,common/temp/pnpm-store/v3/files/85/594cb5204269198e457bade78e74d46e91beeff15607bb7c83d76ef1d88a16e96f9e95e3eb6b62f45a54a4d68363b9dd8cdc89b080ae1702160db2c42e30b7,common/temp/pnpm-store/v3/files/ee/7b05e4e2bf8efddd12109b42fec1e1717d1d8cf61ec2cbe015aefd2238902e8776fa4e300e5992a9ad0c32479bf885669c5fe38a57207205efb6926be0c009,common/temp/pnpm-store/v3/files/2e/f41dbb69c7b9ece482018561e5597eaaf65038c956ab7cf3c4dc7d4d18f966659a82f230345183976ba3ed3c3758b359b40b7be2e0ab58d6ef5864b28592b5,common/temp/pnpm-store/v3/files/66/b9d1afecbd09cdfd705a5d75e6005d0349b1c05ce418966ef1db7bf6507e5a4f916f63c6318c3b935a5240fef96c943d5f0706c12c03dc178386d16fcb525a,common/temp/pnpm-store/v3/files/cc/fd470af437bf5f0b24f967b447dc7c59cd89e9452e7139a059b35ad5bbe41d10c33f3c8060f44716d15eea1e8f3d238effcc552bc4373fc6b4a5ca59c54cbe,common/temp/pnpm-store/v3/files/7d/36be3a0af47591f9f08c48aa80587bb5d8c306ac875a491ed27a04a3298091df6535d9111bd36aa01116aea79a2388d38888df2dccb27b6f22b94c1ca29855,common/temp/pnpm-store/v3/files/c1/7e134eb2c5ba0bd517a8ccb989fbf26b41df8a6748e91de2980eaabeca59303d1bd599d07edbe8e189e5685b2cba0850bef861f89ed1fd9b3d4c397af826d7,common/temp/pnpm-store/v3/files/4a/cd6e285ce14b95c08b888efd69e0f4b2dc76c6959539697076f8400718f1b054aea85dc3b87378dc6e2be1e5e1d9271c8ec015399ff09f91e1fbcc0b9f00a0,common/temp/pnpm-store/v3/files/60/9b930bee6bf8e7d947ec0f27d2e3cf27dff4e241e8a5f98a465c77caac4383363d9430d44fe7f808572e0ae1c258ee87ee71ef93d7a5136bc1e28d823ba2df,common/temp/pnpm-store/v3/files/05/bd651d27fc2417d5986dff39cde19a65475a32d43c93a9a5715aaae5a2eebde70f59e85ec20fdb5fb6290fa545701396417d9aa5b4c9cd1ac40c81f31bc37d,common/temp/pnpm-store/v3/files/2d/bc00c5bc5fadf4e33ff95cb1a2d07d1bfc6d742abebc3dc95c021eee327ab13133a4afc71c457943ff868b7818dc6d1a820ead1d5d8457bf68faea586fca9c,common/temp/pnpm-store/v3/files/64/17e36254130907da433ecb4bd9f711901ad83922d234297c74378690ef62c6ec378b51e8d608aedb1e51febbf8c5347bac388cb228e5ece8a54917c36123ee,common/temp/pnpm-store/v3/files/00/6cc9c60a420fc2e49f35437dc1ee1a5d54493c6c45543608fffb3674cc3eb340be619ade05a800d3a4fed34892f091513924d7a5d90752e5a7bee211c37ef2,common/temp/pnpm-store/v3/files/9c/8b2def76ae5ffe4d636166bf9635d7abd69cdac4bf819a2145f7969646d39ae95c96364bc117f9fa544b98518c294233455d4f665af430c75d70798dd4ab13,common/temp/pnpm-store/v3/files/ea/758c1e609bf65c3ecc0cd55a5020c6c00bd7fe15ffb0da3191c587d0a01e4e0e0f37811cdaece429d17ad0d84ba2bc97ac196a1941bebd03603c3f13752f83,common/temp/pnpm-store/v3/files/d7/e4c79c23a4065d547c56573c0759bbad1fccc842336ee80630178437117cac1dbae074d864096ddceb7602a98e368cf4714a67ee8a01b1bcfbe5920eb61a30,common/temp/pnpm-store/metadata-v1.3/registry.npmjs.org/tinyspy.json,common/temp/pnpm-store/v3/files/85/d3aa58b62dae2d4d0685afeb3cc61ec505d0af09ac26e33d3f9d7b47ed7523bcfb0c2b146e37dd8cc699bd0ba99372e1d9044908544de0a15cc7b7e67490a6,common/temp/pnpm-store/v3/files/37/e69bb823c37c1e1152765e8e21eba6d1a67d51d27b412b1831e22139e664eb1ad691bd1c81ddc21076554d40e2990efe98943e67bb7383eb8c40438514d094,common/temp/pnpm-store/v3/files/6c/f7778268541d8d016fdc1317ad17aa5af0452ca34d2b51ce3aed888630995ea1a3e90fff42accce8f8bf8ce71edd151510b500367ffc045c0d2d2b06d382f8,common/temp/pnpm-store/metadata-v1.3/registry.npmjs.org/shebang-regex.json,common/temp/pnpm-store/v3/files/51/6d67f8025ce4ea3a846588386edb9336d0c23b190103b19268b101adde87085261e1cc1007f71a7011a499bd8b7531c02591a5d57e5c3bcacfe4f6f74f2083,common/temp/pnpm-store/v3/files/bd/fa47f45511e29a0a079c0d63376b10f6ecf293fd750c3e33ebfbafa5338f536a33980ef41c19cadcbdae0d47cbc63b00c4597c2f1ecc05b5db6a019843cb86,common/temp/pnpm-store/v3/files/c6/e549cd5a18d65f2a914d0e1d2a1b2aae8740e50315a1f146a38349be9a8db8d2b255e3cf610440c8e9b9b08cfd147e0ddeed763268256ac74abf173b560a28,common/temp/pnpm-store/v3/files/0f/24a8189d53c9bfe51343af5f726b31bea58ac3e56d26b08558c7ed78d96b99928885be67cd32c574e03d35673f72cf3b2bd11a19203b03b46b2d0ae72d6e97,common/temp/pnpm-store/v3/files/35/e5700b123c47ec30324d71a4563587a25924c8ef6cea60017832e8a8ac4b431e5982dc4fe75b6bb1f478f2aefaff95f28d7273239eb4f2f28148d3c07ea3ff,common/temp/pnpm-store/v3/files/fe/f15b2795bf97dbd0df063f926f7d40f01d9ec01335d4aec2ca36fa6612a637a2529d0149124a82108a8fc803986dda2cf444b3e12ffc4ae8b5a5dec6879531,common/temp/pnpm-store/v3/files/ae/fc48a0d8467f7f070a0e6bb6e17770746bb9e342a72195d9ae6dd3f015cb927bb4af0c3395814bf46f6e3d1726d1d0c4369b1bfb96586aa462dbad9c2059d6,common/temp/pnpm-store/v3/files/8c/824419df419bd187162702f1a825a2198966fb28570c0f3ae88f3f97b2bbe7880df0387b2c41a24ffb70724b07ad4a67f07050b81373354fad6500bcdb7bb1,common/temp/pnpm-store/v3/files/4b/da218f6fdd054735cffb5c03115dfdc4fa1fc20aee057df3a42238e5bc2fdd1e737c0a0f047c7713ee56d8e13edf7fe420dfb06f40ea58c30957f5e2e32073,common/temp/pnpm-store/v3/files/44/b8310c47161f3000a46ab9a9c4ea9501894ff6993832e4aea4ff1057626b8ff56942044f72faebd8f7603cf05e2c3c4fd194ff83a60d9cebe254f1dfe582a7,common/temp/pnpm-store/v3/files/6d/1e07b8f0bc58fb51db0391fd029084e4a264ab40a0576e046831bc1c29cf63b815cd28d45c654089f0ed6c919a37ec5a211b55bd9562413dd90797f87aa919,common/temp/pnpm-store/v3/files/88/3215e9d35353a8c9d95e4bf5d222639370df2f63f7e06550e2d8073c96aea260d6c369110e974c87af416cc516a8b4795f357d8e630021cb70807a1ec5efac,common/temp/pnpm-store/v3/files/38/3ea082b51b0c4e5306fb2abc56243503e80c97e38928b24e3eb2ad8298ed9642c98e3fafc83cd436d1c7ad26cfadcf80892d699034ef7d774fdd0501a81a3a,common/temp/pnpm-store/v3/files/c3/33361a084c4c92fd231c27060035a254b55b07a2bfc23cdb7efa2bbd1804e83160c6c2c102cd7d52fb640aa322d930833c95c97f102b2d7444bcebd498391a,common/temp/pnpm-store/metadata-v1.3/registry.npmjs.org/stackback.json,common/temp/pnpm-store/v3/files/04/3afda90e8b38b16f8360417fa07c38bba757ea6dd56be042220dda431f9ba8c2f147ba82d26ef45106a50c894b88f0b14302dc331ffa6dafba037c06b2e7f7,common/temp/pnpm-store/v3/files/88/eacbc8aeaa623162e44df849aecdd1e35043b726da567e4a97e26bf035c211357d55c20e0cbf8900583b7ceb1677c182d97fa98db28b86df2d0c86d9a2517b,common/temp/pnpm-store/v3/files/65/43b3e263046afdc38fe9f766180099e679a4cffda18b6702597c7c9aaae82f27e9e04da4d52fddca27f1ee3675c92f8678d15167135bca798ee1253b1dd144,common/temp/pnpm-store/metadata-v1.3/registry.npmjs.org/siginfo.json,common/temp/pnpm-store/v3/files/cc/ff7dc4ad71f03e5ad0a73378b0dce22ca42e936b617f1d4f8d936630333565ade4ba322b9ca38ff07ebe1c444e266fcddc3ac5a5ea4d6aec8e8338340d8d41,common/temp/pnpm-store/v3/files/7a/5ac0fae879ef2e9c7cfacb36f728adba580ee380dec23647e7131881f5264fa7aba63c7b85c177be6a2ce6702736ef9634e452b738f52958e7c254716cd970,common/temp/pnpm-store/v3/files/44/7c4c2e9f659ca1c61d19e0f5016144231b600715a67ebdb2648672addfdfac638155564e18f8aaa2db4cb96aed2b23f01f9f210d44b8210623694ab3241e23-index.json,common/temp/pnpm-store/v3/files/fd/656291dbfc15b0278e531f37f3612eac10bac6e7f516e146b9694fd149f47e3a7ead8c1a3a3cd41dabad7d0d2dda2d97f6ef9559f0fa35d5de83ef87e4168f,common/temp/pnpm-store/v3/files/d0/f648a27953f0965a51eebdebdbc9b9ea8eba8b2acac0adf29ab349b0b19f96c119032654e740cf5063ff7cc95adf1b0e4a6f2ee4fa36c39f098d96d4ecdc2e,common/temp/pnpm-store/v3/files/ef/ef9d161b5cc77df9dee05aabc0c347836ec417ad0730bb6503a19934089c711de9b4ab5dd884cb30af1b4ed9e3851874b4a1594c97b7933fca1cfc7a471bd4-index.json,common/temp/pnpm-store/v3/files/2e/89daaf1a4c34fc75f5bf9801ffcf3fcc502431cd8029ec7736150ecb910197e0289dc5e7c1882fa9614bdfd3eac20b2d26986f94c92364a2d4d76168a6edca,common/temp/pnpm-store/v3/files/29/920e835b71384aa8471ec273c8ef5a69459d9c7dc16362dd958a1032e099fa3efd7b73c469e90d5a8dbf6dcd5058e429eaeb010d38917af24da02f3470a3bd,common/temp/pnpm-store/v3/files/da/305c7c3b622236ee249a700a876cf59b2cd09564244c80550ee443cc481ddcfa20ad40e951991da99b6f3a90caeb617c2c0ffa2c66af67227c9e00e7a1ca7f,common/temp/pnpm-store/v3/files/29/869de95cb9543595e061f77e3a6c78c43f5d4d8184860fed5cddd0b1b8e2a4569bf62dd9608e4e270576f9a0a3a8166aaa2831009ac13b482d5409ba92aeec-index.json,common/temp/pnpm-store/v3/files/58/2406a83f1a8c2d4df6f5c84d1827982d5874dda4d6b86030639143ab2cf8828d6782cb3dd39b83ea0176c78a7717c14902b80d472c33b33acd67d6fa2fe717,common/temp/pnpm-store/v3/files/ed/31e9be25418391c15e2ef6416a7c80294ee124a80070e24ec63188ea576d9c9ea9c1ffaf51b54509bf6771d3d758ebe5f2f71e287b919b83a29e93b636dbfb,common/temp/pnpm-store/v3/files/4d/5a0ba9b322fdb0092fb1df2c79a9bb2a71c303edf9322e644b5d69517b1f75112eb710f68c125a34b4a3942a2b5946b055b4b302959eec8bd21c532a7fa4b8,common/temp/pnpm-store/v3/files/12/378f2b5b2b0f73f4f28da3e1fd04c67ca5a91b3907db498dca7db7592b1f6a918bc08276c61fc1ef498122eeac5056c2ae2e3a58a9cdf9397c736fc052abf1-index.json,common/temp/pnpm-store/v3/files/48/4a2e23b2478794a18b75f16386f4385e8489672c23fb57568b318a5e5907f5390bd2c7cab32f8dc67586ac741cb74323222c5bb2d19179446e0425da115901,common/temp/pnpm-store/v3/files/61/c32c769774533f4ccc82fc3fe8defbbfc2a4b00f884af9d428c289371cb29a9f45691724a40011f0b458bc038fbfc36707107a756beb3de291fc5c5a8311ca,common/temp/pnpm-store/v3/files/e4/4eb173016aec24c77263fcf5d62468aee66035675fd4dc4563375edac403ef0ffa20c6047fea4f46b5223f4020f554475865e2ed67d51158e31afea097ff05,common/temp/pnpm-store/v3/files/be/89f4897a0c55ea075fb343d716bc184c27a9ed7f63913189cc16b3c061ef65373bc303068c51c1e5bf15a151de540b7126e60790d11fc74cade73fc13e6de1,common/temp/pnpm-store/v3/files/0c/9c26ead9a4602199d28af0159eb9ca32478eedc1d3413f0d34d1937494588b4b8ff4e711b37603ee7b48ffbe50e14e0f789d313a15471dda66a87f0f063098,common/temp/pnpm-store/v3/files/77/e39bc4c40599bb75d2cadeb4d0f2b70b7ce55adb92185403f2411a6d4c3da589eb90a5e303a02da075358bc9499d047f4dcc30453fd31a4f317508436f547c-index.json
[NX v22.6.1 Daemon Server] - 2026-03-22T09:31:42.176Z - [REQUEST]: common/temp/pnpm-store/metadata-v1.3/registry.npmjs.org/@jridgewell/sourcemap-codec.json_tmp_78192,common/temp/pnpm-store/v3/files/49/32c8d2b1970975355a4adb6e64bf4f8e2e5ce3c2ecd4fc3da5e97214c752eaef833202d720f9d9eb5e9839a64d7645664feb527ec352dd9dc8489be342b828781923,common/temp/pnpm-store/v3/files/b2/8ea72a87001f885727baf69bb857722c8f6bb0754b8c2a58346c93a80f6d15c86f8376be3801e9354a14eb57aa9c9d10c14a90d3f222ed4790b5e8f25036ef781923,common/temp/pnpm-store/metadata-v1.3/registry.npmjs.org/mlly.json_tmp_78192,common/temp/pnpm-store/v3/files/32/2a3fdcbdc0ab2240acda547abe636d51f7f2114200491f7fc66c4353d43d37a4052df0d32f29ede80c8a768d312efae8ed28639f55c2e5a678f306a45986f9x781921,common/temp/pnpm-store/v3/files/64/c17e13fe1a6493633590572ec6d468a40272a8a9745d0d669829a069a29825e4f5a82000c819552070e632b2ade2dbbf531e2d6efc38f9931e673701f14f15781923,common/temp/pnpm-store/v3/files/49/4c1d19fa9d28ec3108f795623c12c91a49ed9f9f869c0802d98251d648599fd83f947d580b32b928292d50e2f5b8d6a0dd8b5c736cb3f764deead7b5d4311a78192,common/temp/pnpm-store/v3/files/9a/d6345c552ff9d4b959395f24d17e51c7da81cf99fcfdbd19e0673b995e71eba407fb25f4c922608a0755e3569114ae9d1c6b6613a1c18852b12c57f522e270781922,common/temp/pnpm-store/v3/files/be/a882d3a0ae8414d47591fe45897cb05acbd3deaf038e4e9392123bab04fccaf58d16c61f80ac9e18bc7f7c0a565ef1f263b802eec8afd0f73b2bf55583052778192,common/temp/pnpm-store/v3/files/f9/d960bb05008e40c689f0d0c02b7c46913784766bd7a345d55c6a0f5cdd6f8038fcf7a93e01886be5cdbfa76fecfad681fa1381e4ca257dcd539d5117d01cd0781921,common/temp/pnpm-store/v3/files/32/528e83a6409a8bd04748d7395605d53a4fb78699199ff8f792642eb63517f5e3a375847475cf8e41d3ee42e9a6930f48b60fefd2ce507708565875df3e153b781922,common/temp/pnpm-store/v3/files/b8/a2255b8c528ce163e1e045519a1ee334778295312848039927892f0ce6dcbf72cdeab44c60e552eee904224d89da7e2af69650a87bfb9ec0d023e48b729ebf781923,common/temp/pnpm-store/v3/files/13/dab55a35d2cfae6c436fd0582064aa7d5d66c8bd232767ac37bf05ef537c127f783dd72ea89775705149ea0ee873ad568e56912ae70cd79b18c268a67ebb53781923,common/temp/pnpm-store/v3/files/85/f9e35028de6f50997fd137c9af89ad9c508de9816d8932ef1d13bc5a40212d95ade101f7b749305bcdd82195a1aa8020507c975c57fae58140c898557aa4c6781922,common/temp/pnpm-store/v3/files/12/9a393b29113d415440da6655e055915979bc357c5089f27479770b610b5d3674934fa7b927a4c405e7fec5409e0279f3f1de4b0869a7f503d6c93b5583cf6f781923,common/temp/pnpm-store/v3/files/96/b56759372a0cd0ff9cd206e732a95df832fca5625d2ab761f3d1c3bd643227a8fd0c6b3b189ea4d23124040967cc470031720e097f7fd80cb68d6ae957f488781922,common/temp/pnpm-store/v3/files/e3/9c9e41f29f14a006aeed4a8daaf580781882836eba1a3b59be4c16092b49549536d8ee3ac3db9779a91a189538f9217813296eaf504e454d2142ddfad2f36a781921,common/temp/pnpm-store/v3/files/8e/0b1a35dbb3fa776f1b216ddee4ae5aabf2e250a72098a8beda2e40de4964738a092d90ba111d6dc407161564b33d8dd94f615c9a3ca1d1bb113c969447ae0f78192,common/temp/pnpm-store/v3/files/6e/5617ff8dcdacdb444a61fb55aae7d19dd6addd175dc299bd20e8a6e1bf13ee105f53dac49033d0775561714b0093a88ecd9e865bdb8ddd7bb7bbe9ef990214781921,common/temp/pnpm-store/v3/files/2e/f062a5797def40c63217f45f8e86c94d70c76c7e4c91a9d6df156e4e858038912d67af19476fe99399559168723968208fc3f6e8957863c73527e5adca1b08781923,common/temp/pnpm-store/v3/files/99/d4e7aa25f4980f2a93ed4c7eb82225a57b7e03d0ec64c870eabb089f519d6f3e4f188736d6865d060851729cb93dc1c5a42784d7f1c0bdc84b382d866ba957781923,common/temp/pnpm-store/metadata-v1.3/registry.npmjs.org/path-key.json_tmp_78192,common/temp/pnpm-store/v3/files/e5/23efc7c526358ce53bad2441c0d17ee561925071add6f9a3d7aa7d6df517293d484fd71098f4248fadf993f1511efb71f079d9fcc7cd8fa4bdde8ceeb7b8ec781923,common/temp/pnpm-store/v3/files/0e/9eb31aaa537444dd47ade57a12583de20eaa988d04db5cec1a5648bace8deed4688b04e5a63ddabfc0ba7400eebb17bdeb7796b277267657dbd50f4ca5f22978192,common/temp/pnpm-store/v3/files/88/a1280d869199dd66c4cf746b63847d6863b233e960fb90fa5318b28c41d76ebeb7c7f0ef24843b8f2798383908e4e3c4323ae7f636396a5e10793764e7bcce78192,common/temp/pnpm-store/v3/files/54/d2547e00d8b74f2ea9975b51a56a3d9eac58462e979e8af558c62d450dd163793dab7cce62c293c86ed9b3a102002071de4da40f215c85f2445fcc460f9090781921,common/temp/pnpm-store/v3/files/3f/a748e59fb3af0c5293530844faa9606d9271836489d2c8013417779d10cc180187f5e670477f9ec77d341e0ef64eab7dcfb876c6390f027bc6f869a12d0f46781921,common/temp/pnpm-store/v3/files/45/48011d1e4ed9f5d7fb5e408476a27b2a19f3beec5ac4a9bbddebc700a77ff0fb168ecc4917576a18f22d262f82649e9ec0c1242af752a7cfa0321ea4375aad781921,common/temp/pnpm-store/metadata-v1.3/registry.npmjs.org/mimic-fn.json_tmp_78192,common/temp/pnpm-store/metadata-v1.3/registry.npmjs.org/shebang-command.json_tmp_78192,common/temp/pnpm-store/v3/files/2b/3678a32dd3dee179b29e6c66368efed0c919f175bb2da05d8092e9ba63835982518eb78a8946e6ca83e98fdbe09f4a55c40f2aac2f06d8a3f007e5176e0e9c781923,common/temp/pnpm-store/v3/files/f6/19c303f4f3cbd4aa688fd12be2a123647819bc513835f6a134d45b05903aeec16580642165c9420a7736b9f80a5d37bf577f2d11620da55d485ef97c6a93be781923,common/temp/pnpm-store/v3/files/ee/aa474b3ac655ebd3d694bc44c180d2d02b27b3f69b10d29751acc63a02e2767acd2f29ae830c81cec7a329c24fd5b0819318bbdc9f3001ccdf77e086ae6f24781923,common/temp/pnpm-store/v3/files/6e/cb4b2753548dc04831eaa18e46038514ffd5d70b978df1a13bd9997947468c52e9583aad5c496638e3e327066568c7bf8e40cc176fa81554b1252f26974382781921,common/temp/pnpm-store/v3/files/0f/d580cbb91820971d4e271b91fc656fee7b0a471685332e674d3bd2c97796165409785ea23b69ba15935cef86c4d80f3e59f8c9c6d0a20754f94f2452832b8e781923,common/temp/pnpm-store/v3/files/12/62c392a4272db541d1c92d4defcbb8c50a40c0f67e9b2473e9fdce8b6f04de3d0f69412f1f5d25c40c90e6e3a91dd7c54b6b25ceaca3f231715d895d898197781922,common/temp/pnpm-store/v3/files/b3/1434a9ff732ed78c4edceefcd44bbc91e7c76a2bb511caa4f8c012b3a2d019a73a0d12d43a94b70fc7e6b3e61ef999ff5f78a113025fadfc08ebf0e87ad2fd781923,common/temp/pnpm-store/v3/files/cf/9d45e563d250144066271688d2e71d00487748ea1d956e0dcf40339c895f374cd5ebbd6131d268ff0ab2a16c27cd429b40502cbfbf90efa7e29d813e4913ed781923,common/temp/pnpm-store/v3/files/a4/29a873c3d74ca4d25691ee89908aacb1a21d24a4aa92748833b1693160900eb831311b76322c16f45a05ac8ad0da45c09feec4044c698a6533e2603b950471781922,common/temp/pnpm-store/v3/files/ad/145bcc961240a98854b082a884a6c2d01b3354ca3681563540e9f0d5d9807aa35232556c14da7eae0786a8b6db7cf65eb0419832c7effcbee65d7c275027d5781921,common/temp/pnpm-store/v3/files/04/b2374e5d535b73ef97bd25df2ab763ae22f9ac29c17aac181616924a8cb676d782b303fb28fbae15b492e103c7325a6171a3116e6881aa4a34c10a34c8e26c78192,common/temp/pnpm-store/metadata-v1.3/registry.npmjs.org/which.json_tmp_78192,common/temp/pnpm-store/v3/files/bf/79769d5026a13f4aa6f57d256b18c4cb7ec29aed565b7cbbfc922a732c99ad489b9ad381fc7a1078fc217efc50c49bde9b703a3680f467caf6538cc20624ca781921,common/temp/pnpm-store/metadata-v1.3/registry.npmjs.org/estree-walker.json_tmp_78192,common/temp/pnpm-store/v3/files/ae/050416ccbf2f05efda7f7147898e348e5d8397c123f6fa8eecc98cbb1457c2653ebfe7f7400a3437f5f0088574f02cfb2e84b469d1f87abc66386b716e7659781921,common/temp/pnpm-store/v3/files/76/5eced6d58100e4d7ec175d0365f6b6841fd578d2eff71e41cd137e351a7c72f4f5ed9329a04a3a25ed1ce3a24829b3a9a540fbafc6fa634f6f8fcd0fc94af6781923,common/temp/pnpm-store/v3/files/a0/1dfaf6a33b1ecbd0162f052eb24e7b170526dc1b48a15c38410036d4840fb0d21100a05cfb11a3687c7eb81546d5444b81aac0953598176218c71b292107a0781921,common/temp/pnpm-store/v3/files/66/b9d1afecbd09cdfd705a5d75e6005d0349b1c05ce418966ef1db7bf6507e5a4f916f63c6318c3b935a5240fef96c943d5f0706c12c03dc178386d16fcb525a781922,common/temp/pnpm-store/v3/files/37/e69bb823c37c1e1152765e8e21eba6d1a67d51d27b412b1831e22139e664eb1ad691bd1c81ddc21076554d40e2990efe98943e67bb7383eb8c40438514d094781922,common/temp/pnpm-store/v3/files/71/843ddf5d20aeac6e7966e5f96b885086a251a0dc8fb58eab97d58449633558117ce52163d7f2db34ef7e8a96b2779b87c4a5ef45527056c80af2672ca0743a78192,common/temp/pnpm-store/v3/files/cc/5bfebaf3fcba8abdccba561e604c3d408dd3e9c233572473a847e4e87cbb0092e15c21e052715bc303500d79fa37fc60635136681c5e3ff0b2cf5e7ea5fc77781921,common/temp/pnpm-store/v3/files/4a/cd6e285ce14b95c08b888efd69e0f4b2dc76c6959539697076f8400718f1b054aea85dc3b87378dc6e2be1e5e1d9271c8ec015399ff09f91e1fbcc0b9f00a0781923,common/temp/pnpm-store/v3/files/45/22e78675c42fe7dc2c363aa57841db393a47aad9fc94ba5d6dcefa932da2c477ec8bea5eaf790511b1c438f94a403dd0041b5b9d005d9951f906effd53b9ae781923,common/temp/pnpm-store/v3/files/61/41d743a82eaf44549ca3583fde60fd295bd6fc1a9cdfe2002c330cf6f59d24dd33ea8d937e82e9b6d5c8ba5d11a80bd66f9b80fdea5e2d7a90bd3b0f8ad294781922,common/temp/pnpm-store/v3/files/46/c340052387e95eca5d8e9b38fe1067d8bd20f333f5185b9d185b76d4453e29e019d98ea95a9f723b1ffeadc756b9694b9e8452c89f19578c79ef7c76816480781921,common/temp/pnpm-store/v3/files/27/e722fecf8c75c3deb98846cb3a1c6cf26ad6b944d97345962ccfec8a30155dc533d2cff8cea59e592dc30cbdca1691df6b925530fc4cd9c24761521ba612ec781923,common/temp/pnpm-store/v3/files/bd/fa47f45511e29a0a079c0d63376b10f6ecf293fd750c3e33ebfbafa5338f536a33980ef41c19cadcbdae0d47cbc63b00c4597c2f1ecc05b5db6a019843cb86781922,common/temp/pnpm-store/v3/files/5b/d337c8f3eb7d60f976e78eccb320a26ab57b2b018f295fd887e92785970c314a69a69ec81541f01e4eeaa60fd4f05bfc4632aa734c9546ef408db604c72207781922,common/temp/pnpm-store/v3/files/41/09a4e0cfe37c1732ca099caa4bd1106c4e298a9f1dd50828cef8067435cc668dab44be7d4a4da3fbafdda5aeee22ae5c42416cf79d0996089783cb13b2ff4a781923,common/temp/pnpm-store/v3/files/80/75ae279899b9df6307a9772f96ab98341ab04ad1545b8c40c3bc3809c2b9a5c036e5bcb412df4c59b6aa6d3ca682d7aaf409c5651a27bd9ca0493ec980c19a781922,common/temp/pnpm-store/v3/files/c6/e549cd5a18d65f2a914d0e1d2a1b2aae8740e50315a1f146a38349be9a8db8d2b255e3cf610440c8e9b9b08cfd147e0ddeed763268256ac74abf173b560a28781922,common/temp/pnpm-store/v3/files/37/c4a97cf527529d5b2be3cc616f2a496765f54fb0c0d588e102b13980f2f4902ba3758c5fba7639e55117dbfedf8ee99da90d7af3e688784d999d876c503beb78192,common/temp/pnpm-store/v3/files/64/050d4c73e83522c67ca0e08e3eacfb327400f18e28e0a5d8f562d7b775e7cceb45a76dce992dbde6931d49b3880561f6c7677acca25fddf4e4be90f5186517781922,common/temp/pnpm-store/v3/files/39/754a466036f5ab8013d9a1f2c74ff52a4c62f98219f86350b7ffd739df289cf6b47cdddf49427e99187efa48dd5efb6101058b26315e32496a054a9804f272781922,common/temp/pnpm-store/v3/files/c3/75b0622db34599592266b9b6252bfc778b8b0f9bc7e6568a32fb91fb6cd16d80bc9eeb6b49fbb287b99a4a20a378d5e0a64c4c486abcc4d674cacb06fa74ba781923,common/temp/pnpm-store/v3/files/7d/6ad24186fa8d6b17db959470be239df96c3c63c7b1d8c0af12e67314da90031646b1c16218c304682c621fde956e9245bef037d8a2250cc7c7faf633b18951781923,common/temp/pnpm-store/v3/files/7a/9b98aa0639ec1b1c9a45eaadda11727ff81c8ab4c54d4ed27d7292e721fa291009ab5418c0bb9274e6165c10b22ae06b162b5836343b0570bb52c2e126638c781923,common/temp/pnpm-store/v3/files/b1/a6a477b155955eec074949c4f01acb0909f11ebd8c2ff540ed9ed937152e5f190da71ca22f70a28f2c7212fab552612b24fca72cb899246089a7b6e3c3fdee781922,common/temp/pnpm-store/v3/files/c0/de65a628dba59f0d54f2ab5d779559033eaf88ef39dff19d463b928099bf29d7e0e9738f68e6c98e7b47cda2f2d524403ada8f7022085916a16de185721f43781921,common/temp/pnpm-store/v3/files/f4/5026ad3539a15b6bbdc84a11babc511e9ea5a054e643190dc96bc832edd45f6150074875832e698716451064887cfbe0af1ad5176c035f307949b67ba84b18781921,common/temp/pnpm-store/v3/files/85/594cb5204269198e457bade78e74d46e91beeff15607bb7c83d76ef1d88a16e96f9e95e3eb6b62f45a54a4d68363b9dd8cdc89b080ae1702160db2c42e30b7781921,common/temp/pnpm-store/v3/files/05/bd651d27fc2417d5986dff39cde19a65475a32d43c93a9a5715aaae5a2eebde70f59e85ec20fdb5fb6290fa545701396417d9aa5b4c9cd1ac40c81f31bc37d781922,common/temp/pnpm-store/v3/files/f7/880b7fe2baa43b93a566aa4cf7b8662babb7a8e44a31537f4d6b9d25fd8c8808c7d1f825fcc06610fb46c3f06135756b958c989d5a9f8e365e032cc749d66c781923,common/temp/pnpm-store/v3/files/9c/8b2def76ae5ffe4d636166bf9635d7abd69cdac4bf819a2145f7969646d39ae95c96364bc117f9fa544b98518c294233455d4f665af430c75d70798dd4ab13781922,common/temp/pnpm-store/v3/files/2b/7d4cdc66cc7ef5423ae994e8044bd5774d2c289c5494d0a25830cde781c8aa46d770f96c9d713bbe5f3412cc034a701708647175d493eade2f2c7f77dfcd2a781923,common/temp/pnpm-store/v3/files/ea/758c1e609bf65c3ecc0cd55a5020c6c00bd7fe15ffb0da3191c587d0a01e4e0e0f37811cdaece429d17ad0d84ba2bc97ac196a1941bebd03603c3f13752f83781922,common/temp/pnpm-store/v3/files/ca/e89d91e1d407a35ebd6e013b94eb281cbf07545b317837fb60b417697dd3657327a23c9ca57330d9530d2ebbbd4bde45e311a0bfe6e0bb8b8a41aabf30cee0781921,common/temp/pnpm-store/v3/files/1b/5c58e74cd134b00320b3dd8372d629ea72a440cbf959dd20205a487503e9ae72415ad80bf9f1d44c2922fa6785d830aff226183b9163fa3e56e1bf4ec13eb4781922,common/temp/pnpm-store/v3/files/10/2f781eb7c51646266a09dd283ff462378fc3f326c1d6357e35f1c2c310eb39efe774fe1f864a2b93bb55f8949cf3ba238612f721476b2841e5b34d50dadb28781923,common/temp/pnpm-store/v3/files/b7/f09917e30e28be50caef5b85bbbcc93de11bb9eee424b121781315ff08ee585c54f869e4b5862ca89f4ed35d7e53f972062f3f3c48fa1d51bbf10f9cf2029b781921,common/temp/pnpm-store/v3/files/91/eea5dd50427d8b047e0a37a1e17e1cf855b97d63a257dd6347145936100c7e13e7d2804ebcf10bc0f407090a4442e3d6bd98f7cd46a63762a1bf62f2bbc8a9781923,common/temp/pnpm-store/v3/files/90/7c6bdb366962d766acdd6a0e3aeb5ff675ad1d641bc0f1fa09292b51b87979af5ecc26704d614d6056614ce5ada630d7fc99a7a62e0d8efb62dbdb3747660c78192,common/temp/pnpm-store/v3/files/0f/24a8189d53c9bfe51343af5f726b31bea58ac3e56d26b08558c7ed78d96b99928885be67cd32c574e03d35673f72cf3b2bd11a19203b03b46b2d0ae72d6e97781922,common/temp/pnpm-store/v3/files/ae/fc48a0d8467f7f070a0e6bb6e17770746bb9e342a72195d9ae6dd3f015cb927bb4af0c3395814bf46f6e3d1726d1d0c4369b1bfb96586aa462dbad9c2059d6781921,common/temp/pnpm-store/v3/files/07/02b16f1659e98245a11ef39921317a91753ff5fd121d7e1e17bcac15dacf8eb48482d8f002f17c7f29ed5dddf76c7882b2faba3b1e40b6da1b16da42511ad7781921,common/temp/pnpm-store/v3/files/cf/8273a0c186aab33aa4a13f01f86060d390fd4df086579f671b783a91adb95e72dbc5aa91987a02747fd00e346bdcf5089a70976bc72f5904fc27d6c5559b4e781923,common/temp/pnpm-store/v3/files/b4/e1468259d0122f9193d653db97e97751a65772425a847c4c8f6c2fb77afc40f75f04406de7ad065c9fcc68494e0982390ef6c1f32f326408143b4e1330a10a781921,common/temp/pnpm-store/v3/files/ea/ba546c27e8e7c87a7b8edc9ba44d5630a8f39d514bc1a29a3a7af54279157cae05ff9fe199d1fd30ea10cca98777e12d822842e588798760fd9f1f1d8b1412781922,common/temp/pnpm-store/v3/files/59/48c6700a8fd6041a72841ef8e049b0503b2dde03c97b9422367971cef970b1ef27b76d36c4ee8298712000f0b294be02b68051e3c22ab495b4f2c58ff17cf378192,common/temp/pnpm-store/v3/files/03/8c8af410199b3bafb363f0188e0b5782e8a8051956355ee6cca02350d63d912f3ff3977906a10afa07854217eef67983d9a5910fcf71c538844844ccededc0781921,common/temp/pnpm-store/v3/files/b3/c5f920fe867dfa427c7984b09a9b408972323742c9aafa0de7ad4d27576aad4dace01db8edc3aeafda832b55c31a7b716fd634f09655d02c924855640923f1781921,common/temp/pnpm-store/v3/files/ed/150a7d781230c933b7a66e5e6a9aa4ebab2c63cf7e08fa97db9167b9511a896f934cb6ca871cdf92dd731282e4f419767d8332a8a8010d8da1672b4ca9a6ea78192,common/temp/pnpm-store/v3/files/3b/a8ecbebb45d5b46cf14a9287abcb3d65c59bd759a19d70838af785a4ddfc02b1109334d7f0b7224bf518e815eeaee9661c435caa0b5b0a63773fb4508fab84x781921,common/temp/pnpm-store/v3/files/7d/36be3a0af47591f9f08c48aa80587bb5d8c306ac875a491ed27a04a3298091df6535d9111bd36aa01116aea79a2388d38888df2dccb27b6f22b94c1ca29855781921,common/temp/pnpm-store/v3/files/5e/f5870a62a2cd46d947efdf573940c8252fe0976814dc470af36918779d1817f2c8de276a977a943857f80b48c9c9831e6368acac7e30258c76a1486d51c28c781921,common/temp/pnpm-store/v3/files/2d/bc00c5bc5fadf4e33ff95cb1a2d07d1bfc6d742abebc3dc95c021eee327ab13133a4afc71c457943ff868b7818dc6d1a820ead1d5d8457bf68faea586fca9c781921,common/temp/pnpm-store/v3/files/6c/f7778268541d8d016fdc1317ad17aa5af0452ca34d2b51ce3aed888630995ea1a3e90fff42accce8f8bf8ce71edd151510b500367ffc045c0d2d2b06d382f8781922,common/temp/pnpm-store/v3/files/a2/399e374a9dfb2d23b3312da18e3caf43deab97703049089423aee90e5fe3595f92cc17b8ab58ae18284e92e7c887079b6e1486ac7ee53aa6d889d2c0b844e978192,common/temp/pnpm-store/v3/files/64/17e36254130907da433ecb4bd9f711901ad83922d234297c74378690ef62c6ec378b51e8d608aedb1e51febbf8c5347bac388cb228e5ece8a54917c36123ee781921,common/temp/pnpm-store/v3/files/3b/6f8c94794027dd6c34501f32302ec87500f4848cd45daed655b7df7e5c844ac360696c1151f4d93fcccb0236edaf6bbb66be0029e70775184e46226c529d55781923,common/temp/pnpm-store/v3/files/85/d3aa58b62dae2d4d0685afeb3cc61ec505d0af09ac26e33d3f9d7b47ed7523bcfb0c2b146e37dd8cc699bd0ba99372e1d9044908544de0a15cc7b7e67490a6781923,common/temp/pnpm-store/metadata-v1.3/registry.npmjs.org/tinyspy.json_tmp_78192,common/temp/pnpm-store/v3/files/07/bf38b7f8756e932384406953c30b122f5ffea7a941d7fdb80134d566268236572bf77df40a99969ee705e1a45c0c2039667a055fb15f4dba70f0f01567566a781922,common/temp/pnpm-store/v3/files/48/211c74a5807102abbbd17ba673317fd25254e94ccd177d871963f35ad72217014bc1d5bc2442dd577652f52de54f5f93f15f0b1c0a78dd59fd917e0636400b781921,common/temp/pnpm-store/v3/files/ee/7b05e4e2bf8efddd12109b42fec1e1717d1d8cf61ec2cbe015aefd2238902e8776fa4e300e5992a9ad0c32479bf885669c5fe38a57207205efb6926be0c009781922,common/temp/pnpm-store/v3/files/0f/99eaaf04c851d2eb425eacebfecdd4660bf4de112c3869073fbcf3c147b1f6343d8a17a05c2a4a1068628ee2b0ecc8ca17fdda10302edca3baf415d01cbd17781922,common/temp/pnpm-store/v3/files/67/f5c40368e803266506830966a14210fc43a4cd7e7b056f67029275f9255c5b8bc223d0ae6a81d8bc829ceaac9159eda380df3502220556cf4dc923764e7376781923,common/temp/pnpm-store/v3/files/02/3ff6b209926a09d13e2dcf957648ed263fea94461898dc76da54ae6d52aa631dc0200a44dff69a629a5d575402b3b10567eaf91a2629d2fcb2849730e748fd781921,common/temp/pnpm-store/v3/files/90/c801fa86528746def4b6910fac2b033f004ce40c2b77bf1416cbb1be149e416aa4b5fae0b9e4a81bdf008b266a2361d2beace8842bda2967b2c7401f22f9c0781921,common/temp/pnpm-store/v3/files/60/9b930bee6bf8e7d947ec0f27d2e3cf27dff4e241e8a5f98a465c77caac4383363d9430d44fe7f808572e0ae1c258ee87ee71ef93d7a5136bc1e28d823ba2df781921,common/temp/pnpm-store/v3/files/8c/824419df419bd187162702f1a825a2198966fb28570c0f3ae88f3f97b2bbe7880df0387b2c41a24ffb70724b07ad4a67f07050b81373354fad6500bcdb7bb1781923,common/temp/pnpm-store/v3/files/51/6d67f8025ce4ea3a846588386edb9336d0c23b190103b19268b101adde87085261e1cc1007f71a7011a499bd8b7531c02591a5d57e5c3bcacfe4f6f74f2083781923,common/temp/pnpm-store/v3/files/2e/ac91765958a120f86c99700e51176c91648edc4b618879873328983fe269651b105f733b194dcebdd8205322ea2db9cd13403a7674647837e45f5a1622ff66781922,common/temp/pnpm-store/v3/files/b9/c15d92443490ed281719d615ae3e2b5ee90371051ca237c1470283a0bbc39ea65231b78f8ec083f37af8fe792283603a2df4921f1db316cda1f791b0d3fa6c781923,common/temp/pnpm-store/v3/files/d7/e4c79c23a4065d547c56573c0759bbad1fccc842336ee80630178437117cac1dbae074d864096ddceb7602a98e368cf4714a67ee8a01b1bcfbe5920eb61a30781921,common/temp/pnpm-store/v3/files/85/a444ca9abbc6433b12b7e0232034cfe063e0018a94c49d9501368ef268ea1b960f511d90a615f86fd3e27ab4604176be04d3f24a8c14aa35b879fde74af84978192,common/temp/pnpm-store/metadata-v1.3/registry.npmjs.org/isexe.json_tmp_78192,common/temp/pnpm-store/v3/files/a4/d583a4cdb3de130c40d917900abb3f98326f0a17b50cb8a52a30cdf7babb0eac4c5dc2d16291d230b43cf829a281232840433fec78275963f2d89b895043e0781922,common/temp/pnpm-store/v3/files/7c/08345cddfae752dfdc4710fb523a1aac4dfba89121a04901dcb38f5c87b5010b22b59677901315a41fc032449e80a8bfd7951eebc9622068bc2f186c736814781922,common/temp/pnpm-store/v3/files/d3/07fc23127016b6ca25291444cb08cf47c0410fa596de7770160414438de1ad0ebde214a1f84d7c366b68d5cb1fb157c327ce267430ed9016ebbfc6f7681d62781923,common/temp/pnpm-store/v3/files/35/e5700b123c47ec30324d71a4563587a25924c8ef6cea60017832e8a8ac4b431e5982dc4fe75b6bb1f478f2aefaff95f28d7273239eb4f2f28148d3c07ea3ff781921,common/temp/pnpm-store/v3/files/2e/f41dbb69c7b9ece482018561e5597eaaf65038c956ab7cf3c4dc7d4d18f966659a82f230345183976ba3ed3c3758b359b40b7be2e0ab58d6ef5864b28592b5781923,common/temp/pnpm-store/v3/files/00/6cc9c60a420fc2e49f35437dc1ee1a5d54493c6c45543608fffb3674cc3eb340be619ade05a800d3a4fed34892f091513924d7a5d90752e5a7bee211c37ef2781922,common/temp/pnpm-store/v3/files/74/2dc8fa8195b0a32b3c30fe2d4d090cc587b0d191383cd1223fce4e20b0065f0d13694e9bfbfdb6ff1dcdb84730ddf3668aea15cb12933eed6cd35116e1cae9781923,common/temp/pnpm-store/metadata-v1.3/registry.npmjs.org/shebang-regex.json_tmp_78192,common/temp/pnpm-store/v3/files/2e/89daaf1a4c34fc75f5bf9801ffcf3fcc502431cd8029ec7736150ecb910197e0289dc5e7c1882fa9614bdfd3eac20b2d26986f94c92364a2d4d76168a6edca781921,common/temp/pnpm-store/v3/files/c1/7e134eb2c5ba0bd517a8ccb989fbf26b41df8a6748e91de2980eaabeca59303d1bd599d07edbe8e189e5685b2cba0850bef861f89ed1fd9b3d4c397af826d7781921,common/temp/pnpm-store/v3/files/06/6e6482fa0c126f7c1ba2f99d8d09e059b4cc433ce7d706a63d3cacb8a2434f81fcd95d95e82951c9302d898fc87ccb3762a14f5fbcd33b2efd60dc0281bf09781922,common/temp/pnpm-store/v3/files/cc/fd470af437bf5f0b24f967b447dc7c59cd89e9452e7139a059b35ad5bbe41d10c33f3c8060f44716d15eea1e8f3d238effcc552bc4373fc6b4a5ca59c54cbe781922,common/temp/pnpm-store/v3/files/fe/f15b2795bf97dbd0df063f926f7d40f01d9ec01335d4aec2ca36fa6612a637a2529d0149124a82108a8fc803986dda2cf444b3e12ffc4ae8b5a5dec6879531781923,common/temp/pnpm-store/v3/files/7a/5ac0fae879ef2e9c7cfacb36f728adba580ee380dec23647e7131881f5264fa7aba63c7b85c177be6a2ce6702736ef9634e452b738f52958e7c254716cd970781922,common/temp/pnpm-store/v3/files/4d/5a0ba9b322fdb0092fb1df2c79a9bb2a71c303edf9322e644b5d69517b1f75112eb710f68c125a34b4a3942a2b5946b055b4b302959eec8bd21c532a7fa4b8781922,common/temp/pnpm-store/v3/files/88/3215e9d35353a8c9d95e4bf5d222639370df2f63f7e06550e2d8073c96aea260d6c369110e974c87af416cc516a8b4795f357d8e630021cb70807a1ec5efac781923,common/temp/pnpm-store/v3/files/be/89f4897a0c55ea075fb343d716bc184c27a9ed7f63913189cc16b3c061ef65373bc303068c51c1e5bf15a151de540b7126e60790d11fc74cade73fc13e6de1781923,common/temp/pnpm-store/metadata-v1.3/registry.npmjs.org/siginfo.json_tmp_78192,common/temp/pnpm-store/v3/files/cc/ff7dc4ad71f03e5ad0a73378b0dce22ca42e936b617f1d4f8d936630333565ade4ba322b9ca38ff07ebe1c444e266fcddc3ac5a5ea4d6aec8e8338340d8d41781922,common/temp/pnpm-store/v3/files/e4/4eb173016aec24c77263fcf5d62468aee66035675fd4dc4563375edac403ef0ffa20c6047fea4f46b5223f4020f554475865e2ed67d51158e31afea097ff05781922,common/temp/pnpm-store/v3/files/44/7c4c2e9f659ca1c61d19e0f5016144231b600715a67ebdb2648672addfdfac638155564e18f8aaa2db4cb96aed2b23f01f9f210d44b8210623694ab3241e2378192,common/temp/pnpm-store/v3/files/4b/da218f6fdd054735cffb5c03115dfdc4fa1fc20aee057df3a42238e5bc2fdd1e737c0a0f047c7713ee56d8e13edf7fe420dfb06f40ea58c30957f5e2e32073781923,common/temp/pnpm-store/v3/files/58/2406a83f1a8c2d4df6f5c84d1827982d5874dda4d6b86030639143ab2cf8828d6782cb3dd39b83ea0176c78a7717c14902b80d472c33b33acd67d6fa2fe717781923,common/temp/pnpm-store/v3/files/0c/9c26ead9a4602199d28af0159eb9ca32478eedc1d3413f0d34d1937494588b4b8ff4e711b37603ee7b48ffbe50e14e0f789d313a15471dda66a87f0f063098781922,common/temp/pnpm-store/v3/files/77/e39bc4c40599bb75d2cadeb4d0f2b70b7ce55adb92185403f2411a6d4c3da589eb90a5e303a02da075358bc9499d047f4dcc30453fd31a4f317508436f547c78192,common/temp/pnpm-store/v3/files/44/b8310c47161f3000a46ab9a9c4ea9501894ff6993832e4aea4ff1057626b8ff56942044f72faebd8f7603cf05e2c3c4fd194ff83a60d9cebe254f1dfe582a7781922,common/temp/pnpm-store/v3/files/65/43b3e263046afdc38fe9f766180099e679a4cffda18b6702597c7c9aaae82f27e9e04da4d52fddca27f1ee3675c92f8678d15167135bca798ee1253b1dd144781923,common/temp/pnpm-store/metadata-v1.3/registry.npmjs.org/stackback.json_tmp_78192,common/temp/pnpm-store/v3/files/ef/ef9d161b5cc77df9dee05aabc0c347836ec417ad0730bb6503a19934089c711de9b4ab5dd884cb30af1b4ed9e3851874b4a1594c97b7933fca1cfc7a471bd478192,common/temp/pnpm-store/v3/files/38/3ea082b51b0c4e5306fb2abc56243503e80c97e38928b24e3eb2ad8298ed9642c98e3fafc83cd436d1c7ad26cfadcf80892d699034ef7d774fdd0501a81a3a781923,common/temp/pnpm-store/v3/files/12/378f2b5b2b0f73f4f28da3e1fd04c67ca5a91b3907db498dca7db7592b1f6a918bc08276c61fc1ef498122eeac5056c2ae2e3a58a9cdf9397c736fc052abf178192,common/temp/pnpm-store/v3/files/da/305c7c3b622236ee249a700a876cf59b2cd09564244c80550ee443cc481ddcfa20ad40e951991da99b6f3a90caeb617c2c0ffa2c66af67227c9e00e7a1ca7f781923,common/temp/pnpm-store/v3/files/29/920e835b71384aa8471ec273c8ef5a69459d9c7dc16362dd958a1032e099fa3efd7b73c469e90d5a8dbf6dcd5058e429eaeb010d38917af24da02f3470a3bd781923,common/temp/pnpm-store/v3/files/88/eacbc8aeaa623162e44df849aecdd1e35043b726da567e4a97e26bf035c211357d55c20e0cbf8900583b7ceb1677c182d97fa98db28b86df2d0c86d9a2517b781922,common/temp/pnpm-store/v3/files/fd/656291dbfc15b0278e531f37f3612eac10bac6e7f516e146b9694fd149f47e3a7ead8c1a3a3cd41dabad7d0d2dda2d97f6ef9559f0fa35d5de83ef87e4168f781922,common/temp/pnpm-store/v3/files/04/3afda90e8b38b16f8360417fa07c38bba757ea6dd56be042220dda431f9ba8c2f147ba82d26ef45106a50c894b88f0b14302dc331ffa6dafba037c06b2e7f7781922,common/temp/pnpm-store/v3/files/29/869de95cb9543595e061f77e3a6c78c43f5d4d8184860fed5cddd0b1b8e2a4569bf62dd9608e4e270576f9a0a3a8166aaa2831009ac13b482d5409ba92aeec78192,common/temp/pnpm-store/v3/files/48/4a2e23b2478794a18b75f16386f4385e8489672c23fb57568b318a5e5907f5390bd2c7cab32f8dc67586ac741cb74323222c5bb2d19179446e0425da115901781922,common/temp/pnpm-store/v3/files/6d/1e07b8f0bc58fb51db0391fd029084e4a264ab40a0576e046831bc1c29cf63b815cd28d45c654089f0ed6c919a37ec5a211b55bd9562413dd90797f87aa919781923,common/temp/pnpm-store/v3/files/61/c32c769774533f4ccc82fc3fe8defbbfc2a4b00f884af9d428c289371cb29a9f45691724a40011f0b458bc038fbfc36707107a756beb3de291fc5c5a8311ca781922,common/temp/pnpm-store/v3/files/d0/f648a27953f0965a51eebdebdbc9b9ea8eba8b2acac0adf29ab349b0b19f96c119032654e740cf5063ff7cc95adf1b0e4a6f2ee4fa36c39f098d96d4ecdc2e781923,common/temp/pnpm-store/v3/files/ed/31e9be25418391c15e2ef6416a7c80294ee124a80070e24ec63188ea576d9c9ea9c1ffaf51b54509bf6771d3d758ebe5f2f71e287b919b83a29e93b636dbfb781923,common/temp/pnpm-store/v3/files/c3/33361a084c4c92fd231c27060035a254b55b07a2bfc23cdb7efa2bbd1804e83160c6c2c102cd7d52fb640aa322d930833c95c97f102b2d7444bcebd498391a781921
[NX v22.6.1 Daemon Server] - 2026-03-22T09:31:42.178Z - Time taken for 'hash changed files from watcher' 21.475666000000274ms
[NX v22.6.1 Daemon Server] - 2026-03-22T09:31:42.211Z - [WATCHER]: Processing file changes in outputs
[NX v22.6.1 Daemon Server] - 2026-03-22T09:31:42.212Z - [WATCHER]: 15 file(s) created or restored, 0 file(s) modified, 15 file(s) deleted
[NX v22.6.1 Daemon Server] - 2026-03-22T09:31:42.212Z - [SYNC]: clearing sync generators cache due to file changes
Time taken for 'plugin worker 78255 code loading' 49.32975ms
Time taken for 'plugin worker 78256 code loading' 48.404166000000004ms
Time taken for 'plugin worker 78254 code loading' 49.097334000000004ms
[NX v22.6.1 Daemon Server] - 2026-03-22T09:31:42.252Z - Time taken for 'start-plugin-worker:nx/js/dependencies-and-lockfile' 74.97312500000044ms
[NX v22.6.1 Daemon Server] - 2026-03-22T09:31:42.252Z - Time taken for 'start-plugin-worker:nx/core/package-json' 74.44650000000001ms
[NX v22.6.1 Daemon Server] - 2026-03-22T09:31:42.252Z - Time taken for 'start-plugin-worker:nx/core/project-json' 74.20424999999886ms
Time taken for 'nx/js/dependencies-and-lockfile:createNodes' 0.8714999999999975ms
[NX v22.6.1 Daemon Server] - 2026-03-22T09:31:42.263Z - Time taken for 'build-project-configs' 80.76862499999879ms
[NX v22.6.1 Daemon Server] - 2026-03-22T09:31:42.263Z - Time taken for 'createNodes:merge' 0.16066700000010314ms
[NX v22.6.1 Daemon Server] - 2026-03-22T09:31:42.263Z - Time taken for 'get-all-workspace-files' 1.5321249999997235ms
Time taken for 'build typescript dependencies' 0.040915999999995734ms
[NX v22.6.1 Daemon Server] - 2026-03-22T09:31:42.265Z - [SYNC]: collect registered sync generators
[NX v22.6.1 Daemon Server] - 2026-03-22T09:31:42.265Z - [SYNC]: project graph hash is the same, not collecting task sync generators
[NX v22.6.1 Daemon Server] - 2026-03-22T09:31:42.265Z - [SYNC]: nx.json hash is the same, not collecting global sync generators
[NX v22.6.1 Daemon Server] - 2026-03-22T09:31:42.265Z - Time taken for 'total execution time for createProjectGraph()' 4.06237499999952ms
[NX v22.6.1 Daemon Server] - 2026-03-22T09:31:42.265Z - Time taken for 'createDependencies' 2.848291000000245ms
[NX v22.6.1 Daemon Server] - 2026-03-22T09:31:42.265Z - Time taken for 'nx/js/dependencies-and-lockfile:createDependencies' 2.8287079999990965ms
[NX v22.6.1 Daemon Server] - 2026-03-22T09:31:42.265Z - Time taken for 'createMetadata' 0.005916999998589745ms
[NX v22.6.1 Daemon Server] - 2026-03-22T09:31:42.265Z - Time taken for 'serialize graph' 0.1454169999997248ms
[NX v22.6.1 Daemon Server] - 2026-03-22T09:31:42.282Z - [WATCHER]: 37 file(s) created or restored, 0 file(s) modified, 38 file(s) deleted
[NX v22.6.1 Daemon Server] - 2026-03-22T09:31:42.282Z - [SYNC]: clearing sync generators cache due to file changes
[NX v22.6.1 Daemon Server] - 2026-03-22T09:31:42.282Z - [WATCHER]: Processing file changes in outputs
[NX v22.6.1 Daemon Server] - 2026-03-22T09:31:42.321Z - [REQUEST]: Updated workspace context based on watched changes, recomputing project graph...
[NX v22.6.1 Daemon Server] - 2026-03-22T09:31:42.321Z - [REQUEST]: common/temp/pnpm-store/v3/files/8d/609d64d4e3f7b92e6cb047b2c416902f59f67b716cfc1b030ff4a745f78e2cb65caab8fa38d39cf28e3997fe35ccc24c2e6b1c02de7a39e821467bdee70561,common/temp/pnpm-store/v3/files/e0/cbbea1d9e2a920bc032953c291e6e51166b086723640cd69d93035e193232beb90de1c3846bd4a2f46d1171ae3c569a29c35cde10a501b0a119fbed3b2d58d,common/temp/pnpm-store/v3/files/46/dbcc5a2621794958548519a375928c818e468c2d3ad4d1e475f97f81e96ef5124fb132917bf044e28fe58a1fa100bacde07e9f76b3288b4c8d926c8bc1fc30,common/temp/pnpm-store/v3/files/91/a7db8f191e6ec90d25a096744191ea3b8d970b8b526045f4e475b317a001d7612d6bc48dea47f7de6f78279969da1a974c80d4497a3547528f97589117e5ad,common/temp/pnpm-store/v3/files/58/a15709fd719141d0cf4a756826313b0957b72cad557815ad60861fb8b7b0c12912132b4e54b5d5105ba202680ef9ddfbe7a18d83a51b940aceb32b711c4e4c,common/temp/pnpm-store/v3/files/af/de59eec1393dc62f8b7abd16b94c25b499a7ba512a3afdd2acd0bb20ccb6c28613fec96d9b89ba10e0624e08a3d8d1605a14e949bbfd92936e302ed5c57905,common/temp/pnpm-store/v3/files/83/2c54f8034990714e4c0b06c330213a39b3c9cbf4fe9880d59ea600188d450c3f61995529246b50112cd084fea0fbc61c162338b70fc7e0d33c2e1390fb4355,common/temp/pnpm-store/v3/files/e3/582994b98cbb4fe1133b5e0339a09a75034ce98ebfc5e0626680cd41cc61530158082790b04b78ae05152f8917524c4f37c3b8ad8eea045b91816ddfe240f7,common/temp/pnpm-store/v3/files/30/454209572c65e1986226709801b8f6b036fa561552f2aeee4dec64c35ecedde679664bd0fa8e9a7d79064f2499d9df6e2031f7084f57889546f1ea6860b403,common/temp/pnpm-store/v3/files/dd/4756155ebe5c7919cb6ed09a46b1fdde9c72fa4ddc3cbc085bbf8cb0396eda7919dafbeaabf6985be6a9e2afabc907f896803fd12a6ba943e16a15c8f1d0bf,common/temp/pnpm-store/v3/files/c6/476106d2e72db4cc29c461333061189f6e0599cadc7e08f96e977356fecf3fc5b7d1003ee1a5e532e298eacafb266a79acb5c249b0213a8095b7a57efd3686,common/temp/pnpm-store/v3/files/d5/73091397d0a358c61fa63fede6e7c0f3811242049d3e10177d9de51d7e557757bde334201309b7ccdf6b15f53f7421570ad87bee7bebe8e400db524b69816f-index.json,common/temp/pnpm-store/v3/files/c4/df6f2234b60898a5554951eb7fd4b124a452bfe538b20d4352993cf4247b72f0a2a69d7cc2a92f3cdbad0a6ab3b822fd9c66b73f81ac44fe889afae983c045,common/temp/pnpm-store/v3/files/62/cb83812d9c174b03b59a1002cc2ff901a30a833e33f88f4d3634ef155cbd70038a2c0d276eff264f9f6381d7713d041d62f6eab67074c39c9440335bcacae9,common/temp/pnpm-store/v3/files/c9/bc7458ed7ff1b4812c459766f11dee0316dd29f7245956dd3bd7d674446c32d135035a78d37c58ad26781c0f74068e23b4ed4514499ff12cd7386bac21eeee-index.json,common/temp/pnpm-store/v3/files/18/fd8ba0ccc6287551210e257ab9870d24ab4ce091951ee863c9a914846204b1d5c7f9c438f14abccd14f5cf4fffe25c7da93ddbe764f6de812e581a02a16dd4,common/temp/pnpm-store/v3/files/4b/8557c1f61d0ed74a4397bcdb9d64183a8710298dd4c37ff096fc8a97b3551ee0eec7b6abfcef02ab62aafa1c8089f937ef0ba89745a8cc093b9edad2f31775,common/temp/pnpm-store/v3/files/fa/69061f32bca1a6493b1c76b08e2144c70daeb41d8068681c1cdaedb8e0c51b883c2fa59ee595c24621a5f1ee68e5ce2658e9cdfe8429bbc73bba4a0cf0ea54,common/temp/pnpm-store/v3/files/15/5dec8bfccd0d256b6d8041ed2dd1c1bb5816f6bb29a7b394dce3c1c46ccb73298a0f8f96472cde027203b85a449f605d6cfb0e7329536321c9d3556e36c6d3,common/temp/pnpm-store/v3/files/0d/4fcdf19420fc40ee7bf308d159f00471147f3d0b138b7f7f9cfd4d4a764563425abf2548b34ca7a3c541b79bc7018f4a7f9a05b96aee729dc83808cd90bb65,common/temp/pnpm-store/v3/files/23/24afffaeb6841ebaff50acd57b5d71a079a2b523869eee809beba7162a00231aa52117b32e1b8cb1a0f112602fb0148e432d04f047f39c3ccc00e1696c838a,common/temp/pnpm-store/v3/files/05/7d310f8aa952db86d74d98cba3cccbc0c7d425b38707e90379e170bc7ff9ea3e1b28a27eae9c8c29eeab31b4a42974ac5f3dda38fb9b4d75c80144132cb7a2,common/temp/pnpm-store/v3/files/c5/0ab606bb5b05a51b3c8ca2898d8a90a61e023c66ddf50d69aac9d98b2acf1b44000e52a352ff8eed74c18d0698210d5a69783ac8bb9d90bd8f6d2d69f73355,common/temp/pnpm-store/v3/files/d2/30f996c56a81f85f0917578ce7c1df0273b9284c85c65352a3afb5206fb8bb80220d688d76befb6d8a5a74aab19d33f4ec089fc71663d5add2ce4cd3b8eaa4,common/temp/pnpm-store/v3/files/43/f35463c234a8e08c4bc9ffae3e7d15141f17d9fdc121014d0de4fd6ce6c341bfa9459e80ca54905923a156b5fb494847f66a9f44883f06111b070d0f518048,common/temp/pnpm-store/v3/files/f7/9ec3d94f8d1005229d7e194d7c7638f8b90dc7e3290e30cbf052d33eb548829e1850fe1e5781f1915c3a9459d9da8dd2c4f04b3b5c6ec6068ab42b4f4c5761,common/temp/pnpm-store/v3/files/d6/7701802e02a5227cc35f55912e5b5dd624cffbbdf3c5e21c37cdd5526813f8fc7a2e5e2e9b479db8fea888cd1eb86853ff2b2fb19c302cbba921918dea9857,common/temp/pnpm-store/v3/files/7f/879144419689de707ed7384856e2277747ee941e1aed6594cc42e4857a938f00a526b1eff10f80ca8c927d5052d643694e92b3087085fa114c62e9d60eb65c,common/temp/pnpm-store/v3/files/eb/a624d913b1217f1d8a98e49cc0d4dc2c1af2342ef321318fe7d07577fc070a7359a13204461de187662d918b699015a6de0b125b2eb12a15b6fa951af38c75,common/temp/pnpm-store/v3/files/f3/673aee74cbec1874c996221636787ebf972e95ce0bdf41e06ba1b4a7bee600dbbcc5a4d02fa33573a574a0fdbe0bb0178a3f59a56e9dd54fb4d3e33a8b5c8c,common/temp/pnpm-store/v3/files/b2/8945ecfe88c3405ff44cc20bea251312d17e79d7f63abf77e31e64d040b9c563923d8ed22141254074b09275b85f98635f516b84ab3e234925c47f0add8595,common/temp/pnpm-store/v3/files/a6/8853dae75117f08253b1a76caf168d3c6725f224e3d2674eeed2b2aab04af6a46ec336ec4d2b5fd0688c2a409e3c9a8924b5099accc47125c6802a644b81b1,common/temp/pnpm-store/v3/files/03/e66dc1f1186eedc1ff8a838034426197859e5e35ea7bddb30f5a19e36807e268208d5957659f79218240efdc33b7718174cc862f851764bfc6db77cfe8ed9a,common/temp/pnpm-store/v3/files/cf/d38d8eeeb6310eb0e21988a3830a6fddf4305968fb5da8ea69cae79271ecc1475de8f8aa974e1332d7d367806e8f213b986597b676bdbe322b9c15a5795d18,common/temp/pnpm-store/v3/files/94/ef279b467aefaf49938eee3942041d6a61ce29e65ef7d6e3a682c71fe8f2a727c3b6bb0a89a9cbc7a717e4b9d1a2249f9609fe2f6edd580d95138b8e975447,common/temp/pnpm-store/v3/files/e0/b09cb1efd4d8c1d9eb71c025513ebfbd68ef239d21ee1c67bd16a5ff03fc8ca30ca6102d5e460f8e81fa14938c9b2f5793f3b63bc7a14e7cd047edc630d915-index.json,common/temp/pnpm-store/v3/files/76/75f7b68e285fd82b77cbc75c172b76cb9e34f33820fb4e0400f7e5e2ed28972b52308158a4c918d8254f891ffae5713ff224a300e0c338b1f65d1fb2e39958,common/temp/pnpm-store/v3/files/e8/91b224896792a012f9d5d85d3fd64d25808f792a36cefed6e7dfd1abf887b9bb60ad63fff8e3451fd63901f6db9174717231267ea5f6b539600c8e9b03de33,common/temp/pnpm-store/v3/files/66/379ea49194373c47d0eaa8dfde6773a31cfd2445fa63531af39ab2c7a7992bafb4752d5ffe04a79d3fe472bf2c5725ff540c38636ea6899d765f114a01413d,common/temp/pnpm-store/v3/files/08/dd63d0f9867b0295878a282e0bdd506fe6e5676d157273669297f859c1ae74552b263bb95141f6e34ddada35bba799e662f363ee3e0d4300932519559e92ed,common/temp/pnpm-store/v3/files/a4/c63706980dc9f5d70fee7884842a82b46bb0d5db23a516056b519d5489f7b0a9558d7297d49c5633ffed83d0a5dfc18290b3cae6d5d02856c50c743241aad5,common/temp/pnpm-store/v3/files/cc/2cb296734e5d3fa89d2f859704da2f146f6a789dbbdcb207281341672c13bb595a53eab9a929a7015b75bb1052c73d4d830a0ddfe64e22a16101f95af696d0,common/temp/pnpm-store/v3/files/d6/1cb376538ed2594ea8ed9f3c082ce4e3264b6bba4598ff481f1b0ebcce606f34c00584b19d684fee040ec0c2f06c581d08efa47c0c69b521ab6f7331250cae,common/temp/pnpm-store/v3/files/ce/9872bf2e61e4dd4a8dbad2e882e2885d30a1953384ad2db89c2f61f6b6a99fcbe7ab2ad05f8384e986ba3110cfe4b771cd644d7febb2448eea82877c60662c,common/temp/pnpm-store/v3/files/ed/a3c3b99e6c4ba68a5b0e3682a2bbec91a89ebf6d5ffac7b37d003fd2038c3d6b0e942b06f19092cbb1297cc52749373a6adad10a779fe7a5525ee432f53e75,common/temp/pnpm-store/v3/files/2f/1dac8aeb6170b8eff012fd02020d71479ad56433d79cfd7b5bb10d6ac678bfa5d25c5710820c12910a548729c77eb2d98e88e96b1667bcb77d48ba89d8ecb5,common/temp/pnpm-store/v3/files/9f/fead6bb32c5d3477d2ce08587e28ebc716103392ea9b7063625090836d8b535acd24b0c9d8423e7367d2ce8dc3a2df65b223b6ee778519406cbff10fb866f4,common/temp/pnpm-store/metadata-v1.3/registry.npmjs.org/confbox.json,common/temp/pnpm-store/v3/files/cc/4d882dba4e6287dd377e6c6bdd5bd086143d1dcc8d7d3bde9c167d67e67c87e7c3b15ff2c3b61f601382f0b27f668e7c6cf4e323d019a27b621cd3685375af,common/temp/pnpm-store/v3/files/d9/bc30d645a28c0cf882dfcd69f98cb8880edea9c781f042a5e30a5b167a0a9a69206763f140d5ace879398ae3fe1f7e0450e8bee8601caaee31758e9ce9f901,common/temp/pnpm-store/metadata-v1.3/registry.npmjs.org/yocto-queue.json,common/temp/pnpm-store/v3/files/04/0ce18fc36f66116fd2ebcd6e50cf24a98f15d6322f9ff5fc7a9d5461a0e140b1bf88033c6686a511fe9993a27e8d0e3d6d2000b10cd8d02b30dab4b7cd5ff2
[NX v22.6.1 Daemon Server] - 2026-03-22T09:31:42.321Z - [REQUEST]: common/temp/pnpm-store/v3/files/dd/4756155ebe5c7919cb6ed09a46b1fdde9c72fa4ddc3cbc085bbf8cb0396eda7919dafbeaabf6985be6a9e2afabc907f896803fd12a6ba943e16a15c8f1d0bf781922,common/temp/pnpm-store/v3/files/d5/73091397d0a358c61fa63fede6e7c0f3811242049d3e10177d9de51d7e557757bde334201309b7ccdf6b15f53f7421570ad87bee7bebe8e400db524b69816f78192,common/temp/pnpm-store/v3/files/c4/df6f2234b60898a5554951eb7fd4b124a452bfe538b20d4352993cf4247b72f0a2a69d7cc2a92f3cdbad0a6ab3b822fd9c66b73f81ac44fe889afae983c045781921,common/temp/pnpm-store/v3/files/e0/cbbea1d9e2a920bc032953c291e6e51166b086723640cd69d93035e193232beb90de1c3846bd4a2f46d1171ae3c569a29c35cde10a501b0a119fbed3b2d58d781922,common/temp/pnpm-store/v3/files/c6/476106d2e72db4cc29c461333061189f6e0599cadc7e08f96e977356fecf3fc5b7d1003ee1a5e532e298eacafb266a79acb5c249b0213a8095b7a57efd3686781921,common/temp/pnpm-store/v3/files/af/de59eec1393dc62f8b7abd16b94c25b499a7ba512a3afdd2acd0bb20ccb6c28613fec96d9b89ba10e0624e08a3d8d1605a14e949bbfd92936e302ed5c57905781921,common/temp/pnpm-store/v3/files/c9/bc7458ed7ff1b4812c459766f11dee0316dd29f7245956dd3bd7d674446c32d135035a78d37c58ad26781c0f74068e23b4ed4514499ff12cd7386bac21eeee78192,common/temp/pnpm-store/v3/files/8d/609d64d4e3f7b92e6cb047b2c416902f59f67b716cfc1b030ff4a745f78e2cb65caab8fa38d39cf28e3997fe35ccc24c2e6b1c02de7a39e821467bdee70561781921,common/temp/pnpm-store/v3/files/30/454209572c65e1986226709801b8f6b036fa561552f2aeee4dec64c35ecedde679664bd0fa8e9a7d79064f2499d9df6e2031f7084f57889546f1ea6860b403781922,common/temp/pnpm-store/v3/files/46/dbcc5a2621794958548519a375928c818e468c2d3ad4d1e475f97f81e96ef5124fb132917bf044e28fe58a1fa100bacde07e9f76b3288b4c8d926c8bc1fc30781922,common/temp/pnpm-store/v3/files/58/a15709fd719141d0cf4a756826313b0957b72cad557815ad60861fb8b7b0c12912132b4e54b5d5105ba202680ef9ddfbe7a18d83a51b940aceb32b711c4e4c781921,common/temp/pnpm-store/v3/files/83/2c54f8034990714e4c0b06c330213a39b3c9cbf4fe9880d59ea600188d450c3f61995529246b50112cd084fea0fbc61c162338b70fc7e0d33c2e1390fb4355781921,common/temp/pnpm-store/v3/files/e3/582994b98cbb4fe1133b5e0339a09a75034ce98ebfc5e0626680cd41cc61530158082790b04b78ae05152f8917524c4f37c3b8ad8eea045b91816ddfe240f7781922,common/temp/pnpm-store/v3/files/91/a7db8f191e6ec90d25a096744191ea3b8d970b8b526045f4e475b317a001d7612d6bc48dea47f7de6f78279969da1a974c80d4497a3547528f97589117e5ad781922,common/temp/pnpm-store/v3/files/62/cb83812d9c174b03b59a1002cc2ff901a30a833e33f88f4d3634ef155cbd70038a2c0d276eff264f9f6381d7713d041d62f6eab67074c39c9440335bcacae9781921,common/temp/pnpm-store/v3/files/43/f35463c234a8e08c4bc9ffae3e7d15141f17d9fdc121014d0de4fd6ce6c341bfa9459e80ca54905923a156b5fb494847f66a9f44883f06111b070d0f518048781922,common/temp/pnpm-store/v3/files/a6/8853dae75117f08253b1a76caf168d3c6725f224e3d2674eeed2b2aab04af6a46ec336ec4d2b5fd0688c2a409e3c9a8924b5099accc47125c6802a644b81b1781922,common/temp/pnpm-store/v3/files/05/7d310f8aa952db86d74d98cba3cccbc0c7d425b38707e90379e170bc7ff9ea3e1b28a27eae9c8c29eeab31b4a42974ac5f3dda38fb9b4d75c80144132cb7a2781922,common/temp/pnpm-store/v3/files/94/ef279b467aefaf49938eee3942041d6a61ce29e65ef7d6e3a682c71fe8f2a727c3b6bb0a89a9cbc7a717e4b9d1a2249f9609fe2f6edd580d95138b8e975447781922,common/temp/pnpm-store/v3/files/ce/9872bf2e61e4dd4a8dbad2e882e2885d30a1953384ad2db89c2f61f6b6a99fcbe7ab2ad05f8384e986ba3110cfe4b771cd644d7febb2448eea82877c60662c781921,common/temp/pnpm-store/v3/files/e8/91b224896792a012f9d5d85d3fd64d25808f792a36cefed6e7dfd1abf887b9bb60ad63fff8e3451fd63901f6db9174717231267ea5f6b539600c8e9b03de33781922,common/temp/pnpm-store/v3/files/c5/0ab606bb5b05a51b3c8ca2898d8a90a61e023c66ddf50d69aac9d98b2acf1b44000e52a352ff8eed74c18d0698210d5a69783ac8bb9d90bd8f6d2d69f73355781922,common/temp/pnpm-store/v3/files/a4/c63706980dc9f5d70fee7884842a82b46bb0d5db23a516056b519d5489f7b0a9558d7297d49c5633ffed83d0a5dfc18290b3cae6d5d02856c50c743241aad5781922,common/temp/pnpm-store/v3/files/d9/bc30d645a28c0cf882dfcd69f98cb8880edea9c781f042a5e30a5b167a0a9a69206763f140d5ace879398ae3fe1f7e0450e8bee8601caaee31758e9ce9f901781922,common/temp/pnpm-store/v3/files/18/fd8ba0ccc6287551210e257ab9870d24ab4ce091951ee863c9a914846204b1d5c7f9c438f14abccd14f5cf4fffe25c7da93ddbe764f6de812e581a02a16dd4781921,common/temp/pnpm-store/v3/files/23/24afffaeb6841ebaff50acd57b5d71a079a2b523869eee809beba7162a00231aa52117b32e1b8cb1a0f112602fb0148e432d04f047f39c3ccc00e1696c838a781922,common/temp/pnpm-store/v3/files/cc/2cb296734e5d3fa89d2f859704da2f146f6a789dbbdcb207281341672c13bb595a53eab9a929a7015b75bb1052c73d4d830a0ddfe64e22a16101f95af696d0781922,common/temp/pnpm-store/v3/files/d6/7701802e02a5227cc35f55912e5b5dd624cffbbdf3c5e21c37cdd5526813f8fc7a2e5e2e9b479db8fea888cd1eb86853ff2b2fb19c302cbba921918dea9857781922,common/temp/pnpm-store/v3/files/15/5dec8bfccd0d256b6d8041ed2dd1c1bb5816f6bb29a7b394dce3c1c46ccb73298a0f8f96472cde027203b85a449f605d6cfb0e7329536321c9d3556e36c6d3781922,common/temp/pnpm-store/v3/files/0d/4fcdf19420fc40ee7bf308d159f00471147f3d0b138b7f7f9cfd4d4a764563425abf2548b34ca7a3c541b79bc7018f4a7f9a05b96aee729dc83808cd90bb65781922,common/temp/pnpm-store/metadata-v1.3/registry.npmjs.org/yocto-queue.json_tmp_78192,common/temp/pnpm-store/v3/files/eb/a624d913b1217f1d8a98e49cc0d4dc2c1af2342ef321318fe7d07577fc070a7359a13204461de187662d918b699015a6de0b125b2eb12a15b6fa951af38c75781922,common/temp/pnpm-store/v3/files/08/dd63d0f9867b0295878a282e0bdd506fe6e5676d157273669297f859c1ae74552b263bb95141f6e34ddada35bba799e662f363ee3e0d4300932519559e92ed781921,common/temp/pnpm-store/v3/files/f7/9ec3d94f8d1005229d7e194d7c7638f8b90dc7e3290e30cbf052d33eb548829e1850fe1e5781f1915c3a9459d9da8dd2c4f04b3b5c6ec6068ab42b4f4c5761781922,common/temp/pnpm-store/v3/files/fa/69061f32bca1a6493b1c76b08e2144c70daeb41d8068681c1cdaedb8e0c51b883c2fa59ee595c24621a5f1ee68e5ce2658e9cdfe8429bbc73bba4a0cf0ea54781921,common/temp/pnpm-store/v3/files/76/75f7b68e285fd82b77cbc75c172b76cb9e34f33820fb4e0400f7e5e2ed28972b52308158a4c918d8254f891ffae5713ff224a300e0c338b1f65d1fb2e39958781922,common/temp/pnpm-store/v3/files/cf/d38d8eeeb6310eb0e21988a3830a6fddf4305968fb5da8ea69cae79271ecc1475de8f8aa974e1332d7d367806e8f213b986597b676bdbe322b9c15a5795d18781922,common/temp/pnpm-store/v3/files/e0/b09cb1efd4d8c1d9eb71c025513ebfbd68ef239d21ee1c67bd16a5ff03fc8ca30ca6102d5e460f8e81fa14938c9b2f5793f3b63bc7a14e7cd047edc630d91578192,common/temp/pnpm-store/v3/files/b2/8945ecfe88c3405ff44cc20bea251312d17e79d7f63abf77e31e64d040b9c563923d8ed22141254074b09275b85f98635f516b84ab3e234925c47f0add8595781922,common/temp/pnpm-store/v3/files/f4/16e6b4cb8a3e0d1a0b1d1064022c86a73c9380e8d33a9bb1d066a59d1c041dfcaaa5cf913d97d9345e2bd537cc3d34cab934130f9d9fd14b2a50d3b585b904781922,common/temp/pnpm-store/v3/files/cc/4d882dba4e6287dd377e6c6bdd5bd086143d1dcc8d7d3bde9c167d67e67c87e7c3b15ff2c3b61f601382f0b27f668e7c6cf4e323d019a27b621cd3685375af781922,common/temp/pnpm-store/v3/files/04/0ce18fc36f66116fd2ebcd6e50cf24a98f15d6322f9ff5fc7a9d5461a0e140b1bf88033c6686a511fe9993a27e8d0e3d6d2000b10cd8d02b30dab4b7cd5ff2781922,common/temp/pnpm-store/v3/files/d6/1cb376538ed2594ea8ed9f3c082ce4e3264b6bba4598ff481f1b0ebcce606f34c00584b19d684fee040ec0c2f06c581d08efa47c0c69b521ab6f7331250cae781922,common/temp/pnpm-store/v3/files/7f/879144419689de707ed7384856e2277747ee941e1aed6594cc42e4857a938f00a526b1eff10f80ca8c927d5052d643694e92b3087085fa114c62e9d60eb65c781922,common/temp/pnpm-store/v3/files/f3/673aee74cbec1874c996221636787ebf972e95ce0bdf41e06ba1b4a7bee600dbbcc5a4d02fa33573a574a0fdbe0bb0178a3f59a56e9dd54fb4d3e33a8b5c8c781922,common/temp/pnpm-store/v3/files/9f/fead6bb32c5d3477d2ce08587e28ebc716103392ea9b7063625090836d8b535acd24b0c9d8423e7367d2ce8dc3a2df65b223b6ee778519406cbff10fb866f4781922,common/temp/pnpm-store/v3/files/d2/30f996c56a81f85f0917578ce7c1df0273b9284c85c65352a3afb5206fb8bb80220d688d76befb6d8a5a74aab19d33f4ec089fc71663d5add2ce4cd3b8eaa4781922,common/temp/pnpm-store/v3/files/ed/a3c3b99e6c4ba68a5b0e3682a2bbec91a89ebf6d5ffac7b37d003fd2038c3d6b0e942b06f19092cbb1297cc52749373a6adad10a779fe7a5525ee432f53e75781922,common/temp/pnpm-store/metadata-v1.3/registry.npmjs.org/confbox.json_tmp_78192,common/temp/pnpm-store/v3/files/66/379ea49194373c47d0eaa8dfde6773a31cfd2445fa63531af39ab2c7a7992bafb4752d5ffe04a79d3fe472bf2c5725ff540c38636ea6899d765f114a01413d781922,common/temp/pnpm-store/v3/files/03/e66dc1f1186eedc1ff8a838034426197859e5e35ea7bddb30f5a19e36807e268208d5957659f79218240efdc33b7718174cc862f851764bfc6db77cfe8ed9a781922,common/temp/pnpm-store/v3/files/2f/1dac8aeb6170b8eff012fd02020d71479ad56433d79cfd7b5bb10d6ac678bfa5d25c5710820c12910a548729c77eb2d98e88e96b1667bcb77d48ba89d8ecb5781922,common/temp/pnpm-store/v3/files/4b/8557c1f61d0ed74a4397bcdb9d64183a8710298dd4c37ff096fc8a97b3551ee0eec7b6abfcef02ab62aafa1c8089f937ef0ba89745a8cc093b9edad2f31775781922
[NX v22.6.1 Daemon Server] - 2026-03-22T09:31:42.324Z - Time taken for 'hash changed files from watcher' 8.53295799999978ms
[NX v22.6.1 Daemon Server] - 2026-03-22T09:31:42.334Z - [WATCHER]: 11 file(s) created or restored, 0 file(s) modified, 11 file(s) deleted
[NX v22.6.1 Daemon Server] - 2026-03-22T09:31:42.334Z - [SYNC]: clearing sync generators cache due to file changes
[NX v22.6.1 Daemon Server] - 2026-03-22T09:31:42.334Z - [WATCHER]: Processing file changes in outputs
Time taken for 'plugin worker 78260 code loading' 49.986957999999994ms
Time taken for 'plugin worker 78262 code loading' 49.564ms
Time taken for 'plugin worker 78261 code loading' 50.129542ms
[NX v22.6.1 Daemon Server] - 2026-03-22T09:31:42.395Z - [WATCHER]: 37 file(s) created or restored, 0 file(s) modified, 38 file(s) deleted
[NX v22.6.1 Daemon Server] - 2026-03-22T09:31:42.395Z - [SYNC]: clearing sync generators cache due to file changes
[NX v22.6.1 Daemon Server] - 2026-03-22T09:31:42.395Z - [WATCHER]: Processing file changes in outputs
[NX v22.6.1 Daemon Server] - 2026-03-22T09:31:42.398Z - Time taken for 'start-plugin-worker:nx/js/dependencies-and-lockfile' 75.15925000000061ms
[NX v22.6.1 Daemon Server] - 2026-03-22T09:31:42.398Z - Time taken for 'start-plugin-worker:nx/core/package-json' 74.56808400000045ms
[NX v22.6.1 Daemon Server] - 2026-03-22T09:31:42.398Z - Time taken for 'start-plugin-worker:nx/core/project-json' 74.2523340000007ms
Time taken for 'nx/js/dependencies-and-lockfile:createNodes' 0.8097909999999899ms
[NX v22.6.1 Daemon Server] - 2026-03-22T09:31:42.409Z - Time taken for 'build-project-configs' 80.98833300000115ms
[NX v22.6.1 Daemon Server] - 2026-03-22T09:31:42.409Z - Time taken for 'createNodes:merge' 0.17645900000024994ms
[NX v22.6.1 Daemon Server] - 2026-03-22T09:31:42.409Z - Time taken for 'get-all-workspace-files' 1.7644580000014685ms
Time taken for 'build typescript dependencies' 0.049458000000001334ms
[NX v22.6.1 Daemon Server] - 2026-03-22T09:31:42.412Z - [SYNC]: collect registered sync generators
[NX v22.6.1 Daemon Server] - 2026-03-22T09:31:42.412Z - [SYNC]: project graph hash is the same, not collecting task sync generators
[NX v22.6.1 Daemon Server] - 2026-03-22T09:31:42.412Z - [SYNC]: nx.json hash is the same, not collecting global sync generators
[NX v22.6.1 Daemon Server] - 2026-03-22T09:31:42.412Z - Time taken for 'total execution time for createProjectGraph()' 4.655457999999271ms
[NX v22.6.1 Daemon Server] - 2026-03-22T09:31:42.412Z - Time taken for 'createDependencies' 3.28595900000073ms
[NX v22.6.1 Daemon Server] - 2026-03-22T09:31:42.412Z - Time taken for 'nx/js/dependencies-and-lockfile:createDependencies' 3.260082999999213ms
[NX v22.6.1 Daemon Server] - 2026-03-22T09:31:42.412Z - Time taken for 'createMetadata' 0.005624999999781721ms
[NX v22.6.1 Daemon Server] - 2026-03-22T09:31:42.412Z - Time taken for 'serialize graph' 0.13474999999925785ms
[NX v22.6.1 Daemon Server] - 2026-03-22T09:31:42.444Z - [REQUEST]: Updated workspace context based on watched changes, recomputing project graph...
[NX v22.6.1 Daemon Server] - 2026-03-22T09:31:42.444Z - [REQUEST]: common/temp/pnpm-store/metadata-v1.3/registry.npmjs.org/ufo.json,common/temp/pnpm-store/v3/files/ea/cb6e7d02d749b0a7f792a6a9f3ae0ca27cece9138ba8c27fa7bb477f3c6f8d9e3dcbd070e39c73557cf89aaf4cd31c8aa1c388d576d752effb0a91f7c4352f,common/temp/pnpm-store/v3/files/ff/7ebf7f3e9f1d0623bd4074b81a74794bed778a6f6514bb29b26ce31ac924ff43433ebfd4b27e5accc994ef411b9ae559f316e5d6ca780914b6ad128aa75210,common/temp/pnpm-store/v3/files/64/47eeda27a1d0469f2c3ade5785e3a88878ed6ee13daf8007875351df79b0b425f94987bde4a023a924bd4bd1778c7e6c167f8c68f0a74f36a9e3fe22caf0d6,common/temp/pnpm-store/v3/files/d1/36f82aa092f4ee4df77f8c0fe528c50f734bf0618e9b2116236199f9bc749ae77f866ab66a222c309f46c0819971ca013cd6743c7fdfa869277506cc49f6d3,common/temp/pnpm-store/v3/files/6a/bf0d14f6a47ecf219a77e34e21ab8245b9a305552993d89ab7925e123b8e117566730a593020600b67c6ad27a1c89186ff8b8b09495c495bbcf3623ce729e2,common/temp/pnpm-store/v3/files/1a/5619fa3f71e808a491734280abdb3aa5f790a044112e508a7a4f0835b136aef0ef0ff8afac0588af612b4dfef298c908eefc980554b6b0f6196861eb89cb6c-exec,common/temp/pnpm-store/v3/files/44/cb66c3488591e478615f9f50e4ae72b88040d6fd83ccc5479d8c582b65f9c09938544d2facde077f79bcfcc58448e39f87ccc57b9d9842e797f285fd6acaeb-index.json,common/temp/pnpm-store/v3/files/0d/fcc84075c07082e5f46218fafbb2eced6f1ea26031155665c35a18b66c94d60701f5e642aa26b431a6c1172c38a955bea9efe2d2bf745ffc5c068f764bb7e2,common/temp/pnpm-store/v3/files/f4/16e6b4cb8a3e0d1a0b1d1064022c86a73c9380e8d33a9bb1d066a59d1c041dfcaaa5cf913d97d9345e2bd537cc3d34cab934130f9d9fd14b2a50d3b585b904,common/temp/pnpm-store/v3/files/0f/0a97a99cae9390225967f751f2e2443279103778f7383a3bdc1c959ee450cbf659116be072a35e9ff9b7c259d7541b41f512ebf71108a1b0621b4d018f3c91-index.json,common/temp/pnpm-store/v3/files/db/c0dbead6660f09962213aaae951db00e876607900c56eaf3e88ef49e2d093686cb2810fcebb36a2793dfc5c23f2bb128240c1b6fa782e3a212f070cdc1687c,common/temp/pnpm-store/v3/files/d7/106a80743785e586aa07791b5374793030ddbab79cf6a9d60cd2908e62cbaecb63f9fbff24f416bb09d063a2d0e01bef22631ad3856120dd2711b6ea9de583,common/temp/pnpm-store/v3/files/a6/544aae4fb967b171d5d58ba7c7972ef3734e6829936677813c1000f1ce591fd50a24d03acacde8434dfae7411bd4ec8f7e0d7eedb5623994fab4227c5069d1,common/temp/pnpm-store/v3/files/98/6c243c7be9864a9f278e2a2d12d5643c68651e91e9fdfbfd81261963198b3e21bc210121cd0777550266c23f1a0f3904f5779d0880c928ba5150c1e9deb523,common/temp/pnpm-store/v3/files/6d/ac2f4aca359dcc025af3bd6ec43ee71cef5befe7648a4da32040f4d097b6adcb2672da3e25aef985704c9ae25dfdffd853ff72216f47a35ba8f3c7069d32ef,common/temp/pnpm-store/v3/files/f1/da96b026db9230e9cfa932f800e3d0151eafd4120444e46580184df1dafbd3c005938e4a7ab641905661b6f443a08fb1f5eec75a766cbe652ca96b219f2d8f,common/temp/pnpm-store/v3/files/d2/d2ac21f3c94ad5c63c301acfbc7a3a078cf20206a7e28961968b8c90adfe8c1bc4ae19c4f05196ddd1cc9ca64edd1b6273bc2d1d0535fc72aac489a558308d,common/temp/pnpm-store/v3/files/77/c80933679e4c18646c590282f858e00fb3e256fd537bf71aff7fa911e33397c0d27ff31b902b1c6295fe25daf34efa5fe3c36fab6a154c4a8af159215dd336,common/temp/pnpm-store/v3/files/e4/19bd6fa4476d0bd65babfd4490656851a6f02a74191a713ae95832ab5ebfb74eec32852a5143db817666ef081f2e009fb67fc25d3241beffae69810e056ace,common/temp/pnpm-store/v3/files/ca/8a1b59bd71952c56cf364350463eb0429c859c0118bf19fa39f65a755e7aef65787e35091b74371e7a12ee1624f0e763469570d03115f9fd28e76a42e3a0fd,common/temp/pnpm-store/v3/files/35/f786beb17203d1028d32dfa57b9aef9e1a095109a3579bd63f5a2aa90fd91362ec9470157412beed41db940e491755589dd823c7dc4746a87c5b55dd52e3e7,common/temp/pnpm-store/v3/files/88/7e1a3ff68b63057b4cabaed4d89722d4768bfd753c32b1803b3815dfd692168310fa526da1caf55babf262e57f278ad98ef98498be4a7f35232bfa3364d9a8,common/temp/pnpm-store/metadata-v1.3/registry.npmjs.org/loupe.json,common/temp/pnpm-store/v3/files/ab/95fb9d4d8549ad7886bace865a455d99ae6d8cde2815f674f312df04fce9d1656489c24e1a819a5274266f7b306a16fe05b5efd3667424494e3e435db4d91c,common/temp/pnpm-store/v3/files/67/f149d4d361af41c43a16c80d5a45f21bc85d6eb1759cfea28da4994fd6ed915d197fc6da98f58fcce4a178c7d451193ff128e71f6ae635a031ce8d90a60066,common/temp/pnpm-store/v3/files/a1/26b5f2212fc46f123e9525e2589b3ce4b0e0ce57ded8b3e0804fc78e1191482c25182e2062bf995c007e8b64ead2e4d580161e714da2eb9b0ac607261c26e1,common/temp/pnpm-store/v3/files/f6/bd73127b651631a7f2568b0ac16745fba77539f4355e00311b2ebabc358ea2696af7b437349cea7b385135fdd7b0aaf9b376d9336b57c2c7dc15885444eea5,common/temp/pnpm-store/v3/files/7f/30b9f8e98c384bde48af96ef10f3f129465b881213686b0e995ac6dfdd68e0b3b69cf53fbf2eda02053e1fe73c64a639ec18748f9eb3c4ec4fc0d3a03c6032,common/temp/pnpm-store/v3/files/d6/6538fbedb92a95586a55cdf494724360cad141c007f9e1f514061b3c1dcea75e106b64ef8e16a41a2ff304cabedf0d0fc2049fa6e1aadff56087a6900c6235,common/temp/pnpm-store/v3/files/0d/a9cbc7eab4b7a6e8084908581dec769212b2bac4bf7439daabcc3e0adce542e1e6356576a4bb4476435326d22e006a7382f2bc384c9bc493e8d3fb4e4ad0a5,common/temp/pnpm-store/v3/files/cd/230834655891da5848e0662e2d03d54a3b254f6755d40aac7c42f1e62557ef5828af5678fa8094bee54a5a2b1bf536170d70d214c199a6bf8eb43751b3c7b4-index.json,common/temp/pnpm-store/v3/files/fd/97cdb02ef706e8073ac55fd62e95c15902cb36882ce5da25275f83bb52e5f422298f6bc97c9a7502b67346da44fad6ebe92534270e094c93d6e7028d210fb9,common/temp/pnpm-store/v3/files/ee/9767791f86f17e21d4f6fe73c245d2ea28c02e960b34173ee2a37a2183dff87faa478d82599368fa21db108f7a3eaef00134067db985cfed4f86c55f5b54bf,common/temp/pnpm-store/metadata-v1.3/registry.npmjs.org/ansi-styles.json,common/temp/pnpm-store/v3/files/ad/9a494c414c275add13fc0a47ba6bbe095999bce9a1def9ee753c4fc29b2c760ddf52a6201511218bf002258e3be337d9aa59987b06c601f83254af0f4d6058,common/temp/pnpm-store/v3/files/c8/32539a1c9dbe5e65273066cbf87238003477e6aa081bb097cd7c85a55d60246b595f38a3b6327959b84255474ada8daeb2524dbea32ae14056a005b2bf8add-index.json,common/temp/pnpm-store/v3/files/42/3e7781783342e16316d546cc9b43fcc285db354eef0a5815e1bea3df885e34a168a78bb09e17e9ccd524d82a88dd54cf344abc3b0afe5ed04d438a5338a32c,common/temp/pnpm-store/v3/files/2f/7973dccfc1123cc428c5d32b5c03f7c76d768c3d7ddeb57da186792e945d6ffa3ba77798bf8ce8660c00bd8f3414e2bbc1665f70e6551599c82fa3441fded7,common/temp/pnpm-store/v3/files/f0/9e958c96d38271d7d6a2b7c46ae87c3b48930098898745158b6b7256c722c59bd6ba2cbbffb2790253cb28236938fd3e2f3edf53a23d5b9176a2b7ac7cdff8,common/temp/pnpm-store/v3/files/b6/f5ce03c4733a1fe342fa195b622923cd6185f3634f88d5f0d35cd6c42508cd64775e01a5198241e82ae9db1111bc7a4be0a1ab5090c7f7174a06afaf1b2654,common/temp/pnpm-store/v3/files/40/a8c86f571a88710608e374ae395643d865eea1127d87d39fa2a4e05aa1a3a535ee467ec7b0a82ed220340ebfa3f07096229dcd4265769d0436ce832eacecbd,common/temp/pnpm-store/v3/files/c7/267b2ea76de43a180109587f6be3b6e870fb8c3c8f5f75919ba539b47965316008459c0cae39c653e7c104f770184ddf95bde1b7b1a0bd2474672c101daeb0,common/temp/pnpm-store/v3/files/7b/4623018a46e63477465a1e49368cce878110ea7a6b59d0c12d7518fa9b43c48cadcd8a7d5243f7cc4d70b0b8c935444b052a6d3c2e9d3da0eefed7fd4f641c,common/temp/pnpm-store/v3/files/4f/ce440462ad9820dafb663601aa6aef7e2da301b5ad53ffd9398c0ab513c3b267d26da8f624bf56329fbcac62c9676fd072b1ca453fdb697f2c165cedeb897b,common/temp/pnpm-store/v3/files/6f/4899c338cd7f4086e1d9c588301f360094fee5a78c7cd3af0a94e550615ee29acda9c809599d0b0e7a7a8a29081b54fe87f4a616ce730b6800c7de6ded76fe,common/temp/pnpm-store/v3/files/30/81501f949796902ad90fac37a42af747a1b5d2326a6727ff9c51ea33f84be29e74f3330bd361d3fc58d51db368f964c9a9218e1cb5c7fd2918243798ac455e,common/temp/pnpm-store/v3/files/ff/a64e3e9122e681bbe30492afc35b462aa1f3f467c60ddb23a9d791819add04656040b2c9efc713f9b6e65713f650f1acbb9e031271de7ef8df4d95e7067ec2
[NX v22.6.1 Daemon Server] - 2026-03-22T09:31:42.444Z - [REQUEST]: common/temp/pnpm-store/v3/files/f4/16e6b4cb8a3e0d1a0b1d1064022c86a73c9380e8d33a9bb1d066a59d1c041dfcaaa5cf913d97d9345e2bd537cc3d34cab934130f9d9fd14b2a50d3b585b904781922,common/temp/pnpm-store/v3/files/ff/7ebf7f3e9f1d0623bd4074b81a74794bed778a6f6514bb29b26ce31ac924ff43433ebfd4b27e5accc994ef411b9ae559f316e5d6ca780914b6ad128aa75210781923,common/temp/pnpm-store/v3/files/ea/cb6e7d02d749b0a7f792a6a9f3ae0ca27cece9138ba8c27fa7bb477f3c6f8d9e3dcbd070e39c73557cf89aaf4cd31c8aa1c388d576d752effb0a91f7c4352f781922,common/temp/pnpm-store/v3/files/6a/bf0d14f6a47ecf219a77e34e21ab8245b9a305552993d89ab7925e123b8e117566730a593020600b67c6ad27a1c89186ff8b8b09495c495bbcf3623ce729e2781922,common/temp/pnpm-store/v3/files/64/47eeda27a1d0469f2c3ade5785e3a88878ed6ee13daf8007875351df79b0b425f94987bde4a023a924bd4bd1778c7e6c167f8c68f0a74f36a9e3fe22caf0d6781922,common/temp/pnpm-store/v3/files/0f/0a97a99cae9390225967f751f2e2443279103778f7383a3bdc1c959ee450cbf659116be072a35e9ff9b7c259d7541b41f512ebf71108a1b0621b4d018f3c9178192,common/temp/pnpm-store/v3/files/d1/36f82aa092f4ee4df77f8c0fe528c50f734bf0618e9b2116236199f9bc749ae77f866ab66a222c309f46c0819971ca013cd6743c7fdfa869277506cc49f6d3781923,common/temp/pnpm-store/metadata-v1.3/registry.npmjs.org/ufo.json_tmp_78192,common/temp/pnpm-store/v3/files/1a/5619fa3f71e808a491734280abdb3aa5f790a044112e508a7a4f0835b136aef0ef0ff8afac0588af612b4dfef298c908eefc980554b6b0f6196861eb89cb6cx781923,common/temp/pnpm-store/v3/files/0d/fcc84075c07082e5f46218fafbb2eced6f1ea26031155665c35a18b66c94d60701f5e642aa26b431a6c1172c38a955bea9efe2d2bf745ffc5c068f764bb7e2781922,common/temp/pnpm-store/v3/files/44/cb66c3488591e478615f9f50e4ae72b88040d6fd83ccc5479d8c582b65f9c09938544d2facde077f79bcfcc58448e39f87ccc57b9d9842e797f285fd6acaeb78192,common/temp/pnpm-store/v3/files/77/c80933679e4c18646c590282f858e00fb3e256fd537bf71aff7fa911e33397c0d27ff31b902b1c6295fe25daf34efa5fe3c36fab6a154c4a8af159215dd336781921,common/temp/pnpm-store/v3/files/cd/230834655891da5848e0662e2d03d54a3b254f6755d40aac7c42f1e62557ef5828af5678fa8094bee54a5a2b1bf536170d70d214c199a6bf8eb43751b3c7b478192,common/temp/pnpm-store/v3/files/7f/30b9f8e98c384bde48af96ef10f3f129465b881213686b0e995ac6dfdd68e0b3b69cf53fbf2eda02053e1fe73c64a639ec18748f9eb3c4ec4fc0d3a03c6032781921,common/temp/pnpm-store/v3/files/0d/a9cbc7eab4b7a6e8084908581dec769212b2bac4bf7439daabcc3e0adce542e1e6356576a4bb4476435326d22e006a7382f2bc384c9bc493e8d3fb4e4ad0a5781922,common/temp/pnpm-store/metadata-v1.3/registry.npmjs.org/loupe.json_tmp_78192,common/temp/pnpm-store/v3/files/ab/95fb9d4d8549ad7886bace865a455d99ae6d8cde2815f674f312df04fce9d1656489c24e1a819a5274266f7b306a16fe05b5efd3667424494e3e435db4d91c781922,common/temp/pnpm-store/v3/files/40/a8c86f571a88710608e374ae395643d865eea1127d87d39fa2a4e05aa1a3a535ee467ec7b0a82ed220340ebfa3f07096229dcd4265769d0436ce832eacecbd781922,common/temp/pnpm-store/v3/files/f6/bd73127b651631a7f2568b0ac16745fba77539f4355e00311b2ebabc358ea2696af7b437349cea7b385135fdd7b0aaf9b376d9336b57c2c7dc15885444eea5781922,common/temp/pnpm-store/v3/files/4f/ce440462ad9820dafb663601aa6aef7e2da301b5ad53ffd9398c0ab513c3b267d26da8f624bf56329fbcac62c9676fd072b1ca453fdb697f2c165cedeb897b781922,common/temp/pnpm-store/v3/files/7b/4623018a46e63477465a1e49368cce878110ea7a6b59d0c12d7518fa9b43c48cadcd8a7d5243f7cc4d70b0b8c935444b052a6d3c2e9d3da0eefed7fd4f641c781922,common/temp/pnpm-store/v3/files/0b/1c29b7649f4f34ed5dc7ce97318479ef0ef9cf8c994806acd8817179ee5b1b852477ba6b91f3eeac21c1ee4e81a498234209be42ea597d40486f9c24e9048878192,common/temp/pnpm-store/v3/files/67/f149d4d361af41c43a16c80d5a45f21bc85d6eb1759cfea28da4994fd6ed915d197fc6da98f58fcce4a178c7d451193ff128e71f6ae635a031ce8d90a60066781922,common/temp/pnpm-store/v3/files/f1/da96b026db9230e9cfa932f800e3d0151eafd4120444e46580184df1dafbd3c005938e4a7ab641905661b6f443a08fb1f5eec75a766cbe652ca96b219f2d8f781922,common/temp/pnpm-store/v3/files/ca/8a1b59bd71952c56cf364350463eb0429c859c0118bf19fa39f65a755e7aef65787e35091b74371e7a12ee1624f0e763469570d03115f9fd28e76a42e3a0fd781922,common/temp/pnpm-store/v3/files/ad/9a494c414c275add13fc0a47ba6bbe095999bce9a1def9ee753c4fc29b2c760ddf52a6201511218bf002258e3be337d9aa59987b06c601f83254af0f4d6058781922,common/temp/pnpm-store/v3/files/98/6c243c7be9864a9f278e2a2d12d5643c68651e91e9fdfbfd81261963198b3e21bc210121cd0777550266c23f1a0f3904f5779d0880c928ba5150c1e9deb523781922,common/temp/pnpm-store/v3/files/e4/19bd6fa4476d0bd65babfd4490656851a6f02a74191a713ae95832ab5ebfb74eec32852a5143db817666ef081f2e009fb67fc25d3241beffae69810e056ace781922,common/temp/pnpm-store/v3/files/d6/6538fbedb92a95586a55cdf494724360cad141c007f9e1f514061b3c1dcea75e106b64ef8e16a41a2ff304cabedf0d0fc2049fa6e1aadff56087a6900c6235781921,common/temp/pnpm-store/v3/files/6d/ac2f4aca359dcc025af3bd6ec43ee71cef5befe7648a4da32040f4d097b6adcb2672da3e25aef985704c9ae25dfdffd853ff72216f47a35ba8f3c7069d32ef781922,common/temp/pnpm-store/v3/files/6f/4899c338cd7f4086e1d9c588301f360094fee5a78c7cd3af0a94e550615ee29acda9c809599d0b0e7a7a8a29081b54fe87f4a616ce730b6800c7de6ded76fe781922,common/temp/pnpm-store/v3/files/db/c0dbead6660f09962213aaae951db00e876607900c56eaf3e88ef49e2d093686cb2810fcebb36a2793dfc5c23f2bb128240c1b6fa782e3a212f070cdc1687c781922,common/temp/pnpm-store/v3/files/30/81501f949796902ad90fac37a42af747a1b5d2326a6727ff9c51ea33f84be29e74f3330bd361d3fc58d51db368f964c9a9218e1cb5c7fd2918243798ac455e781922,common/temp/pnpm-store/v3/files/42/3e7781783342e16316d546cc9b43fcc285db354eef0a5815e1bea3df885e34a168a78bb09e17e9ccd524d82a88dd54cf344abc3b0afe5ed04d438a5338a32c781921,common/temp/pnpm-store/v3/files/d7/106a80743785e586aa07791b5374793030ddbab79cf6a9d60cd2908e62cbaecb63f9fbff24f416bb09d063a2d0e01bef22631ad3856120dd2711b6ea9de583781922,common/temp/pnpm-store/v3/files/d2/d2ac21f3c94ad5c63c301acfbc7a3a078cf20206a7e28961968b8c90adfe8c1bc4ae19c4f05196ddd1cc9ca64edd1b6273bc2d1d0535fc72aac489a558308d781922,common/temp/pnpm-store/v3/files/a1/26b5f2212fc46f123e9525e2589b3ce4b0e0ce57ded8b3e0804fc78e1191482c25182e2062bf995c007e8b64ead2e4d580161e714da2eb9b0ac607261c26e1781921,common/temp/pnpm-store/v3/files/2f/7973dccfc1123cc428c5d32b5c03f7c76d768c3d7ddeb57da186792e945d6ffa3ba77798bf8ce8660c00bd8f3414e2bbc1665f70e6551599c82fa3441fded7781921,common/temp/pnpm-store/v3/files/c8/32539a1c9dbe5e65273066cbf87238003477e6aa081bb097cd7c85a55d60246b595f38a3b6327959b84255474ada8daeb2524dbea32ae14056a005b2bf8add78192,common/temp/pnpm-store/metadata-v1.3/registry.npmjs.org/ansi-styles.json_tmp_78192,common/temp/pnpm-store/v3/files/ff/a64e3e9122e681bbe30492afc35b462aa1f3f467c60ddb23a9d791819add04656040b2c9efc713f9b6e65713f650f1acbb9e031271de7ef8df4d95e7067ec2781922,common/temp/pnpm-store/v3/files/fd/97cdb02ef706e8073ac55fd62e95c15902cb36882ce5da25275f83bb52e5f422298f6bc97c9a7502b67346da44fad6ebe92534270e094c93d6e7028d210fb9781921,common/temp/pnpm-store/v3/files/b6/f5ce03c4733a1fe342fa195b622923cd6185f3634f88d5f0d35cd6c42508cd64775e01a5198241e82ae9db1111bc7a4be0a1ab5090c7f7174a06afaf1b2654781921,common/temp/pnpm-store/v3/files/35/f786beb17203d1028d32dfa57b9aef9e1a095109a3579bd63f5a2aa90fd91362ec9470157412beed41db940e491755589dd823c7dc4746a87c5b55dd52e3e7781922,common/temp/pnpm-store/v3/files/88/7e1a3ff68b63057b4cabaed4d89722d4768bfd753c32b1803b3815dfd692168310fa526da1caf55babf262e57f278ad98ef98498be4a7f35232bfa3364d9a8781921,common/temp/pnpm-store/v3/files/ee/9767791f86f17e21d4f6fe73c245d2ea28c02e960b34173ee2a37a2183dff87faa478d82599368fa21db108f7a3eaef00134067db985cfed4f86c55f5b54bf781922,common/temp/pnpm-store/v3/files/c7/267b2ea76de43a180109587f6be3b6e870fb8c3c8f5f75919ba539b47965316008459c0cae39c653e7c104f770184ddf95bde1b7b1a0bd2474672c101daeb0781922,common/temp/pnpm-store/v3/files/a6/544aae4fb967b171d5d58ba7c7972ef3734e6829936677813c1000f1ce591fd50a24d03acacde8434dfae7411bd4ec8f7e0d7eedb5623994fab4227c5069d1781922,common/temp/pnpm-store/v3/files/f0/9e958c96d38271d7d6a2b7c46ae87c3b48930098898745158b6b7256c722c59bd6ba2cbbffb2790253cb28236938fd3e2f3edf53a23d5b9176a2b7ac7cdff8781922
[NX v22.6.1 Daemon Server] - 2026-03-22T09:31:42.447Z - Time taken for 'hash changed files from watcher' 9.840834000000541ms
[NX v22.6.1 Daemon Server] - 2026-03-22T09:31:42.449Z - [WATCHER]: 1 file(s) created or restored, 0 file(s) modified, 1 file(s) deleted
[NX v22.6.1 Daemon Server] - 2026-03-22T09:31:42.449Z - [SYNC]: clearing sync generators cache due to file changes
[NX v22.6.1 Daemon Server] - 2026-03-22T09:31:42.449Z - [WATCHER]: Processing file changes in outputs
Time taken for 'plugin worker 78265 code loading' 49.620915999999994ms
Time taken for 'plugin worker 78264 code loading' 49.243209ms
Time taken for 'plugin worker 78263 code loading' 49.793417ms
[NX v22.6.1 Daemon Server] - 2026-03-22T09:31:42.523Z - Time taken for 'start-plugin-worker:nx/js/dependencies-and-lockfile' 77.61599999999999ms
[NX v22.6.1 Daemon Server] - 2026-03-22T09:31:42.523Z - Time taken for 'start-plugin-worker:nx/core/package-json' 77.06145900000047ms
[NX v22.6.1 Daemon Server] - 2026-03-22T09:31:42.523Z - Time taken for 'start-plugin-worker:nx/core/project-json' 76.77054099999987ms
[NX v22.6.1 Daemon Server] - 2026-03-22T09:31:42.527Z - [WATCHER]: 10 file(s) created or restored, 0 file(s) modified, 10 file(s) deleted
[NX v22.6.1 Daemon Server] - 2026-03-22T09:31:42.527Z - [SYNC]: clearing sync generators cache due to file changes
[NX v22.6.1 Daemon Server] - 2026-03-22T09:31:42.527Z - [WATCHER]: Processing file changes in outputs
Time taken for 'nx/js/dependencies-and-lockfile:createNodes' 0.856291000000013ms
[NX v22.6.1 Daemon Server] - 2026-03-22T09:31:42.534Z - Time taken for 'build-project-configs' 83.47162500000013ms
[NX v22.6.1 Daemon Server] - 2026-03-22T09:31:42.534Z - Time taken for 'createNodes:merge' 0.14383399999860558ms
[NX v22.6.1 Daemon Server] - 2026-03-22T09:31:42.534Z - Time taken for 'get-all-workspace-files' 1.5418750000008004ms
Time taken for 'build typescript dependencies' 0.0418329999999969ms
[NX v22.6.1 Daemon Server] - 2026-03-22T09:31:42.537Z - [SYNC]: collect registered sync generators
[NX v22.6.1 Daemon Server] - 2026-03-22T09:31:42.537Z - [SYNC]: project graph hash is the same, not collecting task sync generators
[NX v22.6.1 Daemon Server] - 2026-03-22T09:31:42.537Z - [SYNC]: nx.json hash is the same, not collecting global sync generators
[NX v22.6.1 Daemon Server] - 2026-03-22T09:31:42.537Z - Time taken for 'total execution time for createProjectGraph()' 5.083875000000262ms
[NX v22.6.1 Daemon Server] - 2026-03-22T09:31:42.537Z - Time taken for 'createDependencies' 3.8098749999990105ms
[NX v22.6.1 Daemon Server] - 2026-03-22T09:31:42.537Z - Time taken for 'nx/js/dependencies-and-lockfile:createDependencies' 3.789542000000438ms
[NX v22.6.1 Daemon Server] - 2026-03-22T09:31:42.537Z - Time taken for 'createMetadata' 0.0056660000009287614ms
[NX v22.6.1 Daemon Server] - 2026-03-22T09:31:42.537Z - Time taken for 'serialize graph' 0.14141700000072888ms
[NX v22.6.1 Daemon Server] - 2026-03-22T09:31:42.553Z - [REQUEST]: Updated workspace context based on watched changes, recomputing project graph...
[NX v22.6.1 Daemon Server] - 2026-03-22T09:31:42.553Z - [REQUEST]: common/temp/pnpm-store/v3/files/0b/1c29b7649f4f34ed5dc7ce97318479ef0ef9cf8c994806acd8817179ee5b1b852477ba6b91f3eeac21c1ee4e81a498234209be42ea597d40486f9c24e90488-index.json,common/temp/pnpm-store/v3/files/fc/b2cc5726acd258e302da1888fa9888bf15597cd451d4e1ae6539fa7db40d9bfe6be0a54687af533c3927153e21e879fdcf3bcada13055f46d4588a7cd25d9a-index.json,common/temp/pnpm-store/v3/files/88/344859ade2158952ababb5db4a31d706eddc09558a76e09f7d19bd09eec564def88f1f14bc1afee7a46f953ae131afb0adadf15f38e2b41108814e44504d89,common/temp/pnpm-store/v3/files/34/44955b9852606ebb48d71c364b05026e5ef4599cdc2ff1e8ce082d3068470b59042aaa2ca9b75c87209d779b4dbcb6dd4bb7a4363a624a9260ba601e090808,common/temp/pnpm-store/v3/files/97/c210e10d457dd93eb88e9b7ad88187461bc7c7d022d70248f2830e096f915d49c50e62ebe03243558052828a1d1e3effcd73a14cccfc167602707d613a9dff,common/temp/pnpm-store/v3/files/36/a98eb7f2e080b2c8ce69e7ee9a229cbf0e47eec0af8b8908bf253b7f3e5a51b950688ae8ffd63068d5e8fda5d782031d7305066ce1a130cddd0de8bc7929b0,common/temp/pnpm-store/v3/files/58/df7e2c3a7c4ff87f528082df7f04b15bb4da2a2f1ca95f4ba8fce1d821690f3ea6ddf6447693cc1cec8f48a959ea6b1a8dd157488c704c70f392591c0420cb,common/temp/pnpm-store/v3/files/54/7627636339a25d7bf811b98143032ab2c43e0ccc5fe236656a98b98a009312a9abf2f05ab7a898695bbf0d09e727640385c3d7368d1545f13625215696019b,common/temp/pnpm-store/metadata-v1.3/registry.npmjs.org/react-is.json,common/temp/pnpm-store/v3/files/e0/e23ee22effe40dfd85164c15bb8e72337e0cdf9a0e5c2b450bb471363bac2aa28752ef2fa4682014431d702910a75cae5380085fc078860abf7f4831c11933,common/temp/pnpm-store/v3/files/6a/fcc4430ffca1a4c3e78d4ef0bc799a52279e8999ea70f63dde785a18a5fd3627512430c2978224e9dd8d610c4ae67bc88b682ce89756f9bcf39158a12aeca5
[NX v22.6.1 Daemon Server] - 2026-03-22T09:31:42.553Z - [REQUEST]: common/temp/pnpm-store/v3/files/0b/1c29b7649f4f34ed5dc7ce97318479ef0ef9cf8c994806acd8817179ee5b1b852477ba6b91f3eeac21c1ee4e81a498234209be42ea597d40486f9c24e9048878192,common/temp/pnpm-store/v3/files/6a/fcc4430ffca1a4c3e78d4ef0bc799a52279e8999ea70f63dde785a18a5fd3627512430c2978224e9dd8d610c4ae67bc88b682ce89756f9bcf39158a12aeca5781922,common/temp/pnpm-store/v3/files/36/a98eb7f2e080b2c8ce69e7ee9a229cbf0e47eec0af8b8908bf253b7f3e5a51b950688ae8ffd63068d5e8fda5d782031d7305066ce1a130cddd0de8bc7929b0781922,common/temp/pnpm-store/v3/files/88/344859ade2158952ababb5db4a31d706eddc09558a76e09f7d19bd09eec564def88f1f14bc1afee7a46f953ae131afb0adadf15f38e2b41108814e44504d89781922,common/temp/pnpm-store/v3/files/e0/e23ee22effe40dfd85164c15bb8e72337e0cdf9a0e5c2b450bb471363bac2aa28752ef2fa4682014431d702910a75cae5380085fc078860abf7f4831c11933781922,common/temp/pnpm-store/v3/files/34/44955b9852606ebb48d71c364b05026e5ef4599cdc2ff1e8ce082d3068470b59042aaa2ca9b75c87209d779b4dbcb6dd4bb7a4363a624a9260ba601e090808781922,common/temp/pnpm-store/v3/files/54/7627636339a25d7bf811b98143032ab2c43e0ccc5fe236656a98b98a009312a9abf2f05ab7a898695bbf0d09e727640385c3d7368d1545f13625215696019b781922,common/temp/pnpm-store/v3/files/58/df7e2c3a7c4ff87f528082df7f04b15bb4da2a2f1ca95f4ba8fce1d821690f3ea6ddf6447693cc1cec8f48a959ea6b1a8dd157488c704c70f392591c0420cb781922,common/temp/pnpm-store/v3/files/fc/b2cc5726acd258e302da1888fa9888bf15597cd451d4e1ae6539fa7db40d9bfe6be0a54687af533c3927153e21e879fdcf3bcada13055f46d4588a7cd25d9a78192,common/temp/pnpm-store/metadata-v1.3/registry.npmjs.org/react-is.json_tmp_78192,common/temp/pnpm-store/v3/files/97/c210e10d457dd93eb88e9b7ad88187461bc7c7d022d70248f2830e096f915d49c50e62ebe03243558052828a1d1e3effcd73a14cccfc167602707d613a9dff781922
[NX v22.6.1 Daemon Server] - 2026-03-22T09:31:42.556Z - Time taken for 'hash changed files from watcher' 3.436083000000508ms
Time taken for 'plugin worker 78268 code loading' 49.401ms
Time taken for 'plugin worker 78267 code loading' 49.706041ms
Time taken for 'plugin worker 78266 code loading' 49.427459ms
[NX v22.6.1 Daemon Server] - 2026-03-22T09:31:42.629Z - Time taken for 'start-plugin-worker:nx/js/dependencies-and-lockfile' 74.38237500000105ms
[NX v22.6.1 Daemon Server] - 2026-03-22T09:31:42.629Z - Time taken for 'start-plugin-worker:nx/core/package-json' 73.87458299999889ms
[NX v22.6.1 Daemon Server] - 2026-03-22T09:31:42.629Z - Time taken for 'start-plugin-worker:nx/core/project-json' 73.61762500000077ms
Time taken for 'nx/js/dependencies-and-lockfile:createNodes' 0.9662909999999982ms
[NX v22.6.1 Daemon Server] - 2026-03-22T09:31:42.639Z - Time taken for 'build-project-configs' 80.22066700000141ms
[NX v22.6.1 Daemon Server] - 2026-03-22T09:31:42.639Z - Time taken for 'createNodes:merge' 0.16724999999860302ms
[NX v22.6.1 Daemon Server] - 2026-03-22T09:31:42.639Z - Time taken for 'get-all-workspace-files' 1.7253330000003189ms
Time taken for 'build typescript dependencies' 0.040208000000006905ms
[NX v22.6.1 Daemon Server] - 2026-03-22T09:31:42.642Z - [SYNC]: collect registered sync generators
[NX v22.6.1 Daemon Server] - 2026-03-22T09:31:42.642Z - [SYNC]: project graph hash is the same, not collecting task sync generators
[NX v22.6.1 Daemon Server] - 2026-03-22T09:31:42.642Z - [SYNC]: nx.json hash is the same, not collecting global sync generators
[NX v22.6.1 Daemon Server] - 2026-03-22T09:31:42.642Z - Time taken for 'total execution time for createProjectGraph()' 3.910082999998849ms
[NX v22.6.1 Daemon Server] - 2026-03-22T09:31:42.642Z - Time taken for 'createDependencies' 2.6957910000000993ms
[NX v22.6.1 Daemon Server] - 2026-03-22T09:31:42.642Z - Time taken for 'nx/js/dependencies-and-lockfile:createDependencies' 2.677625000000262ms
[NX v22.6.1 Daemon Server] - 2026-03-22T09:31:42.642Z - Time taken for 'createMetadata' 0.005417000000306871ms
[NX v22.6.1 Daemon Server] - 2026-03-22T09:31:42.642Z - Time taken for 'serialize graph' 0.13116699999955017ms
[NX v22.6.1 Daemon Server] - 2026-03-22T09:31:42.861Z - [WATCHER]: 6 file(s) created or restored, 0 file(s) modified, 6 file(s) deleted
[NX v22.6.1 Daemon Server] - 2026-03-22T09:31:42.861Z - [SYNC]: clearing sync generators cache due to file changes
[NX v22.6.1 Daemon Server] - 2026-03-22T09:31:42.861Z - [WATCHER]: Processing file changes in outputs
[NX v22.6.1 Daemon Server] - 2026-03-22T09:31:42.921Z - [WATCHER]: 1 file(s) created or restored, 0 file(s) modified, 1 file(s) deleted
[NX v22.6.1 Daemon Server] - 2026-03-22T09:31:42.921Z - [SYNC]: clearing sync generators cache due to file changes
[NX v22.6.1 Daemon Server] - 2026-03-22T09:31:42.922Z - [WATCHER]: Processing file changes in outputs
[NX v22.6.1 Daemon Server] - 2026-03-22T09:31:42.966Z - [REQUEST]: Updated workspace context based on watched changes, recomputing project graph...
[NX v22.6.1 Daemon Server] - 2026-03-22T09:31:42.966Z - [REQUEST]: common/temp/pnpm-store/metadata-v1.3/registry.npmjs.org/@jest/schemas.json,common/temp/pnpm-store/v3/files/5c/9ddb2c499292d21612195ef07ed401396f1131090512c9bf71d16c714857e1b1a4780b0479a0668c590c7117583e0e3da9c2f5e0e5d9b15464cd0001df5340,common/temp/pnpm-store/v3/files/82/7588f7069447205ad6d47179d2e772d8f3b1849b4563b3e03102ebc1bf7c4ab0868e7a50fe5ea11ae5e57ef165e693fb466a4fd297921318001ac585feb9e4,common/temp/pnpm-store/v3/files/b2/e9aed2dacc8c60d2145df9b34af4cac1c61c2c0fc0d69ace79faeaf2f2b8715eb00e73595362eab6b1ba42b50cad1a6790b94ec39e57e16f73a385c37f6d54,common/temp/pnpm-store/v3/files/43/c0b0b04de32aa61e1875f6b35f3c8aad3cc82fdc29718b5b9d6e83be9f69d4b145719102a7c9c381e1125a4e9880c0f559fdebeb0de43c42a7a369b8fb7b2d,common/temp/pnpm-store/v3/files/9a/8e63e57fa321998942f78129e4bf72502e7a2a55eca8225f5bcc802c5a9b544d622a84d70eb69f4fed2499c7b635bc647710728e6063ce630379a2d0bfa748-index.json,common/temp/pnpm-store/metadata-v1.3/registry.npmjs.org/@sinclair/typebox.json
[NX v22.6.1 Daemon Server] - 2026-03-22T09:31:42.966Z - [REQUEST]: common/temp/pnpm-store/v3/files/b2/e9aed2dacc8c60d2145df9b34af4cac1c61c2c0fc0d69ace79faeaf2f2b8715eb00e73595362eab6b1ba42b50cad1a6790b94ec39e57e16f73a385c37f6d54781923,common/temp/pnpm-store/v3/files/9a/8e63e57fa321998942f78129e4bf72502e7a2a55eca8225f5bcc802c5a9b544d622a84d70eb69f4fed2499c7b635bc647710728e6063ce630379a2d0bfa74878192,common/temp/pnpm-store/v3/files/43/c0b0b04de32aa61e1875f6b35f3c8aad3cc82fdc29718b5b9d6e83be9f69d4b145719102a7c9c381e1125a4e9880c0f559fdebeb0de43c42a7a369b8fb7b2d781923,common/temp/pnpm-store/v3/files/82/7588f7069447205ad6d47179d2e772d8f3b1849b4563b3e03102ebc1bf7c4ab0868e7a50fe5ea11ae5e57ef165e693fb466a4fd297921318001ac585feb9e4781923,common/temp/pnpm-store/metadata-v1.3/registry.npmjs.org/@jest/schemas.json_tmp_78192,common/temp/pnpm-store/v3/files/5c/9ddb2c499292d21612195ef07ed401396f1131090512c9bf71d16c714857e1b1a4780b0479a0668c590c7117583e0e3da9c2f5e0e5d9b15464cd0001df5340781923,common/temp/pnpm-store/metadata-v1.3/registry.npmjs.org/@sinclair/typebox.json_tmp_78192
[NX v22.6.1 Daemon Server] - 2026-03-22T09:31:42.969Z - Time taken for 'hash changed files from watcher' 3.9714160000003176ms
Time taken for 'plugin worker 78270 code loading' 49.417ms
Time taken for 'plugin worker 78269 code loading' 50.063208ms
Time taken for 'plugin worker 78271 code loading' 49.660458ms
[NX v22.6.1 Daemon Server] - 2026-03-22T09:31:43.044Z - Time taken for 'start-plugin-worker:nx/js/dependencies-and-lockfile' 76.699208ms
[NX v22.6.1 Daemon Server] - 2026-03-22T09:31:43.044Z - Time taken for 'start-plugin-worker:nx/core/package-json' 75.97020800000064ms
[NX v22.6.1 Daemon Server] - 2026-03-22T09:31:43.044Z - Time taken for 'start-plugin-worker:nx/core/project-json' 75.60825000000114ms
Time taken for 'nx/js/dependencies-and-lockfile:createNodes' 0.8279999999999887ms
[NX v22.6.1 Daemon Server] - 2026-03-22T09:31:43.055Z - Time taken for 'build-project-configs' 82.45891699999993ms
[NX v22.6.1 Daemon Server] - 2026-03-22T09:31:43.055Z - Time taken for 'createNodes:merge' 0.17533300000104646ms
[NX v22.6.1 Daemon Server] - 2026-03-22T09:31:43.055Z - Time taken for 'get-all-workspace-files' 1.8347080000003189ms
Time taken for 'build typescript dependencies' 0.04637500000001182ms
[NX v22.6.1 Daemon Server] - 2026-03-22T09:31:43.058Z - [SYNC]: collect registered sync generators
[NX v22.6.1 Daemon Server] - 2026-03-22T09:31:43.058Z - [SYNC]: project graph hash is the same, not collecting task sync generators
[NX v22.6.1 Daemon Server] - 2026-03-22T09:31:43.058Z - [SYNC]: nx.json hash is the same, not collecting global sync generators
[NX v22.6.1 Daemon Server] - 2026-03-22T09:31:43.058Z - Time taken for 'total execution time for createProjectGraph()' 4.53295799999978ms
[NX v22.6.1 Daemon Server] - 2026-03-22T09:31:43.058Z - Time taken for 'createDependencies' 3.0744159999994736ms
[NX v22.6.1 Daemon Server] - 2026-03-22T09:31:43.058Z - Time taken for 'nx/js/dependencies-and-lockfile:createDependencies' 3.0525420000012673ms
[NX v22.6.1 Daemon Server] - 2026-03-22T09:31:43.058Z - Time taken for 'createMetadata' 0.005375000000640284ms
[NX v22.6.1 Daemon Server] - 2026-03-22T09:31:43.058Z - Time taken for 'serialize graph' 0.13754200000039418ms
[NX v22.6.1 Daemon Server] - 2026-03-22T09:31:43.122Z - [WATCHER]: 67 file(s) created or restored, 0 file(s) modified, 0 file(s) deleted
[NX v22.6.1 Daemon Server] - 2026-03-22T09:31:43.122Z - [SYNC]: clearing sync generators cache due to file changes
[NX v22.6.1 Daemon Server] - 2026-03-22T09:31:43.123Z - [WATCHER]: Processing file changes in outputs
[NX v22.6.1 Daemon Server] - 2026-03-22T09:31:43.174Z - [WATCHER]: 185 file(s) created or restored, 0 file(s) modified, 37 file(s) deleted
[NX v22.6.1 Daemon Server] - 2026-03-22T09:31:43.175Z - [SYNC]: clearing sync generators cache due to file changes
[NX v22.6.1 Daemon Server] - 2026-03-22T09:31:43.175Z - [WATCHER]: Processing file changes in outputs
[NX v22.6.1 Daemon Server] - 2026-03-22T09:31:43.240Z - [REQUEST]: Updated workspace context based on watched changes, recomputing project graph...
[NX v22.6.1 Daemon Server] - 2026-03-22T09:31:43.240Z - [REQUEST]: common/temp/pnpm-store/v3/files/88/eacbc8aeaa623162e44df849aecdd1e35043b726da567e4a97e26bf035c211357d55c20e0cbf8900583b7ceb1677c182d97fa98db28b86df2d0c86d9a2517b,common/temp/pnpm-store/v3/files/85/f9e35028de6f50997fd137c9af89ad9c508de9816d8932ef1d13bc5a40212d95ade101f7b749305bcdd82195a1aa8020507c975c57fae58140c898557aa4c6,common/temp/pnpm-store/v3/files/c0/de65a628dba59f0d54f2ab5d779559033eaf88ef39dff19d463b928099bf29d7e0e9738f68e6c98e7b47cda2f2d524403ada8f7022085916a16de185721f43,common/temp/pnpm-store/v3/files/7a/9b98aa0639ec1b1c9a45eaadda11727ff81c8ab4c54d4ed27d7292e721fa291009ab5418c0bb9274e6165c10b22ae06b162b5836343b0570bb52c2e126638c,common/temp/pnpm-store/v3/files/fd/656291dbfc15b0278e531f37f3612eac10bac6e7f516e146b9694fd149f47e3a7ead8c1a3a3cd41dabad7d0d2dda2d97f6ef9559f0fa35d5de83ef87e4168f,common/temp/pnpm-store/v3/files/cc/ff7dc4ad71f03e5ad0a73378b0dce22ca42e936b617f1d4f8d936630333565ade4ba322b9ca38ff07ebe1c444e266fcddc3ac5a5ea4d6aec8e8338340d8d41,common/temp/pnpm-store/v3/files/60/9b930bee6bf8e7d947ec0f27d2e3cf27dff4e241e8a5f98a465c77caac4383363d9430d44fe7f808572e0ae1c258ee87ee71ef93d7a5136bc1e28d823ba2df,common/temp/pnpm-store/v3/files/3b/a8ecbebb45d5b46cf14a9287abcb3d65c59bd759a19d70838af785a4ddfc02b1109334d7f0b7224bf518e815eeaee9661c435caa0b5b0a63773fb4508fab84-exec,common/temp/pnpm-store/v3/files/c1/7e134eb2c5ba0bd517a8ccb989fbf26b41df8a6748e91de2980eaabeca59303d1bd599d07edbe8e189e5685b2cba0850bef861f89ed1fd9b3d4c397af826d7,common/temp/pnpm-store/v3/files/49/32c8d2b1970975355a4adb6e64bf4f8e2e5ce3c2ecd4fc3da5e97214c752eaef833202d720f9d9eb5e9839a64d7645664feb527ec352dd9dc8489be342b828,common/temp/pnpm-store/v3/files/ad/145bcc961240a98854b082a884a6c2d01b3354ca3681563540e9f0d5d9807aa35232556c14da7eae0786a8b6db7cf65eb0419832c7effcbee65d7c275027d5,common/temp/pnpm-store/v3/files/4a/cd6e285ce14b95c08b888efd69e0f4b2dc76c6959539697076f8400718f1b054aea85dc3b87378dc6e2be1e5e1d9271c8ec015399ff09f91e1fbcc0b9f00a0,common/temp/pnpm-store/v3/files/f1/da96b026db9230e9cfa932f800e3d0151eafd4120444e46580184df1dafbd3c005938e4a7ab641905661b6f443a08fb1f5eec75a766cbe652ca96b219f2d8f,common/temp/pnpm-store/v3/files/45/48011d1e4ed9f5d7fb5e408476a27b2a19f3beec5ac4a9bbddebc700a77ff0fb168ecc4917576a18f22d262f82649e9ec0c1242af752a7cfa0321ea4375aad,common/temp/pnpm-store/v3/files/ea/758c1e609bf65c3ecc0cd55a5020c6c00bd7fe15ffb0da3191c587d0a01e4e0e0f37811cdaece429d17ad0d84ba2bc97ac196a1941bebd03603c3f13752f83,common/temp/pnpm-store/v3/files/45/22e78675c42fe7dc2c363aa57841db393a47aad9fc94ba5d6dcefa932da2c477ec8bea5eaf790511b1c438f94a403dd0041b5b9d005d9951f906effd53b9ae,common/temp/pnpm-store/v3/files/6e/cb4b2753548dc04831eaa18e46038514ffd5d70b978df1a13bd9997947468c52e9583aad5c496638e3e327066568c7bf8e40cc176fa81554b1252f26974382,common/temp/pnpm-store/v3/files/ae/fc48a0d8467f7f070a0e6bb6e17770746bb9e342a72195d9ae6dd3f015cb927bb4af0c3395814bf46f6e3d1726d1d0c4369b1bfb96586aa462dbad9c2059d6,common/temp/pnpm-store/v3/files/32/2a3fdcbdc0ab2240acda547abe636d51f7f2114200491f7fc66c4353d43d37a4052df0d32f29ede80c8a768d312efae8ed28639f55c2e5a678f306a45986f9-exec,common/temp/pnpm-store/v3/files/07/02b16f1659e98245a11ef39921317a91753ff5fd121d7e1e17bcac15dacf8eb48482d8f002f17c7f29ed5dddf76c7882b2faba3b1e40b6da1b16da42511ad7,common/temp/pnpm-store/v3/files/ee/aa474b3ac655ebd3d694bc44c180d2d02b27b3f69b10d29751acc63a02e2767acd2f29ae830c81cec7a329c24fd5b0819318bbdc9f3001ccdf77e086ae6f24,common/temp/pnpm-store/v3/files/2e/f062a5797def40c63217f45f8e86c94d70c76c7e4c91a9d6df156e4e858038912d67af19476fe99399559168723968208fc3f6e8957863c73527e5adca1b08,common/temp/pnpm-store/v3/files/d7/e4c79c23a4065d547c56573c0759bbad1fccc842336ee80630178437117cac1dbae074d864096ddceb7602a98e368cf4714a67ee8a01b1bcfbe5920eb61a30,common/temp/pnpm-store/v3/files/cc/5bfebaf3fcba8abdccba561e604c3d408dd3e9c233572473a847e4e87cbb0092e15c21e052715bc303500d79fa37fc60635136681c5e3ff0b2cf5e7ea5fc77,common/temp/pnpm-store/v3/files/35/e5700b123c47ec30324d71a4563587a25924c8ef6cea60017832e8a8ac4b431e5982dc4fe75b6bb1f478f2aefaff95f28d7273239eb4f2f28148d3c07ea3ff,common/temp/pnpm-store/v3/files/64/17e36254130907da433ecb4bd9f711901ad83922d234297c74378690ef62c6ec378b51e8d608aedb1e51febbf8c5347bac388cb228e5ece8a54917c36123ee,common/temp/pnpm-store/v3/files/02/3ff6b209926a09d13e2dcf957648ed263fea94461898dc76da54ae6d52aa631dc0200a44dff69a629a5d575402b3b10567eaf91a2629d2fcb2849730e748fd,common/temp/pnpm-store/v3/files/e4/4eb173016aec24c77263fcf5d62468aee66035675fd4dc4563375edac403ef0ffa20c6047fea4f46b5223f4020f554475865e2ed67d51158e31afea097ff05,common/temp/pnpm-store/v3/files/41/09a4e0cfe37c1732ca099caa4bd1106c4e298a9f1dd50828cef8067435cc668dab44be7d4a4da3fbafdda5aeee22ae5c42416cf79d0996089783cb13b2ff4a,common/temp/pnpm-store/v3/files/2d/bc00c5bc5fadf4e33ff95cb1a2d07d1bfc6d742abebc3dc95c021eee327ab13133a4afc71c457943ff868b7818dc6d1a820ead1d5d8457bf68faea586fca9c,common/temp/pnpm-store/v3/files/54/d2547e00d8b74f2ea9975b51a56a3d9eac58462e979e8af558c62d450dd163793dab7cce62c293c86ed9b3a102002071de4da40f215c85f2445fcc460f9090,common/temp/pnpm-store/v3/files/d1/36f82aa092f4ee4df77f8c0fe528c50f734bf0618e9b2116236199f9bc749ae77f866ab66a222c309f46c0819971ca013cd6743c7fdfa869277506cc49f6d3,common/temp/pnpm-store/v3/files/5b/d337c8f3eb7d60f976e78eccb320a26ab57b2b018f295fd887e92785970c314a69a69ec81541f01e4eeaa60fd4f05bfc4632aa734c9546ef408db604c72207,common/temp/pnpm-store/v3/files/03/8c8af410199b3bafb363f0188e0b5782e8a8051956355ee6cca02350d63d912f3ff3977906a10afa07854217eef67983d9a5910fcf71c538844844ccededc0,common/temp/pnpm-store/v3/files/3f/a748e59fb3af0c5293530844faa9606d9271836489d2c8013417779d10cc180187f5e670477f9ec77d341e0ef64eab7dcfb876c6390f027bc6f869a12d0f46,common/temp/pnpm-store/v3/files/ee/7b05e4e2bf8efddd12109b42fec1e1717d1d8cf61ec2cbe015aefd2238902e8776fa4e300e5992a9ad0c32479bf885669c5fe38a57207205efb6926be0c009,common/temp/pnpm-store/v3/files/2b/7d4cdc66cc7ef5423ae994e8044bd5774d2c289c5494d0a25830cde781c8aa46d770f96c9d713bbe5f3412cc034a701708647175d493eade2f2c7f77dfcd2a,common/temp/pnpm-store/v3/files/0c/9c26ead9a4602199d28af0159eb9ca32478eedc1d3413f0d34d1937494588b4b8ff4e711b37603ee7b48ffbe50e14e0f789d313a15471dda66a87f0f063098,common/temp/pnpm-store/v3/files/db/c0dbead6660f09962213aaae951db00e876607900c56eaf3e88ef49e2d093686cb2810fcebb36a2793dfc5c23f2bb128240c1b6fa782e3a212f070cdc1687c,common/temp/pnpm-store/v3/files/7a/5ac0fae879ef2e9c7cfacb36f728adba580ee380dec23647e7131881f5264fa7aba63c7b85c177be6a2ce6702736ef9634e452b738f52958e7c254716cd970,common/temp/pnpm-store/v3/files/44/b8310c47161f3000a46ab9a9c4ea9501894ff6993832e4aea4ff1057626b8ff56942044f72faebd8f7603cf05e2c3c4fd194ff83a60d9cebe254f1dfe582a7,common/temp/pnpm-store/v3/files/1a/5619fa3f71e808a491734280abdb3aa5f790a044112e508a7a4f0835b136aef0ef0ff8afac0588af612b4dfef298c908eefc980554b6b0f6196861eb89cb6c-exec,common/temp/pnpm-store/v3/files/61/c32c769774533f4ccc82fc3fe8defbbfc2a4b00f884af9d428c289371cb29a9f45691724a40011f0b458bc038fbfc36707107a756beb3de291fc5c5a8311ca,common/temp/pnpm-store/v3/files/ff/7ebf7f3e9f1d0623bd4074b81a74794bed778a6f6514bb29b26ce31ac924ff43433ebfd4b27e5accc994ef411b9ae559f316e5d6ca780914b6ad128aa75210,common/temp/pnpm-store/v3/files/91/eea5dd50427d8b047e0a37a1e17e1cf855b97d63a257dd6347145936100c7e13e7d2804ebcf10bc0f407090a4442e3d6bd98f7cd46a63762a1bf62f2bbc8a9,common/temp/pnpm-store/v3/files/b4/e1468259d0122f9193d653db97e97751a65772425a847c4c8f6c2fb77afc40f75f04406de7ad065c9fcc68494e0982390ef6c1f32f326408143b4e1330a10a,common/temp/pnpm-store/v3/files/5e/f5870a62a2cd46d947efdf573940c8252fe0976814dc470af36918779d1817f2c8de276a977a943857f80b48c9c9831e6368acac7e30258c76a1486d51c28c,common/temp/pnpm-store/v3/files/f9/d960bb05008e40c689f0d0c02b7c46913784766bd7a345d55c6a0f5cdd6f8038fcf7a93e01886be5cdbfa76fecfad681fa1381e4ca257dcd539d5117d01cd0,common/temp/pnpm-store/v3/files/a0/1dfaf6a33b1ecbd0162f052eb24e7b170526dc1b48a15c38410036d4840fb0d21100a05cfb11a3687c7eb81546d5444b81aac0953598176218c71b292107a0,common/temp/pnpm-store/v3/files/6e/5617ff8dcdacdb444a61fb55aae7d19dd6addd175dc299bd20e8a6e1bf13ee105f53dac49033d0775561714b0093a88ecd9e865bdb8ddd7bb7bbe9ef990214,common/temp/pnpm-store/v3/files/80/75ae279899b9df6307a9772f96ab98341ab04ad1545b8c40c3bc3809c2b9a5c036e5bcb412df4c59b6aa6d3ca682d7aaf409c5651a27bd9ca0493ec980c19a,common/temp/pnpm-store/v3/files/96/b56759372a0cd0ff9cd206e732a95df832fca5625d2ab761f3d1c3bd643227a8fd0c6b3b189ea4d23124040967cc470031720e097f7fd80cb68d6ae957f488,common/temp/pnpm-store/v3/files/cf/8273a0c186aab33aa4a13f01f86060d390fd4df086579f671b783a91adb95e72dbc5aa91987a02747fd00e346bdcf5089a70976bc72f5904fc27d6c5559b4e,common/temp/pnpm-store/v3/files/10/2f781eb7c51646266a09dd283ff462378fc3f326c1d6357e35f1c2c310eb39efe774fe1f864a2b93bb55f8949cf3ba238612f721476b2841e5b34d50dadb28,common/temp/pnpm-store/v3/files/ca/e89d91e1d407a35ebd6e013b94eb281cbf07545b317837fb60b417697dd3657327a23c9ca57330d9530d2ebbbd4bde45e311a0bfe6e0bb8b8a41aabf30cee0,common/temp/pnpm-store/v3/files/48/211c74a5807102abbbd17ba673317fd25254e94ccd177d871963f35ad72217014bc1d5bc2442dd577652f52de54f5f93f15f0b1c0a78dd59fd917e0636400b,common/temp/pnpm-store/v3/files/32/528e83a6409a8bd04748d7395605d53a4fb78699199ff8f792642eb63517f5e3a375847475cf8e41d3ee42e9a6930f48b60fefd2ce507708565875df3e153b,common/temp/pnpm-store/v3/files/04/3afda90e8b38b16f8360417fa07c38bba757ea6dd56be042220dda431f9ba8c2f147ba82d26ef45106a50c894b88f0b14302dc331ffa6dafba037c06b2e7f7,common/temp/pnpm-store/v3/files/9c/8b2def76ae5ffe4d636166bf9635d7abd69cdac4bf819a2145f7969646d39ae95c96364bc117f9fa544b98518c294233455d4f665af430c75d70798dd4ab13,common/temp/pnpm-store/v3/files/12/62c392a4272db541d1c92d4defcbb8c50a40c0f67e9b2473e9fdce8b6f04de3d0f69412f1f5d25c40c90e6e3a91dd7c54b6b25ceaca3f231715d895d898197,common/temp/pnpm-store/v3/files/b7/f09917e30e28be50caef5b85bbbcc93de11bb9eee424b121781315ff08ee585c54f869e4b5862ca89f4ed35d7e53f972062f3f3c48fa1d51bbf10f9cf2029b,common/temp/pnpm-store/v3/files/4d/5a0ba9b322fdb0092fb1df2c79a9bb2a71c303edf9322e644b5d69517b1f75112eb710f68c125a34b4a3942a2b5946b055b4b302959eec8bd21c532a7fa4b8,common/temp/pnpm-store/v3/files/7d/36be3a0af47591f9f08c48aa80587bb5d8c306ac875a491ed27a04a3298091df6535d9111bd36aa01116aea79a2388d38888df2dccb27b6f22b94c1ca29855,common/temp/pnpm-store/v3/files/85/594cb5204269198e457bade78e74d46e91beeff15607bb7c83d76ef1d88a16e96f9e95e3eb6b62f45a54a4d68363b9dd8cdc89b080ae1702160db2c42e30b7,common/temp/pnpm-store/v3/files/46/c340052387e95eca5d8e9b38fe1067d8bd20f333f5185b9d185b76d4453e29e019d98ea95a9f723b1ffeadc756b9694b9e8452c89f19578c79ef7c76816480,common/temp/pnpm-store/v3/files/48/4a2e23b2478794a18b75f16386f4385e8489672c23fb57568b318a5e5907f5390bd2c7cab32f8dc67586ac741cb74323222c5bb2d19179446e0425da115901,common/temp/pnpm-store/v3/files/90/c801fa86528746def4b6910fac2b033f004ce40c2b77bf1416cbb1be149e416aa4b5fae0b9e4a81bdf008b266a2361d2beace8842bda2967b2c7401f22f9c0,common/temp/pnpm-store/v3/files/d2/d2ac21f3c94ad5c63c301acfbc7a3a078cf20206a7e28961968b8c90adfe8c1bc4ae19c4f05196ddd1cc9ca64edd1b6273bc2d1d0535fc72aac489a558308d,common/temp/pnpm-store/v3/files/d0/f648a27953f0965a51eebdebdbc9b9ea8eba8b2acac0adf29ab349b0b19f96c119032654e740cf5063ff7cc95adf1b0e4a6f2ee4fa36c39f098d96d4ecdc2e,common/temp/pnpm-store/v3/files/b2/e9aed2dacc8c60d2145df9b34af4cac1c61c2c0fc0d69ace79faeaf2f2b8715eb00e73595362eab6b1ba42b50cad1a6790b94ec39e57e16f73a385c37f6d54,common/temp/pnpm-store/v3/files/6d/ac2f4aca359dcc025af3bd6ec43ee71cef5befe7648a4da32040f4d097b6adcb2672da3e25aef985704c9ae25dfdffd853ff72216f47a35ba8f3c7069d32ef,common/temp/pnpm-store/v3/files/da/305c7c3b622236ee249a700a876cf59b2cd09564244c80550ee443cc481ddcfa20ad40e951991da99b6f3a90caeb617c2c0ffa2c66af67227c9e00e7a1ca7f,common/temp/pnpm-store/v3/files/31/3064ff78c62cd076b55c6feae2e5161d62bbae2260e4363db74e48adcd5bc259b2695a3a1daaeac76d2a8c0185fc3c4052e660dcd35b8fe82b8b804c88ba64-index.json,common/temp/pnpm-store/v3/files/0d/a9cbc7eab4b7a6e8084908581dec769212b2bac4bf7439daabcc3e0adce542e1e6356576a4bb4476435326d22e006a7382f2bc384c9bc493e8d3fb4e4ad0a5,common/temp/pnpm-store/v3/files/4b/da218f6fdd054735cffb5c03115dfdc4fa1fc20aee057df3a42238e5bc2fdd1e737c0a0f047c7713ee56d8e13edf7fe420dfb06f40ea58c30957f5e2e32073,common/temp/pnpm-store/v3/files/d6/7701802e02a5227cc35f55912e5b5dd624cffbbdf3c5e21c37cdd5526813f8fc7a2e5e2e9b479db8fea888cd1eb86853ff2b2fb19c302cbba921918dea9857,common/temp/pnpm-store/v3/files/60/430d27e6f04b2a639d75870fa3e05dad206ec19b6ffb3aa784bb2921c74c5310f695ae760899153a74ab598ea38f2a6eb3aafaf3d2f4ed8b3ffdd6c1ba2193,common/temp/pnpm-store/v3/files/88/344859ade2158952ababb5db4a31d706eddc09558a76e09f7d19bd09eec564def88f1f14bc1afee7a46f953ae131afb0adadf15f38e2b41108814e44504d89,common/temp/pnpm-store/v3/files/ed/a3c3b99e6c4ba68a5b0e3682a2bbec91a89ebf6d5ffac7b37d003fd2038c3d6b0e942b06f19092cbb1297cc52749373a6adad10a779fe7a5525ee432f53e75,common/temp/pnpm-store/v3/files/2b/7cb9f40209d6d375449074a92d510f8c77480a1c33b9b8c550d8eb6b87c1bb2dd416994715632571c630bc380eafbcf7d210ea1b120d2b357f1b996ea8b257,common/temp/pnpm-store/v3/files/ae/f1f15140eaed79dc7d64a66016857631226372c811e972ffed9ff748ea174e6d3530cfa263ebd96aa4d74a250c864fa81924dd1b0f69ffb65c7c66d176d225,common/temp/pnpm-store/v3/files/a6/544aae4fb967b171d5d58ba7c7972ef3734e6829936677813c1000f1ce591fd50a24d03acacde8434dfae7411bd4ec8f7e0d7eedb5623994fab4227c5069d1,common/temp/pnpm-store/v3/files/03/e66dc1f1186eedc1ff8a838034426197859e5e35ea7bddb30f5a19e36807e268208d5957659f79218240efdc33b7718174cc862f851764bfc6db77cfe8ed9a,common/temp/pnpm-store/v3/files/8f/1041e4f87541cec030af70b35d651f3afbe2ee82519600a3ae28813da6a0768dcbac3b3c9da91d06a8646ffcd776b5c1c14522af527dc3501512c724df2845,common/temp/pnpm-store/v3/files/17/2f0fd9128ea61e8f73993a3a0d8235dd44c74b8f7be7dc595c09eaaaaeb1b552f0c10b716cbad367eccfe2a0c426cb80710198738f4adec49d63de9e9874e0,common/temp/pnpm-store/v3/files/88/7e1a3ff68b63057b4cabaed4d89722d4768bfd753c32b1803b3815dfd692168310fa526da1caf55babf262e57f278ad98ef98498be4a7f35232bfa3364d9a8,common/temp/pnpm-store/v3/files/f7/9ec3d94f8d1005229d7e194d7c7638f8b90dc7e3290e30cbf052d33eb548829e1850fe1e5781f1915c3a9459d9da8dd2c4f04b3b5c6ec6068ab42b4f4c5761,common/temp/pnpm-store/v3/files/b6/f5ce03c4733a1fe342fa195b622923cd6185f3634f88d5f0d35cd6c42508cd64775e01a5198241e82ae9db1111bc7a4be0a1ab5090c7f7174a06afaf1b2654,common/temp/pnpm-store/v3/files/35/f786beb17203d1028d32dfa57b9aef9e1a095109a3579bd63f5a2aa90fd91362ec9470157412beed41db940e491755589dd823c7dc4746a87c5b55dd52e3e7,common/temp/pnpm-store/v3/files/be/89f4897a0c55ea075fb343d716bc184c27a9ed7f63913189cc16b3c061ef65373bc303068c51c1e5bf15a151de540b7126e60790d11fc74cade73fc13e6de1,common/temp/pnpm-store/v3/files/de/31c2239e69100cfd40b567f640cc620b77ce431282ad47a4ec8440f0435b22e3821e59ae4325f2d013214b85abba70daf255c707077bb6f5bf466acf5b5427,common/temp/pnpm-store/v3/files/88/3215e9d35353a8c9d95e4bf5d222639370df2f63f7e06550e2d8073c96aea260d6c369110e974c87af416cc516a8b4795f357d8e630021cb70807a1ec5efac,common/temp/pnpm-store/v3/files/e0/e23ee22effe40dfd85164c15bb8e72337e0cdf9a0e5c2b450bb471363bac2aa28752ef2fa4682014431d702910a75cae5380085fc078860abf7f4831c11933,common/temp/pnpm-store/v3/files/e0/cbbea1d9e2a920bc032953c291e6e51166b086723640cd69d93035e193232beb90de1c3846bd4a2f46d1171ae3c569a29c35cde10a501b0a119fbed3b2d58d,common/temp/pnpm-store/v3/files/4f/ce440462ad9820dafb663601aa6aef7e2da301b5ad53ffd9398c0ab513c3b267d26da8f624bf56329fbcac62c9676fd072b1ca453fdb697f2c165cedeb897b,common/temp/pnpm-store/v3/files/8c/824419df419bd187162702f1a825a2198966fb28570c0f3ae88f3f97b2bbe7880df0387b2c41a24ffb70724b07ad4a67f07050b81373354fad6500bcdb7bb1,common/temp/pnpm-store/v3/files/9b/f75ab321b545e0c4cfe4536ae60d7f3cc1e94e2862f9f4d0a7463501840ec89ee007cae85011693ee54ac6dc01b16d7735b14fdf53355a9aaca16a7a35ff2b,common/temp/pnpm-store/v3/files/65/43b3e263046afdc38fe9f766180099e679a4cffda18b6702597c7c9aaae82f27e9e04da4d52fddca27f1ee3675c92f8678d15167135bca798ee1253b1dd144,common/temp/pnpm-store/v3/files/eb/a624d913b1217f1d8a98e49cc0d4dc2c1af2342ef321318fe7d07577fc070a7359a13204461de187662d918b699015a6de0b125b2eb12a15b6fa951af38c75,common/temp/pnpm-store/v3/files/43/f35463c234a8e08c4bc9ffae3e7d15141f17d9fdc121014d0de4fd6ce6c341bfa9459e80ca54905923a156b5fb494847f66a9f44883f06111b070d0f518048,common/temp/pnpm-store/v3/files/94/ef279b467aefaf49938eee3942041d6a61ce29e65ef7d6e3a682c71fe8f2a727c3b6bb0a89a9cbc7a717e4b9d1a2249f9609fe2f6edd580d95138b8e975447,common/temp/pnpm-store/v3/files/64/47eeda27a1d0469f2c3ade5785e3a88878ed6ee13daf8007875351df79b0b425f94987bde4a023a924bd4bd1778c7e6c167f8c68f0a74f36a9e3fe22caf0d6,common/temp/pnpm-store/v3/files/d3/07fc23127016b6ca25291444cb08cf47c0410fa596de7770160414438de1ad0ebde214a1f84d7c366b68d5cb1fb157c327ce267430ed9016ebbfc6f7681d62,common/temp/pnpm-store/v3/files/97/c210e10d457dd93eb88e9b7ad88187461bc7c7d022d70248f2830e096f915d49c50e62ebe03243558052828a1d1e3effcd73a14cccfc167602707d613a9dff,common/temp/pnpm-store/v3/files/0e/8748ffaa3e76295d1a9129ece367766cedf4fa8fd181f3767def9246ab2a26ec4659029dd87bfea8703c5be696c284fa18ef0265200e18e843305123708730,common/temp/pnpm-store/v3/files/00/6cc9c60a420fc2e49f35437dc1ee1a5d54493c6c45543608fffb3674cc3eb340be619ade05a800d3a4fed34892f091513924d7a5d90752e5a7bee211c37ef2,common/temp/pnpm-store/v3/files/f7/880b7fe2baa43b93a566aa4cf7b8662babb7a8e44a31537f4d6b9d25fd8c8808c7d1f825fcc06610fb46c3f06135756b958c989d5a9f8e365e032cc749d66c,common/temp/pnpm-store/v3/files/ce/9872bf2e61e4dd4a8dbad2e882e2885d30a1953384ad2db89c2f61f6b6a99fcbe7ab2ad05f8384e986ba3110cfe4b771cd644d7febb2448eea82877c60662c,common/temp/pnpm-store/v3/files/92/120415820be0ab3f4d9ee0d02b23a588ea98e9dea43e5708fbd5b93eac047d9ef07fa5f660040549aa6eab5f59ab103674a827cabc513a1e3465c0cceab46f,common/temp/pnpm-store/v3/files/91/a7db8f191e6ec90d25a096744191ea3b8d970b8b526045f4e475b317a001d7612d6bc48dea47f7de6f78279969da1a974c80d4497a3547528f97589117e5ad,common/temp/pnpm-store/v3/files/06/6e6482fa0c126f7c1ba2f99d8d09e059b4cc433ce7d706a63d3cacb8a2434f81fcd95d95e82951c9302d898fc87ccb3762a14f5fbcd33b2efd60dc0281bf09,common/temp/pnpm-store/v3/files/c5/0ab606bb5b05a51b3c8ca2898d8a90a61e023c66ddf50d69aac9d98b2acf1b44000e52a352ff8eed74c18d0698210d5a69783ac8bb9d90bd8f6d2d69f73355,common/temp/pnpm-store/v3/files/bd/fa47f45511e29a0a079c0d63376b10f6ecf293fd750c3e33ebfbafa5338f536a33980ef41c19cadcbdae0d47cbc63b00c4597c2f1ecc05b5db6a019843cb86,common/temp/pnpm-store/v3/files/6a/fcc4430ffca1a4c3e78d4ef0bc799a52279e8999ea70f63dde785a18a5fd3627512430c2978224e9dd8d610c4ae67bc88b682ce89756f9bcf39158a12aeca5,common/temp/pnpm-store/v3/files/29/920e835b71384aa8471ec273c8ef5a69459d9c7dc16362dd958a1032e099fa3efd7b73c469e90d5a8dbf6dcd5058e429eaeb010d38917af24da02f3470a3bd,common/temp/pnpm-store/v3/files/9f/fead6bb32c5d3477d2ce08587e28ebc716103392ea9b7063625090836d8b535acd24b0c9d8423e7367d2ce8dc3a2df65b223b6ee778519406cbff10fb866f4,common/temp/pnpm-store/v3/files/05/7d310f8aa952db86d74d98cba3cccbc0c7d425b38707e90379e170bc7ff9ea3e1b28a27eae9c8c29eeab31b4a42974ac5f3dda38fb9b4d75c80144132cb7a2,common/temp/pnpm-store/v3/files/67/f149d4d361af41c43a16c80d5a45f21bc85d6eb1759cfea28da4994fd6ed915d197fc6da98f58fcce4a178c7d451193ff128e71f6ae635a031ce8d90a60066,common/temp/pnpm-store/v3/files/05/bd651d27fc2417d5986dff39cde19a65475a32d43c93a9a5715aaae5a2eebde70f59e85ec20fdb5fb6290fa545701396417d9aa5b4c9cd1ac40c81f31bc37d,common/temp/pnpm-store/v3/files/62/cb83812d9c174b03b59a1002cc2ff901a30a833e33f88f4d3634ef155cbd70038a2c0d276eff264f9f6381d7713d041d62f6eab67074c39c9440335bcacae9,common/temp/pnpm-store/v3/files/96/8422a4c7a92d018d5eb0e43020f8bb8c7da54162099c8a08372825695277667095f22487e35b53b0b8a233a770d6318f9864b8992099277dc61ee0bb3003bc,common/temp/pnpm-store/v3/files/40/a8c86f571a88710608e374ae395643d865eea1127d87d39fa2a4e05aa1a3a535ee467ec7b0a82ed220340ebfa3f07096229dcd4265769d0436ce832eacecbd,common/temp/pnpm-store/v3/files/b8/a2255b8c528ce163e1e045519a1ee334778295312848039927892f0ce6dcbf72cdeab44c60e552eee904224d89da7e2af69650a87bfb9ec0d023e48b729ebf,common/temp/pnpm-store/v3/files/d6/6538fbedb92a95586a55cdf494724360cad141c007f9e1f514061b3c1dcea75e106b64ef8e16a41a2ff304cabedf0d0fc2049fa6e1aadff56087a6900c6235,common/temp/pnpm-store/v3/files/38/3ea082b51b0c4e5306fb2abc56243503e80c97e38928b24e3eb2ad8298ed9642c98e3fafc83cd436d1c7ad26cfadcf80892d699034ef7d774fdd0501a81a3a,common/temp/pnpm-store/v3/files/58/2406a83f1a8c2d4df6f5c84d1827982d5874dda4d6b86030639143ab2cf8828d6782cb3dd39b83ea0176c78a7717c14902b80d472c33b33acd67d6fa2fe717,common/temp/pnpm-store/v3/files/cf/9d45e563d250144066271688d2e71d00487748ea1d956e0dcf40339c895f374cd5ebbd6131d268ff0ab2a16c27cd429b40502cbfbf90efa7e29d813e4913ed,common/temp/pnpm-store/v3/files/0a/b5bf2146cf07627a1e9e6297b0ab3103d12209cc38b0154a5ac5495a85953efedb6e8c80e6edb462df2bd42b948ed78df2daf9f1b2ab159629394249a1b5c8,common/temp/pnpm-store/v3/files/46/0ebd2ff73612ba48c9af0b25dd112852fb56e7cbe19863c29d24450ef4fde3e84b4b222f8f8e01eff12e7752e0459c6313d9f0ec138f6c78aa6ce8744639ba,common/temp/pnpm-store/v3/files/c3/75b0622db34599592266b9b6252bfc778b8b0f9bc7e6568a32fb91fb6cd16d80bc9eeb6b49fbb287b99a4a20a378d5e0a64c4c486abcc4d674cacb06fa74ba,common/temp/pnpm-store/v3/files/6c/f7778268541d8d016fdc1317ad17aa5af0452ca34d2b51ce3aed888630995ea1a3e90fff42accce8f8bf8ce71edd151510b500367ffc045c0d2d2b06d382f8,common/temp/pnpm-store/v3/files/43/c0b0b04de32aa61e1875f6b35f3c8aad3cc82fdc29718b5b9d6e83be9f69d4b145719102a7c9c381e1125a4e9880c0f559fdebeb0de43c42a7a369b8fb7b2d,common/temp/pnpm-store/v3/files/a6/8853dae75117f08253b1a76caf168d3c6725f224e3d2674eeed2b2aab04af6a46ec336ec4d2b5fd0688c2a409e3c9a8924b5099accc47125c6802a644b81b1,common/temp/pnpm-store/v3/files/66/379ea49194373c47d0eaa8dfde6773a31cfd2445fa63531af39ab2c7a7992bafb4752d5ffe04a79d3fe472bf2c5725ff540c38636ea6899d765f114a01413d,common/temp/pnpm-store/v3/files/4a/cb863de7b210fbb3fc248d01e10bd3ca48a693ed1177fcdeae6e1b2c9cf6672f6f27b071bd1102bd375cb37bf3f235e4837d131e81c16b5eca579ec6480e26,common/temp/pnpm-store/v3/files/14/4cb5c3134c95708815764ccb71dceede53b67aac181cf7f23bf6cb805a65087526179b6d3f6e502192a31ae86141ec3fc150c14caffcab678a891a0d1bed22,common/temp/pnpm-store/v3/files/23/8133af2a392de513b689a17a628b727765de01237a9f4c8dea7a3595ef59082dac2e1ee82ef73ae943e30f7e6ec7f550ca78d8c1b4cc2367117d5ed88667b1,common/temp/pnpm-store/v3/files/a1/26b5f2212fc46f123e9525e2589b3ce4b0e0ce57ded8b3e0804fc78e1191482c25182e2062bf995c007e8b64ead2e4d580161e714da2eb9b0ac607261c26e1,common/temp/pnpm-store/v3/files/e3/582994b98cbb4fe1133b5e0339a09a75034ce98ebfc5e0626680cd41cc61530158082790b04b78ae05152f8917524c4f37c3b8ad8eea045b91816ddfe240f7,common/temp/pnpm-store/v3/files/5c/9ddb2c499292d21612195ef07ed401396f1131090512c9bf71d16c714857e1b1a4780b0479a0668c590c7117583e0e3da9c2f5e0e5d9b15464cd0001df5340,common/temp/pnpm-store/v3/files/cc/2cb296734e5d3fa89d2f859704da2f146f6a789dbbdcb207281341672c13bb595a53eab9a929a7015b75bb1052c73d4d830a0ddfe64e22a16101f95af696d0,common/temp/pnpm-store/v3/files/ff/7e95b90a1e12fe8dd5c9f2539808c591e4f3490bfec08814263ab2b89949bd0dcd9271c5baa5031183500bf0fb09e0176e6ae5e4b694c3c58078a5742061d8,common/temp/pnpm-store/v3/files/44/b6c0b17ec436e954fb6dbfe38f6299dc8120e37f0a883e7c165aa101a6d10865b88b8934a75a11237230a6d7bc4b1ebb858cab92000069314def76fdc95681,common/temp/pnpm-store/v3/files/cc/e4529558a073ad9678d90f2b1dacdc8665fd68bee6af5eec60269e29d896f5c047170558c033f9cf8c0d4d0d7fa3e12cffc2f2c6a6fa40b406ad50e03dc87c,common/temp/pnpm-store/v3/files/d1/ae00bab01077bb20aede1e646b7484f72c1bd76fd4253ae7d656ee2ba245a2f92ab03584c4ee9cbf4064649346c54f73b4bbb2e2df54b48d441d09e7404cef,common/temp/pnpm-store/v3/files/74/2dc8fa8195b0a32b3c30fe2d4d090cc587b0d191383cd1223fce4e20b0065f0d13694e9bfbfdb6ff1dcdb84730ddf3668aea15cb12933eed6cd35116e1cae9,common/temp/pnpm-store/v3/files/7d/6ad24186fa8d6b17db959470be239df96c3c63c7b1d8c0af12e67314da90031646b1c16218c304682c621fde956e9245bef037d8a2250cc7c7faf633b18951,common/temp/pnpm-store/v3/files/15/e66f4973821fe4b6e0ac4a5180dc10b36c77c0f1e1d1509c14d30fc4c4d107687203d84379da0f67517522f716803d4cdb2498a33c894aa01b57c5eaa26165,common/temp/pnpm-store/v3/files/82/7588f7069447205ad6d47179d2e772d8f3b1849b4563b3e03102ebc1bf7c4ab0868e7a50fe5ea11ae5e57ef165e693fb466a4fd297921318001ac585feb9e4,common/temp/pnpm-store/v3/files/18/fd8ba0ccc6287551210e257ab9870d24ab4ce091951ee863c9a914846204b1d5c7f9c438f14abccd14f5cf4fffe25c7da93ddbe764f6de812e581a02a16dd4,common/temp/pnpm-store/v3/files/30/454209572c65e1986226709801b8f6b036fa561552f2aeee4dec64c35ecedde679664bd0fa8e9a7d79064f2499d9df6e2031f7084f57889546f1ea6860b403,common/temp/pnpm-store/v3/files/67/f5c40368e803266506830966a14210fc43a4cd7e7b056f67029275f9255c5b8bc223d0ae6a81d8bc829ceaac9159eda380df3502220556cf4dc923764e7376,common/temp/pnpm-store/v3/files/48/e362cfc2d1cf505c4d5c3e4beb6be9dffd32089b0dd9f7721d5cf2d0dff0481f752d03e33d47476bad794c3b68238ab8b1f2c3421eef1da7e930285f19a00c,common/temp/pnpm-store/v3/files/5f/5ec568c78cf5fa4ceadb56fcbb6a118d71780d0bd270d80d3382135a9d7ef319ab76f3e2540b754e3898e1ab8dc3a67218f7f70e284ad0fc3431ccdd587bfa,common/temp/pnpm-store/v3/files/ae/050416ccbf2f05efda7f7147898e348e5d8397c123f6fa8eecc98cbb1457c2653ebfe7f7400a3437f5f0088574f02cfb2e84b469d1f87abc66386b716e7659,common/temp/pnpm-store/v3/files/15/5dec8bfccd0d256b6d8041ed2dd1c1bb5816f6bb29a7b394dce3c1c46ccb73298a0f8f96472cde027203b85a449f605d6cfb0e7329536321c9d3556e36c6d3,common/temp/pnpm-store/v3/files/2f/7973dccfc1123cc428c5d32b5c03f7c76d768c3d7ddeb57da186792e945d6ffa3ba77798bf8ce8660c00bd8f3414e2bbc1665f70e6551599c82fa3441fded7,common/temp/pnpm-store/v3/files/30/81501f949796902ad90fac37a42af747a1b5d2326a6727ff9c51ea33f84be29e74f3330bd361d3fc58d51db368f964c9a9218e1cb5c7fd2918243798ac455e,common/temp/pnpm-store/v3/files/27/e722fecf8c75c3deb98846cb3a1c6cf26ad6b944d97345962ccfec8a30155dc533d2cff8cea59e592dc30cbdca1691df6b925530fc4cd9c24761521ba612ec,common/temp/pnpm-store/v3/files/f4/5026ad3539a15b6bbdc84a11babc511e9ea5a054e643190dc96bc832edd45f6150074875832e698716451064887cfbe0af1ad5176c035f307949b67ba84b18,common/temp/pnpm-store/v3/files/4b/8557c1f61d0ed74a4397bcdb9d64183a8710298dd4c37ff096fc8a97b3551ee0eec7b6abfcef02ab62aafa1c8089f937ef0ba89745a8cc093b9edad2f31775,common/temp/pnpm-store/v3/files/db/eeb6a916c711fc27c7bdb0cf4436fa2345b4c2848412e776ba086fe26a94829d9ef2c4d05c429f742e4d1005c27f702e02da0e45149e1a6d0c88e9034614ae,common/temp/pnpm-store/v3/files/ee/9767791f86f17e21d4f6fe73c245d2ea28c02e960b34173ee2a37a2183dff87faa478d82599368fa21db108f7a3eaef00134067db985cfed4f86c55f5b54bf,common/temp/pnpm-store/v3/files/58/a15709fd719141d0cf4a756826313b0957b72cad557815ad60861fb8b7b0c12912132b4e54b5d5105ba202680ef9ddfbe7a18d83a51b940aceb32b711c4e4c,common/temp/pnpm-store/v3/files/31/0ed0c0be2643ec41d4784214f89377e52e7886c70a62888e307c9e65bf1bfc620287ac886973a3c03786ad0a7050941fd0e2226dc56fc01dad02496a81926a,common/temp/pnpm-store/v3/files/7c/08345cddfae752dfdc4710fb523a1aac4dfba89121a04901dcb38f5c87b5010b22b59677901315a41fc032449e80a8bfd7951eebc9622068bc2f186c736814,common/temp/pnpm-store/v3/files/8d/609d64d4e3f7b92e6cb047b2c416902f59f67b716cfc1b030ff4a745f78e2cb65caab8fa38d39cf28e3997fe35ccc24c2e6b1c02de7a39e821467bdee70561,common/temp/pnpm-store/v3/files/c6/476106d2e72db4cc29c461333061189f6e0599cadc7e08f96e977356fecf3fc5b7d1003ee1a5e532e298eacafb266a79acb5c249b0213a8095b7a57efd3686,common/temp/pnpm-store/v3/files/de/359c4b85440808a75b2d92da6ad14932c7362a11f9230f73428336426d94a132fcd23c03596ead13db06117bc53cb6d706488ece20592134438efe4aa42624,common/temp/pnpm-store/v3/files/76/75f7b68e285fd82b77cbc75c172b76cb9e34f33820fb4e0400f7e5e2ed28972b52308158a4c918d8254f891ffae5713ff224a300e0c338b1f65d1fb2e39958,common/temp/pnpm-store/v3/files/04/0a67fe4c41713ad36fd894c3df2df16702f0524a58e0454fadb67231fb17037247b59d8e76a44d221334580842b9853eca921672dd4be6012b248e981c2a4f,common/temp/pnpm-store/v3/files/46/dbcc5a2621794958548519a375928c818e468c2d3ad4d1e475f97f81e96ef5124fb132917bf044e28fe58a1fa100bacde07e9f76b3288b4c8d926c8bc1fc30,common/temp/pnpm-store/v3/files/b1/a6a477b155955eec074949c4f01acb0909f11ebd8c2ff540ed9ed937152e5f190da71ca22f70a28f2c7212fab552612b24fca72cb899246089a7b6e3c3fdee,common/temp/pnpm-store/v3/files/65/c565100994b4c3ec884f2ee3ce0d640f40a34988a0b3371d6e2782b6aa4fad08fdc981c5977a725664e27af555d86ed4d8eea9700bd6f0e73f8292b24e0c0e,common/temp/pnpm-store/v3/files/3d/cc5e51fc1b9b2bc63f19384b86ec03920d3339a08f2edf5fb832774f1f3bca2ab5c326b159d13dc8bf16b23f4414744d36b6404f082db0f0c01275695f781e,common/temp/pnpm-store/v3/files/a4/d583a4cdb3de130c40d917900abb3f98326f0a17b50cb8a52a30cdf7babb0eac4c5dc2d16291d230b43cf829a281232840433fec78275963f2d89b895043e0,common/temp/pnpm-store/v3/files/37/e69bb823c37c1e1152765e8e21eba6d1a67d51d27b412b1831e22139e664eb1ad691bd1c81ddc21076554d40e2990efe98943e67bb7383eb8c40438514d094,common/temp/pnpm-store/v3/files/e8/91b224896792a012f9d5d85d3fd64d25808f792a36cefed6e7dfd1abf887b9bb60ad63fff8e3451fd63901f6db9174717231267ea5f6b539600c8e9b03de33,common/temp/pnpm-store/v3/files/51/6d67f8025ce4ea3a846588386edb9336d0c23b190103b19268b101adde87085261e1cc1007f71a7011a499bd8b7531c02591a5d57e5c3bcacfe4f6f74f2083,common/temp/pnpm-store/v3/files/36/a98eb7f2e080b2c8ce69e7ee9a229cbf0e47eec0af8b8908bf253b7f3e5a51b950688ae8ffd63068d5e8fda5d782031d7305066ce1a130cddd0de8bc7929b0,common/temp/pnpm-store/v3/files/3b/6f8c94794027dd6c34501f32302ec87500f4848cd45daed655b7df7e5c844ac360696c1151f4d93fcccb0236edaf6bbb66be0029e70775184e46226c529d55,common/temp/pnpm-store/v3/files/fd/97cdb02ef706e8073ac55fd62e95c15902cb36882ce5da25275f83bb52e5f422298f6bc97c9a7502b67346da44fad6ebe92534270e094c93d6e7028d210fb9,common/temp/pnpm-store/v3/files/88/db04286dd99b6d476a0be0db0b7c55e0e8f4f19605a8d0f5e8ec195ff2dc16ce9c3d7832088aed04dc3ba2970702fab3c2d86d85e60ed057e8b5fba2a584c3,common/temp/pnpm-store/v3/files/2e/f41dbb69c7b9ece482018561e5597eaaf65038c956ab7cf3c4dc7d4d18f966659a82f230345183976ba3ed3c3758b359b40b7be2e0ab58d6ef5864b28592b5,common/temp/pnpm-store/v3/files/2e/ac91765958a120f86c99700e51176c91648edc4b618879873328983fe269651b105f733b194dcebdd8205322ea2db9cd13403a7674647837e45f5a1622ff66,common/temp/pnpm-store/v3/files/00/e9c5d841ffb579f653c1ace4472091837ff4224dacd7c5141c75687ff3adde87a413ff8f3ed705b6d22c315a9924b64e945fbc42c9ec1c4b138d32b90692e5,common/temp/pnpm-store/v3/files/f6/bd73127b651631a7f2568b0ac16745fba77539f4355e00311b2ebabc358ea2696af7b437349cea7b385135fdd7b0aaf9b376d9336b57c2c7dc15885444eea5,common/temp/pnpm-store/v3/files/cc/4d882dba4e6287dd377e6c6bdd5bd086143d1dcc8d7d3bde9c167d67e67c87e7c3b15ff2c3b61f601382f0b27f668e7c6cf4e323d019a27b621cd3685375af,common/temp/pnpm-store/v3/files/e5/23efc7c526358ce53bad2441c0d17ee561925071add6f9a3d7aa7d6df517293d484fd71098f4248fadf993f1511efb71f079d9fcc7cd8fa4bdde8ceeb7b8ec,common/temp/pnpm-store/v3/files/0f/24a8189d53c9bfe51343af5f726b31bea58ac3e56d26b08558c7ed78d96b99928885be67cd32c574e03d35673f72cf3b2bd11a19203b03b46b2d0ae72d6e97,common/temp/pnpm-store/v3/files/ed/31e9be25418391c15e2ef6416a7c80294ee124a80070e24ec63188ea576d9c9ea9c1ffaf51b54509bf6771d3d758ebe5f2f71e287b919b83a29e93b636dbfb,common/temp/pnpm-store/v3/files/ab/95fb9d4d8549ad7886bace865a455d99ae6d8cde2815f674f312df04fce9d1656489c24e1a819a5274266f7b306a16fe05b5efd3667424494e3e435db4d91c,common/temp/pnpm-store/v3/files/42/3e7781783342e16316d546cc9b43fcc285db354eef0a5815e1bea3df885e34a168a78bb09e17e9ccd524d82a88dd54cf344abc3b0afe5ed04d438a5338a32c,common/temp/pnpm-store/v3/files/c4/df6f2234b60898a5554951eb7fd4b124a452bfe538b20d4352993cf4247b72f0a2a69d7cc2a92f3cdbad0a6ab3b822fd9c66b73f81ac44fe889afae983c045,common/temp/pnpm-store/v3/files/0d/4fcdf19420fc40ee7bf308d159f00471147f3d0b138b7f7f9cfd4d4a764563425abf2548b34ca7a3c541b79bc7018f4a7f9a05b96aee729dc83808cd90bb65,common/temp/pnpm-store/v3/files/6a/bf0d14f6a47ecf219a77e34e21ab8245b9a305552993d89ab7925e123b8e117566730a593020600b67c6ad27a1c89186ff8b8b09495c495bbcf3623ce729e2,common/temp/pnpm-store/v3/files/64/c17e13fe1a6493633590572ec6d468a40272a8a9745d0d669829a069a29825e4f5a82000c819552070e632b2ade2dbbf531e2d6efc38f9931e673701f14f15,common/temp/pnpm-store/v3/files/b9/c15d92443490ed281719d615ae3e2b5ee90371051ca237c1470283a0bbc39ea65231b78f8ec083f37af8fe792283603a2df4921f1db316cda1f791b0d3fa6c,common/temp/pnpm-store/v3/files/04/0ce18fc36f66116fd2ebcd6e50cf24a98f15d6322f9ff5fc7a9d5461a0e140b1bf88033c6686a511fe9993a27e8d0e3d6d2000b10cd8d02b30dab4b7cd5ff2,common/temp/pnpm-store/v3/files/ad/9a494c414c275add13fc0a47ba6bbe095999bce9a1def9ee753c4fc29b2c760ddf52a6201511218bf002258e3be337d9aa59987b06c601f83254af0f4d6058,common/temp/pnpm-store/v3/files/08/dd63d0f9867b0295878a282e0bdd506fe6e5676d157273669297f859c1ae74552b263bb95141f6e34ddada35bba799e662f363ee3e0d4300932519559e92ed,common/temp/pnpm-store/v3/files/f6/19c303f4f3cbd4aa688fd12be2a123647819bc513835f6a134d45b05903aeec16580642165c9420a7736b9f80a5d37bf577f2d11620da55d485ef97c6a93be,common/temp/pnpm-store/v3/files/64/050d4c73e83522c67ca0e08e3eacfb327400f18e28e0a5d8f562d7b775e7cceb45a76dce992dbde6931d49b3880561f6c7677acca25fddf4e4be90f5186517,common/temp/pnpm-store/v3/files/fa/69061f32bca1a6493b1c76b08e2144c70daeb41d8068681c1cdaedb8e0c51b883c2fa59ee595c24621a5f1ee68e5ce2658e9cdfe8429bbc73bba4a0cf0ea54,common/temp/pnpm-store/v3/files/2d/aa7abec3bb2e012171f708a02741d9ef1901c6f76939bca564e6f6942ba207601cee86d7c669506599ba27268877abd4ca3a49072b3c8e3112f26ed95c1d06,common/temp/pnpm-store/v3/files/23/24afffaeb6841ebaff50acd57b5d71a079a2b523869eee809beba7162a00231aa52117b32e1b8cb1a0f112602fb0148e432d04f047f39c3ccc00e1696c838a,common/temp/pnpm-store/v3/files/bb/30647c349b026d80c0ffd5902189706c9c9ebdb62cc98e59e925f60cff4368459ea68b7061b129ca0116d6b73127051640c310ca3f6d9aa363b9c87bd2e86f,common/temp/pnpm-store/v3/files/92/fb70fff72f3968d73d17eb6e30ce7ec9980cd90255c1ab54697df9966cb3dc729b9915989bda752d1f272033dcd0bfc9a4f4e998f712dc82134f4b1af61ce8,common/temp/pnpm-store/v3/files/98/6c243c7be9864a9f278e2a2d12d5643c68651e91e9fdfbfd81261963198b3e21bc210121cd0777550266c23f1a0f3904f5779d0880c928ba5150c1e9deb523,common/temp/pnpm-store/v3/files/07/bf38b7f8756e932384406953c30b122f5ffea7a941d7fdb80134d566268236572bf77df40a99969ee705e1a45c0c2039667a055fb15f4dba70f0f01567566a,common/temp/pnpm-store/v3/files/af/de59eec1393dc62f8b7abd16b94c25b499a7ba512a3afdd2acd0bb20ccb6c28613fec96d9b89ba10e0624e08a3d8d1605a14e949bbfd92936e302ed5c57905,common/temp/pnpm-store/v3/files/12/9a393b29113d415440da6655e055915979bc357c5089f27479770b610b5d3674934fa7b927a4c405e7fec5409e0279f3f1de4b0869a7f503d6c93b5583cf6f,common/temp/pnpm-store/v3/files/ea/cb6e7d02d749b0a7f792a6a9f3ae0ca27cece9138ba8c27fa7bb477f3c6f8d9e3dcbd070e39c73557cf89aaf4cd31c8aa1c388d576d752effb0a91f7c4352f,common/temp/pnpm-store/v3/files/c6/e549cd5a18d65f2a914d0e1d2a1b2aae8740e50315a1f146a38349be9a8db8d2b255e3cf610440c8e9b9b08cfd147e0ddeed763268256ac74abf173b560a28,common/temp/pnpm-store/v3/files/39/754a466036f5ab8013d9a1f2c74ff52a4c62f98219f86350b7ffd739df289cf6b47cdddf49427e99187efa48dd5efb6101058b26315e32496a054a9804f272,common/temp/pnpm-store/v3/files/ca/8a1b59bd71952c56cf364350463eb0429c859c0118bf19fa39f65a755e7aef65787e35091b74371e7a12ee1624f0e763469570d03115f9fd28e76a42e3a0fd,common/temp/pnpm-store/v3/files/78/3fe4652b76f7a64329047f57bb2a9d7d72d4bc5b54d8f64463f49f07d6a61166f1462c2275cb9a2f6ea9b7a5f307bfdb352708f2737ea76af4365f86f36772,common/temp/pnpm-store/v3/files/54/7627636339a25d7bf811b98143032ab2c43e0ccc5fe236656a98b98a009312a9abf2f05ab7a898695bbf0d09e727640385c3d7368d1545f13625215696019b,common/temp/pnpm-store/v3/files/83/2c54f8034990714e4c0b06c330213a39b3c9cbf4fe9880d59ea600188d450c3f61995529246b50112cd084fea0fbc61c162338b70fc7e0d33c2e1390fb4355,common/temp/pnpm-store/v3/files/13/dab55a35d2cfae6c436fd0582064aa7d5d66c8bd232767ac37bf05ef537c127f783dd72ea89775705149ea0ee873ad568e56912ae70cd79b18c268a67ebb53,common/temp/pnpm-store/v3/files/bf/79769d5026a13f4aa6f57d256b18c4cb7ec29aed565b7cbbfc922a732c99ad489b9ad381fc7a1078fc217efc50c49bde9b703a3680f467caf6538cc20624ca,common/temp/pnpm-store/v3/files/d6/1cb376538ed2594ea8ed9f3c082ce4e3264b6bba4598ff481f1b0ebcce606f34c00584b19d684fee040ec0c2f06c581d08efa47c0c69b521ab6f7331250cae,common/temp/pnpm-store/v3/files/c3/33361a084c4c92fd231c27060035a254b55b07a2bfc23cdb7efa2bbd1804e83160c6c2c102cd7d52fb640aa322d930833c95c97f102b2d7444bcebd498391a,common/temp/pnpm-store/v3/files/dd/4756155ebe5c7919cb6ed09a46b1fdde9c72fa4ddc3cbc085bbf8cb0396eda7919dafbeaabf6985be6a9e2afabc907f896803fd12a6ba943e16a15c8f1d0bf,common/temp/pnpm-store/v3/files/d2/30f996c56a81f85f0917578ce7c1df0273b9284c85c65352a3afb5206fb8bb80220d688d76befb6d8a5a74aab19d33f4ec089fc71663d5add2ce4cd3b8eaa4,common/temp/pnpm-store/v3/files/b3/c5f920fe867dfa427c7984b09a9b408972323742c9aafa0de7ad4d27576aad4dace01db8edc3aeafda832b55c31a7b716fd634f09655d02c924855640923f1,common/temp/pnpm-store/v3/files/fe/f15b2795bf97dbd0df063f926f7d40f01d9ec01335d4aec2ca36fa6612a637a2529d0149124a82108a8fc803986dda2cf444b3e12ffc4ae8b5a5dec6879531,common/temp/pnpm-store/v3/files/4a/3981a6731f606ffaf6b3aa50d140b14ef4881b835fcd3d88e3b24c754fa6d02f303f04f3c49e79e27c45c229690c01e94020d2e409ab118ee406067bb6ca05,common/temp/pnpm-store/v3/files/0f/99eaaf04c851d2eb425eacebfecdd4660bf4de112c3869073fbcf3c147b1f6343d8a17a05c2a4a1068628ee2b0ecc8ca17fdda10302edca3baf415d01cbd17,common/temp/pnpm-store/v3/files/7f/30b9f8e98c384bde48af96ef10f3f129465b881213686b0e995ac6dfdd68e0b3b69cf53fbf2eda02053e1fe73c64a639ec18748f9eb3c4ec4fc0d3a03c6032,common/temp/pnpm-store/v3/files/19/e9d74dbd31d02e465a5fdc68dd0acf3bc0843e9f60ec0636aabcdd389b5a1107378f3fdf84b114ac74f1a59797b8c0c99bf94a9065b7f9d7809eea6e16108d,common/temp/pnpm-store/v3/files/58/df7e2c3a7c4ff87f528082df7f04b15bb4da2a2f1ca95f4ba8fce1d821690f3ea6ddf6447693cc1cec8f48a959ea6b1a8dd157488c704c70f392591c0420cb,common/temp/pnpm-store/v3/files/de/c768dcbeed90180f0712f11f974df04167108fc6886ae2ac27fd30ad229759e15dddc73cbe19686e7872dd59a4483654c0fdc655699f6712a23ee1d0106677,common/temp/pnpm-store/v3/files/c4/470e6229aea36f475b2c76d5f6e6cf1a3d420a3d4a9a0f32598dd4f0dbf58e6c5e39ee74e21e82a5873041a3ef0d57b91a865072a2b30e89327fd19b8cbef6,common/temp/pnpm-store/v3/files/68/01d9907dcdeaf279e85e733d487c807f0940210a65b75922187c4eee2bb36e41fdf10823991aae0e2188338fc308ea1a1840dac4287c28a5daef8863cddd2a,common/temp/pnpm-store/v3/files/76/5eced6d58100e4d7ec175d0365f6b6841fd578d2eff71e41cd137e351a7c72f4f5ed9329a04a3a25ed1ce3a24829b3a9a540fbafc6fa634f6f8fcd0fc94af6,common/temp/pnpm-store/v3/files/cc/fd470af437bf5f0b24f967b447dc7c59cd89e9452e7139a059b35ad5bbe41d10c33f3c8060f44716d15eea1e8f3d238effcc552bc4373fc6b4a5ca59c54cbe,common/temp/pnpm-store/v3/files/2b/3678a32dd3dee179b29e6c66368efed0c919f175bb2da05d8092e9ba63835982518eb78a8946e6ca83e98fdbe09f4a55c40f2aac2f06d8a3f007e5176e0e9c,common/temp/pnpm-store/v3/files/cf/d38d8eeeb6310eb0e21988a3830a6fddf4305968fb5da8ea69cae79271ecc1475de8f8aa974e1332d7d367806e8f213b986597b676bdbe322b9c15a5795d18,common/temp/pnpm-store/v3/files/77/c80933679e4c18646c590282f858e00fb3e256fd537bf71aff7fa911e33397c0d27ff31b902b1c6295fe25daf34efa5fe3c36fab6a154c4a8af159215dd336,common/temp/pnpm-store/v3/files/6d/1e07b8f0bc58fb51db0391fd029084e4a264ab40a0576e046831bc1c29cf63b815cd28d45c654089f0ed6c919a37ec5a211b55bd9562413dd90797f87aa919,common/temp/pnpm-store/v3/files/85/d3aa58b62dae2d4d0685afeb3cc61ec505d0af09ac26e33d3f9d7b47ed7523bcfb0c2b146e37dd8cc699bd0ba99372e1d9044908544de0a15cc7b7e67490a6,common/temp/pnpm-store/v3/files/ac/9bd1c1a80c4954c2d5bdd7e270a051f4d1a0105a6d1c897fdd07e3b00389d4a838edf88bbdd35ed1910bae9b9663dbac0ff59cbeeb191862079559175129f1,common/temp/pnpm-store/v3/files/34/44955b9852606ebb48d71c364b05026e5ef4599cdc2ff1e8ce082d3068470b59042aaa2ca9b75c87209d779b4dbcb6dd4bb7a4363a624a9260ba601e090808,common/temp/pnpm-store/v3/files/d9/bc30d645a28c0cf882dfcd69f98cb8880edea9c781f042a5e30a5b167a0a9a69206763f140d5ace879398ae3fe1f7e0450e8bee8601caaee31758e9ce9f901,common/temp/pnpm-store/v3/files/61/41d743a82eaf44549ca3583fde60fd295bd6fc1a9cdfe2002c330cf6f59d24dd33ea8d937e82e9b6d5c8ba5d11a80bd66f9b80fdea5e2d7a90bd3b0f8ad294,common/temp/pnpm-store/v3/files/ea/ba546c27e8e7c87a7b8edc9ba44d5630a8f39d514bc1a29a3a7af54279157cae05ff9fe199d1fd30ea10cca98777e12d822842e588798760fd9f1f1d8b1412,common/temp/pnpm-store/v3/files/ee/e5970b00173061970dea804bb67e9588b252abfeea60cdf85b3d078bd3b2ab1b37906d1cabb9c6ce14abfe809f9dcadc99fc8405599a99b7a1433c1c12229b,common/temp/pnpm-store/v3/files/be/f7d8529924c0827f7ffc5bdea369847344d5323fd1bb629df818e21ab22c6bffd3013baa406cda32d65516a037c3d3c302fc102bdb872426c4d8f8658b8ff8,common/temp/pnpm-store/v3/files/bf/2615c0c9669aff0b080790a2a09a7c6725759a46f0ec39361b9d90d5b5ec1d49a90b60564068bd1c875accfb721ab7f7764acd288802bf186cba8d51bc2add,common/temp/pnpm-store/v3/files/0d/fcc84075c07082e5f46218fafbb2eced6f1ea26031155665c35a18b66c94d60701f5e642aa26b431a6c1172c38a955bea9efe2d2bf745ffc5c068f764bb7e2
[NX v22.6.1 Daemon Server] - 2026-03-22T09:31:43.240Z - [REQUEST]: common/temp/pnpm-store/v3/files/8f/1041e4f87541cec030af70b35d651f3afbe2ee82519600a3ae28813da6a0768dcbac3b3c9da91d06a8646ffcd776b5c1c14522af527dc3501512c724df2845781927,common/temp/pnpm-store/v3/files/de/31c2239e69100cfd40b567f640cc620b77ce431282ad47a4ec8440f0435b22e3821e59ae4325f2d013214b85abba70daf255c707077bb6f5bf466acf5b5427781927,common/temp/pnpm-store/v3/files/88/db04286dd99b6d476a0be0db0b7c55e0e8f4f19605a8d0f5e8ec195ff2dc16ce9c3d7832088aed04dc3ba2970702fab3c2d86d85e60ed057e8b5fba2a584c3781927,common/temp/pnpm-store/v3/files/3d/cc5e51fc1b9b2bc63f19384b86ec03920d3339a08f2edf5fb832774f1f3bca2ab5c326b159d13dc8bf16b23f4414744d36b6404f082db0f0c01275695f781e781927,common/temp/pnpm-store/v3/files/92/120415820be0ab3f4d9ee0d02b23a588ea98e9dea43e5708fbd5b93eac047d9ef07fa5f660040549aa6eab5f59ab103674a827cabc513a1e3465c0cceab46f781927,common/temp/pnpm-store/v3/files/d1/ae00bab01077bb20aede1e646b7484f72c1bd76fd4253ae7d656ee2ba245a2f92ab03584c4ee9cbf4064649346c54f73b4bbb2e2df54b48d441d09e7404cef781927,common/temp/pnpm-store/v3/files/23/8133af2a392de513b689a17a628b727765de01237a9f4c8dea7a3595ef59082dac2e1ee82ef73ae943e30f7e6ec7f550ca78d8c1b4cc2367117d5ed88667b1781927,common/temp/pnpm-store/v3/files/17/2f0fd9128ea61e8f73993a3a0d8235dd44c74b8f7be7dc595c09eaaaaeb1b552f0c10b716cbad367eccfe2a0c426cb80710198738f4adec49d63de9e9874e0781927,common/temp/pnpm-store/v3/files/00/e9c5d841ffb579f653c1ace4472091837ff4224dacd7c5141c75687ff3adde87a413ff8f3ed705b6d22c315a9924b64e945fbc42c9ec1c4b138d32b90692e5781927,common/temp/pnpm-store/v3/files/bf/2615c0c9669aff0b080790a2a09a7c6725759a46f0ec39361b9d90d5b5ec1d49a90b60564068bd1c875accfb721ab7f7764acd288802bf186cba8d51bc2add781927,common/temp/pnpm-store/v3/files/4a/3981a6731f606ffaf6b3aa50d140b14ef4881b835fcd3d88e3b24c754fa6d02f303f04f3c49e79e27c45c229690c01e94020d2e409ab118ee406067bb6ca05781927,common/temp/pnpm-store/v3/files/92/fb70fff72f3968d73d17eb6e30ce7ec9980cd90255c1ab54697df9966cb3dc729b9915989bda752d1f272033dcd0bfc9a4f4e998f712dc82134f4b1af61ce8781927,common/temp/pnpm-store/v3/files/bb/30647c349b026d80c0ffd5902189706c9c9ebdb62cc98e59e925f60cff4368459ea68b7061b129ca0116d6b73127051640c310ca3f6d9aa363b9c87bd2e86f781927,common/temp/pnpm-store/v3/files/db/eeb6a916c711fc27c7bdb0cf4436fa2345b4c2848412e776ba086fe26a94829d9ef2c4d05c429f742e4d1005c27f702e02da0e45149e1a6d0c88e9034614ae781927,common/temp/pnpm-store/v3/files/19/e9d74dbd31d02e465a5fdc68dd0acf3bc0843e9f60ec0636aabcdd389b5a1107378f3fdf84b114ac74f1a59797b8c0c99bf94a9065b7f9d7809eea6e16108d781927,common/temp/pnpm-store/v3/files/60/430d27e6f04b2a639d75870fa3e05dad206ec19b6ffb3aa784bb2921c74c5310f695ae760899153a74ab598ea38f2a6eb3aafaf3d2f4ed8b3ffdd6c1ba2193781927,common/temp/pnpm-store/v3/files/5f/5ec568c78cf5fa4ceadb56fcbb6a118d71780d0bd270d80d3382135a9d7ef319ab76f3e2540b754e3898e1ab8dc3a67218f7f70e284ad0fc3431ccdd587bfa781927,common/temp/pnpm-store/v3/files/44/b6c0b17ec436e954fb6dbfe38f6299dc8120e37f0a883e7c165aa101a6d10865b88b8934a75a11237230a6d7bc4b1ebb858cab92000069314def76fdc95681781927,common/temp/pnpm-store/v3/files/be/f7d8529924c0827f7ffc5bdea369847344d5323fd1bb629df818e21ab22c6bffd3013baa406cda32d65516a037c3d3c302fc102bdb872426c4d8f8658b8ff8781927,common/temp/pnpm-store/v3/files/31/3064ff78c62cd076b55c6feae2e5161d62bbae2260e4363db74e48adcd5bc259b2695a3a1daaeac76d2a8c0185fc3c4052e660dcd35b8fe82b8b804c88ba6478192,common/temp/pnpm-store/v3/files/0e/8748ffaa3e76295d1a9129ece367766cedf4fa8fd181f3767def9246ab2a26ec4659029dd87bfea8703c5be696c284fa18ef0265200e18e843305123708730781927,common/temp/pnpm-store/v3/files/ee/e5970b00173061970dea804bb67e9588b252abfeea60cdf85b3d078bd3b2ab1b37906d1cabb9c6ce14abfe809f9dcadc99fc8405599a99b7a1433c1c12229b781927,common/temp/pnpm-store/v3/files/96/8422a4c7a92d018d5eb0e43020f8bb8c7da54162099c8a08372825695277667095f22487e35b53b0b8a233a770d6318f9864b8992099277dc61ee0bb3003bc781927,common/temp/pnpm-store/v3/files/68/01d9907dcdeaf279e85e733d487c807f0940210a65b75922187c4eee2bb36e41fdf10823991aae0e2188338fc308ea1a1840dac4287c28a5daef8863cddd2a781927,common/temp/pnpm-store/v3/files/ae/f1f15140eaed79dc7d64a66016857631226372c811e972ffed9ff748ea174e6d3530cfa263ebd96aa4d74a250c864fa81924dd1b0f69ffb65c7c66d176d225781927,common/temp/pnpm-store/v3/files/2d/aa7abec3bb2e012171f708a02741d9ef1901c6f76939bca564e6f6942ba207601cee86d7c669506599ba27268877abd4ca3a49072b3c8e3112f26ed95c1d06781927,common/temp/pnpm-store/v3/files/9b/f75ab321b545e0c4cfe4536ae60d7f3cc1e94e2862f9f4d0a7463501840ec89ee007cae85011693ee54ac6dc01b16d7735b14fdf53355a9aaca16a7a35ff2b781927,common/temp/pnpm-store/v3/files/04/0a67fe4c41713ad36fd894c3df2df16702f0524a58e0454fadb67231fb17037247b59d8e76a44d221334580842b9853eca921672dd4be6012b248e981c2a4f781927,common/temp/pnpm-store/v3/files/2b/7cb9f40209d6d375449074a92d510f8c77480a1c33b9b8c550d8eb6b87c1bb2dd416994715632571c630bc380eafbcf7d210ea1b120d2b357f1b996ea8b257781927,common/temp/pnpm-store/v3/files/ff/7e95b90a1e12fe8dd5c9f2539808c591e4f3490bfec08814263ab2b89949bd0dcd9271c5baa5031183500bf0fb09e0176e6ae5e4b694c3c58078a5742061d8781927,common/temp/pnpm-store/v3/files/ac/9bd1c1a80c4954c2d5bdd7e270a051f4d1a0105a6d1c897fdd07e3b00389d4a838edf88bbdd35ed1910bae9b9663dbac0ff59cbeeb191862079559175129f1781927,common/temp/pnpm-store/v3/files/de/359c4b85440808a75b2d92da6ad14932c7362a11f9230f73428336426d94a132fcd23c03596ead13db06117bc53cb6d706488ece20592134438efe4aa42624781927,common/temp/pnpm-store/v3/files/0a/b5bf2146cf07627a1e9e6297b0ab3103d12209cc38b0154a5ac5495a85953efedb6e8c80e6edb462df2bd42b948ed78df2daf9f1b2ab159629394249a1b5c8781927,common/temp/pnpm-store/v3/files/4a/cb863de7b210fbb3fc248d01e10bd3ca48a693ed1177fcdeae6e1b2c9cf6672f6f27b071bd1102bd375cb37bf3f235e4837d131e81c16b5eca579ec6480e26781927,common/temp/pnpm-store/v3/files/de/c768dcbeed90180f0712f11f974df04167108fc6886ae2ac27fd30ad229759e15dddc73cbe19686e7872dd59a4483654c0fdc655699f6712a23ee1d0106677781927,common/temp/pnpm-store/v3/files/78/3fe4652b76f7a64329047f57bb2a9d7d72d4bc5b54d8f64463f49f07d6a61166f1462c2275cb9a2f6ea9b7a5f307bfdb352708f2737ea76af4365f86f36772781927,common/temp/pnpm-store/v3/files/46/0ebd2ff73612ba48c9af0b25dd112852fb56e7cbe19863c29d24450ef4fde3e84b4b222f8f8e01eff12e7752e0459c6313d9f0ec138f6c78aa6ce8744639ba781927
[NX v22.6.1 Daemon Server] - 2026-03-22T09:31:43.243Z - Time taken for 'hash changed files from watcher' 17.03429099999994ms
Time taken for 'plugin worker 78297 code loading' 53.339208ms
Time taken for 'plugin worker 78296 code loading' 53.364917ms
Time taken for 'plugin worker 78298 code loading' 53.399666ms
[NX v22.6.1 Daemon Server] - 2026-03-22T09:31:43.317Z - Time taken for 'start-plugin-worker:nx/js/dependencies-and-lockfile' 75.35641700000087ms
[NX v22.6.1 Daemon Server] - 2026-03-22T09:31:43.317Z - Time taken for 'start-plugin-worker:nx/core/package-json' 74.79374999999891ms
[NX v22.6.1 Daemon Server] - 2026-03-22T09:31:43.317Z - Time taken for 'start-plugin-worker:nx/core/project-json' 74.46837500000038ms
Time taken for 'nx/js/dependencies-and-lockfile:createNodes' 0.9174170000000004ms
[NX v22.6.1 Daemon Server] - 2026-03-22T09:31:43.328Z - Time taken for 'build-project-configs' 80.9860830000016ms
[NX v22.6.1 Daemon Server] - 2026-03-22T09:31:43.328Z - Time taken for 'createNodes:merge' 0.15795900000011898ms
[NX v22.6.1 Daemon Server] - 2026-03-22T09:31:43.328Z - Time taken for 'get-all-workspace-files' 1.6127089999990858ms
Time taken for 'build typescript dependencies' 0.046999999999997044ms
[NX v22.6.1 Daemon Server] - 2026-03-22T09:31:43.332Z - [SYNC]: collect registered sync generators
[NX v22.6.1 Daemon Server] - 2026-03-22T09:31:43.332Z - [SYNC]: project graph hash is the same, not collecting task sync generators
[NX v22.6.1 Daemon Server] - 2026-03-22T09:31:43.332Z - [SYNC]: nx.json hash is the same, not collecting global sync generators
[NX v22.6.1 Daemon Server] - 2026-03-22T09:31:43.332Z - Time taken for 'total execution time for createProjectGraph()' 5.640166000001045ms
[NX v22.6.1 Daemon Server] - 2026-03-22T09:31:43.332Z - Time taken for 'createDependencies' 4.19733400000041ms
[NX v22.6.1 Daemon Server] - 2026-03-22T09:31:43.332Z - Time taken for 'nx/js/dependencies-and-lockfile:createDependencies' 4.1681250000001455ms
[NX v22.6.1 Daemon Server] - 2026-03-22T09:31:43.332Z - Time taken for 'createMetadata' 0.006291000001510838ms
[NX v22.6.1 Daemon Server] - 2026-03-22T09:31:43.332Z - Time taken for 'serialize graph' 0.14462499999899592ms
[NX v22.6.1 Daemon Server] - 2026-03-22T09:31:43.522Z - [WATCHER]: Processing file changes in outputs
[NX v22.6.1 Daemon Server] - 2026-03-22T09:31:43.522Z - [WATCHER]: 2 file(s) created or restored, 0 file(s) modified, 2 file(s) deleted
[NX v22.6.1 Daemon Server] - 2026-03-22T09:31:43.522Z - [SYNC]: clearing sync generators cache due to file changes
[NX v22.6.1 Daemon Server] - 2026-03-22T09:31:43.609Z - [WATCHER]: Processing file changes in outputs
[NX v22.6.1 Daemon Server] - 2026-03-22T09:31:43.609Z - [WATCHER]: 1 file(s) created or restored, 0 file(s) modified, 1 file(s) deleted
[NX v22.6.1 Daemon Server] - 2026-03-22T09:31:43.609Z - [SYNC]: clearing sync generators cache due to file changes
[NX v22.6.1 Daemon Server] - 2026-03-22T09:31:43.624Z - [REQUEST]: Updated workspace context based on watched changes, recomputing project graph...
[NX v22.6.1 Daemon Server] - 2026-03-22T09:31:43.624Z - [REQUEST]: common/temp/pnpm-store/v3/files/c5/3d1b5dc78ad2e06ccb3298752c9eda0643a70d1f5b687bc74d99d126f9f0e66148a522c6f1ccc785fda5a5b2a56cf1867de13061e11e89aa24ed3bff775ba4-exec,common/temp/pnpm-store/v3/files/9a/0dce3cc578857cb0c29a03c6edd075ae7108a422faf09366af12f49fc4a64841d87cca5eae12345644dfe34af77258c5cf153127a9fa5394482fd154a681ab-index.json,common/temp/pnpm-lock.yaml
[NX v22.6.1 Daemon Server] - 2026-03-22T09:31:43.624Z - [REQUEST]: common/temp/pnpm-store/v3/files/9a/0dce3cc578857cb0c29a03c6edd075ae7108a422faf09366af12f49fc4a64841d87cca5eae12345644dfe34af77258c5cf153127a9fa5394482fd154a681ab78192,common/temp/pnpm-store/v3/files/c5/3d1b5dc78ad2e06ccb3298752c9eda0643a70d1f5b687bc74d99d126f9f0e66148a522c6f1ccc785fda5a5b2a56cf1867de13061e11e89aa24ed3bff775ba4x781929,common/temp/pnpm-lock.yaml.3288227466
[NX v22.6.1 Daemon Server] - 2026-03-22T09:31:43.627Z - Time taken for 'hash changed files from watcher' 2.2349579999990965ms
[NX v22.6.1 Daemon Server] - 2026-03-22T09:31:43.686Z - [WATCHER]: 2 file(s) created or restored, 0 file(s) modified, 0 file(s) deleted
[NX v22.6.1 Daemon Server] - 2026-03-22T09:31:43.686Z - [SYNC]: clearing sync generators cache due to file changes
[NX v22.6.1 Daemon Server] - 2026-03-22T09:31:43.686Z - [WATCHER]: Processing file changes in outputs
Time taken for 'plugin worker 78300 code loading' 49.360333ms
Time taken for 'plugin worker 78301 code loading' 49.342791999999996ms
Time taken for 'plugin worker 78299 code loading' 48.270917ms
[NX v22.6.1 Daemon Server] - 2026-03-22T09:31:43.703Z - Time taken for 'start-plugin-worker:nx/js/dependencies-and-lockfile' 77.27145799999926ms
[NX v22.6.1 Daemon Server] - 2026-03-22T09:31:43.703Z - Time taken for 'start-plugin-worker:nx/core/package-json' 76.66316600000027ms
[NX v22.6.1 Daemon Server] - 2026-03-22T09:31:43.703Z - Time taken for 'start-plugin-worker:nx/core/project-json' 76.3455840000006ms
Time taken for 'nx/js/dependencies-and-lockfile:createNodes' 0.7837920000000054ms
[NX v22.6.1 Daemon Server] - 2026-03-22T09:31:43.713Z - Time taken for 'build-project-configs' 82.88899999999921ms
[NX v22.6.1 Daemon Server] - 2026-03-22T09:31:43.713Z - Time taken for 'createNodes:merge' 0.1575830000001588ms
[NX v22.6.1 Daemon Server] - 2026-03-22T09:31:43.713Z - Time taken for 'get-all-workspace-files' 1.5674999999991996ms
Time taken for 'build typescript dependencies' 0.043209000000004494ms
[NX v22.6.1 Daemon Server] - 2026-03-22T09:31:43.715Z - [SYNC]: collect registered sync generators
[NX v22.6.1 Daemon Server] - 2026-03-22T09:31:43.715Z - [SYNC]: project graph hash is the same, not collecting task sync generators
[NX v22.6.1 Daemon Server] - 2026-03-22T09:31:43.715Z - [SYNC]: nx.json hash is the same, not collecting global sync generators
[NX v22.6.1 Daemon Server] - 2026-03-22T09:31:43.715Z - Time taken for 'total execution time for createProjectGraph()' 3.9292500000010477ms
[NX v22.6.1 Daemon Server] - 2026-03-22T09:31:43.715Z - Time taken for 'createDependencies' 2.7337079999997513ms
[NX v22.6.1 Daemon Server] - 2026-03-22T09:31:43.715Z - Time taken for 'nx/js/dependencies-and-lockfile:createDependencies' 2.7132500000006985ms
[NX v22.6.1 Daemon Server] - 2026-03-22T09:31:43.715Z - Time taken for 'createMetadata' 0.004542000000583357ms
[NX v22.6.1 Daemon Server] - 2026-03-22T09:31:43.715Z - Time taken for 'serialize graph' 0.12666600000011385ms
[NX v22.6.1 Daemon Server] - 2026-03-22T09:31:43.788Z - [REQUEST]: Updated workspace context based on watched changes, recomputing project graph...
[NX v22.6.1 Daemon Server] - 2026-03-22T09:31:43.788Z - [REQUEST]: common/temp/rush#78133.lock,common/config/rush/pnpm-lock.yaml
[NX v22.6.1 Daemon Server] - 2026-03-22T09:31:43.788Z - [REQUEST]: 
[NX v22.6.1 Daemon Server] - 2026-03-22T09:31:43.792Z - Time taken for 'hash changed files from watcher' 2.2429160000010597ms
Time taken for 'plugin worker 78304 code loading' 48.322832999999996ms
Time taken for 'plugin worker 78303 code loading' 47.300334ms
Time taken for 'plugin worker 78302 code loading' 47.374209ms
[NX v22.6.1 Daemon Server] - 2026-03-22T09:31:43.868Z - Time taken for 'start-plugin-worker:nx/js/dependencies-and-lockfile' 77.49391699999978ms
[NX v22.6.1 Daemon Server] - 2026-03-22T09:31:43.868Z - Time taken for 'start-plugin-worker:nx/core/package-json' 76.80691699999988ms
[NX v22.6.1 Daemon Server] - 2026-03-22T09:31:43.868Z - Time taken for 'start-plugin-worker:nx/core/project-json' 76.44754199999988ms
Time taken for 'nx/js/dependencies-and-lockfile:createNodes' 0.7913329999999945ms
[NX v22.6.1 Daemon Server] - 2026-03-22T09:31:43.878Z - Time taken for 'build-project-configs' 83.22962499999994ms
[NX v22.6.1 Daemon Server] - 2026-03-22T09:31:43.878Z - Time taken for 'createNodes:merge' 0.1452079999999114ms
[NX v22.6.1 Daemon Server] - 2026-03-22T09:31:43.878Z - Time taken for 'get-all-workspace-files' 1.6052920000001905ms
Time taken for 'build typescript dependencies' 0.03516699999998707ms
[NX v22.6.1 Daemon Server] - 2026-03-22T09:31:43.880Z - [SYNC]: collect registered sync generators
[NX v22.6.1 Daemon Server] - 2026-03-22T09:31:43.880Z - [SYNC]: project graph hash is the same, not collecting task sync generators
[NX v22.6.1 Daemon Server] - 2026-03-22T09:31:43.880Z - [SYNC]: nx.json hash is the same, not collecting global sync generators
[NX v22.6.1 Daemon Server] - 2026-03-22T09:31:43.880Z - Time taken for 'total execution time for createProjectGraph()' 3.7474999999994907ms
[NX v22.6.1 Daemon Server] - 2026-03-22T09:31:43.880Z - Time taken for 'createDependencies' 2.5832919999993464ms
[NX v22.6.1 Daemon Server] - 2026-03-22T09:31:43.880Z - Time taken for 'nx/js/dependencies-and-lockfile:createDependencies' 2.566000000000713ms
[NX v22.6.1 Daemon Server] - 2026-03-22T09:31:43.880Z - Time taken for 'createMetadata' 0.005290999999488122ms
[NX v22.6.1 Daemon Server] - 2026-03-22T09:31:43.880Z - Time taken for 'serialize graph' 0.13370899999972607ms
[NX v22.6.1 Daemon Server] - 2026-03-22T09:31:47.454Z - [WATCHER]: Processing file changes in outputs
[NX v22.6.1 Daemon Server] - 2026-03-22T09:31:47.454Z - [WATCHER]: .pants.d/pids/.lock.pantsd.lock_message was created or restored
[NX v22.6.1 Daemon Server] - 2026-03-22T09:31:47.454Z - [SYNC]: clearing sync generators cache due to file changes
[NX v22.6.1 Daemon Server] - 2026-03-22T09:31:47.557Z - [REQUEST]: Updated workspace context based on watched changes, recomputing project graph...
[NX v22.6.1 Daemon Server] - 2026-03-22T09:31:47.557Z - [REQUEST]: .pants.d/pids/.lock.pantsd.lock_message
[NX v22.6.1 Daemon Server] - 2026-03-22T09:31:47.557Z - [REQUEST]: 
[NX v22.6.1 Daemon Server] - 2026-03-22T09:31:47.559Z - Time taken for 'hash changed files from watcher' 1.6968750000014552ms
Time taken for 'plugin worker 78331 code loading' 48.080209ms
Time taken for 'plugin worker 78329 code loading' 48.33525ms
Time taken for 'plugin worker 78330 code loading' 49.738915999999996ms
[NX v22.6.1 Daemon Server] - 2026-03-22T09:31:47.634Z - Time taken for 'start-plugin-worker:nx/js/dependencies-and-lockfile' 75.6115000000027ms
[NX v22.6.1 Daemon Server] - 2026-03-22T09:31:47.634Z - Time taken for 'start-plugin-worker:nx/core/package-json' 75.04504199999792ms
[NX v22.6.1 Daemon Server] - 2026-03-22T09:31:47.634Z - Time taken for 'start-plugin-worker:nx/core/project-json' 74.7646249999998ms
Time taken for 'nx/js/dependencies-and-lockfile:createNodes' 0.7876250000000056ms
[NX v22.6.1 Daemon Server] - 2026-03-22T09:31:47.644Z - Time taken for 'build-project-configs' 81.01787499999773ms
[NX v22.6.1 Daemon Server] - 2026-03-22T09:31:47.644Z - Time taken for 'createNodes:merge' 0.15279200000077253ms
[NX v22.6.1 Daemon Server] - 2026-03-22T09:31:47.644Z - Time taken for 'get-all-workspace-files' 1.7955000000001746ms
Time taken for 'build typescript dependencies' 0.04599999999999227ms
[NX v22.6.1 Daemon Server] - 2026-03-22T09:31:47.647Z - [SYNC]: collect registered sync generators
[NX v22.6.1 Daemon Server] - 2026-03-22T09:31:47.647Z - [SYNC]: project graph hash is the same, not collecting task sync generators
[NX v22.6.1 Daemon Server] - 2026-03-22T09:31:47.647Z - [SYNC]: nx.json hash is the same, not collecting global sync generators
[NX v22.6.1 Daemon Server] - 2026-03-22T09:31:47.647Z - Time taken for 'total execution time for createProjectGraph()' 4.307541000001947ms
[NX v22.6.1 Daemon Server] - 2026-03-22T09:31:47.647Z - Time taken for 'createDependencies' 3.055000000000291ms
[NX v22.6.1 Daemon Server] - 2026-03-22T09:31:47.647Z - Time taken for 'nx/js/dependencies-and-lockfile:createDependencies' 3.0337910000016564ms
[NX v22.6.1 Daemon Server] - 2026-03-22T09:31:47.647Z - Time taken for 'createMetadata' 0.005708000000595348ms
[NX v22.6.1 Daemon Server] - 2026-03-22T09:31:47.647Z - Time taken for 'serialize graph' 0.13425000000279397ms
[NX v22.6.1 Daemon Server] - 2026-03-22T09:31:48.249Z - [WATCHER]: 4 file(s) created or restored, 0 file(s) modified, 1 file(s) deleted
[NX v22.6.1 Daemon Server] - 2026-03-22T09:31:48.249Z - [SYNC]: clearing sync generators cache due to file changes
[NX v22.6.1 Daemon Server] - 2026-03-22T09:31:48.249Z - [WATCHER]: Processing file changes in outputs
[NX v22.6.1 Daemon Server] - 2026-03-22T09:31:48.352Z - [REQUEST]: Updated workspace context based on watched changes, recomputing project graph...
[NX v22.6.1 Daemon Server] - 2026-03-22T09:31:48.352Z - [REQUEST]: .pants.d/pids/d0ce509c5478/pantsd/fingerprint,.pants.d/pids/d0ce509c5478/pantsd/process_name,.pants.d/pids/d0ce509c5478/pantsd/socket,.pants.d/pids/d0ce509c5478/pantsd/pid
[NX v22.6.1 Daemon Server] - 2026-03-22T09:31:48.352Z - [REQUEST]: .pants.d/pids/.lock.pantsd.lock_message
[NX v22.6.1 Daemon Server] - 2026-03-22T09:31:48.354Z - Time taken for 'hash changed files from watcher' 1.7837499999986903ms
Time taken for 'plugin worker 78334 code loading' 48.501792ms
Time taken for 'plugin worker 78333 code loading' 48.177665999999995ms
Time taken for 'plugin worker 78332 code loading' 48.541ms
[NX v22.6.1 Daemon Server] - 2026-03-22T09:31:48.430Z - Time taken for 'start-plugin-worker:nx/js/dependencies-and-lockfile' 76.69791700000133ms
[NX v22.6.1 Daemon Server] - 2026-03-22T09:31:48.430Z - Time taken for 'start-plugin-worker:nx/core/package-json' 76.12879099999918ms
[NX v22.6.1 Daemon Server] - 2026-03-22T09:31:48.430Z - Time taken for 'start-plugin-worker:nx/core/project-json' 75.86754099999962ms
Time taken for 'nx/js/dependencies-and-lockfile:createNodes' 0.8507919999999984ms
[NX v22.6.1 Daemon Server] - 2026-03-22T09:31:48.441Z - Time taken for 'build-project-configs' 82.56095800000185ms
[NX v22.6.1 Daemon Server] - 2026-03-22T09:31:48.441Z - Time taken for 'createNodes:merge' 0.1514999999999418ms
[NX v22.6.1 Daemon Server] - 2026-03-22T09:31:48.441Z - Time taken for 'get-all-workspace-files' 1.6432920000006561ms
Time taken for 'build typescript dependencies' 0.04016699999999673ms
[NX v22.6.1 Daemon Server] - 2026-03-22T09:31:48.443Z - [SYNC]: collect registered sync generators
[NX v22.6.1 Daemon Server] - 2026-03-22T09:31:48.443Z - [SYNC]: project graph hash is the same, not collecting task sync generators
[NX v22.6.1 Daemon Server] - 2026-03-22T09:31:48.443Z - [SYNC]: nx.json hash is the same, not collecting global sync generators
[NX v22.6.1 Daemon Server] - 2026-03-22T09:31:48.443Z - Time taken for 'total execution time for createProjectGraph()' 4.179667000000336ms
[NX v22.6.1 Daemon Server] - 2026-03-22T09:31:48.443Z - Time taken for 'createDependencies' 2.993416999997862ms
[NX v22.6.1 Daemon Server] - 2026-03-22T09:31:48.443Z - Time taken for 'nx/js/dependencies-and-lockfile:createDependencies' 2.9722920000021986ms
[NX v22.6.1 Daemon Server] - 2026-03-22T09:31:48.443Z - Time taken for 'createMetadata' 0.0052500000019790605ms
[NX v22.6.1 Daemon Server] - 2026-03-22T09:31:48.443Z - Time taken for 'serialize graph' 0.14366700000027777ms
[NX v22.6.1 Daemon Server] - 2026-03-22T09:31:48.655Z - [WATCHER]: Processing file changes in outputs
[NX v22.6.1 Daemon Server] - 2026-03-22T09:31:48.655Z - [WATCHER]: .pants.d/workdir/run-tracker/pants_run_2026_03_22_10_31_48_591_70d0ef356cbc4797ae5061d7ac24e9b8/logs was created or restored
[NX v22.6.1 Daemon Server] - 2026-03-22T09:31:48.655Z - [SYNC]: clearing sync generators cache due to file changes
[NX v22.6.1 Daemon Server] - 2026-03-22T09:31:48.757Z - [REQUEST]: Updated workspace context based on watched changes, recomputing project graph...
[NX v22.6.1 Daemon Server] - 2026-03-22T09:31:48.758Z - [REQUEST]: .pants.d/workdir/run-tracker/pants_run_2026_03_22_10_31_48_591_70d0ef356cbc4797ae5061d7ac24e9b8/logs
[NX v22.6.1 Daemon Server] - 2026-03-22T09:31:48.758Z - [REQUEST]: 
[NX v22.6.1 Daemon Server] - 2026-03-22T09:31:48.760Z - Time taken for 'hash changed files from watcher' 1.8722920000000158ms
Time taken for 'plugin worker 78336 code loading' 48.2675ms
Time taken for 'plugin worker 78335 code loading' 48.884041999999994ms
Time taken for 'plugin worker 78337 code loading' 48.868875ms
[NX v22.6.1 Daemon Server] - 2026-03-22T09:31:48.834Z - Time taken for 'start-plugin-worker:nx/js/dependencies-and-lockfile' 74.6908749999966ms
[NX v22.6.1 Daemon Server] - 2026-03-22T09:31:48.834Z - Time taken for 'start-plugin-worker:nx/core/package-json' 74.0849159999998ms
[NX v22.6.1 Daemon Server] - 2026-03-22T09:31:48.834Z - Time taken for 'start-plugin-worker:nx/core/project-json' 73.7789580000026ms
Time taken for 'nx/js/dependencies-and-lockfile:createNodes' 0.7662919999999929ms
[NX v22.6.1 Daemon Server] - 2026-03-22T09:31:48.844Z - Time taken for 'build-project-configs' 80.2909159999981ms
[NX v22.6.1 Daemon Server] - 2026-03-22T09:31:48.844Z - Time taken for 'createNodes:merge' 0.15608400000201073ms
[NX v22.6.1 Daemon Server] - 2026-03-22T09:31:48.844Z - Time taken for 'get-all-workspace-files' 1.7856250000004366ms
Time taken for 'build typescript dependencies' 0.03658299999999315ms
[NX v22.6.1 Daemon Server] - 2026-03-22T09:31:48.847Z - [SYNC]: collect registered sync generators
[NX v22.6.1 Daemon Server] - 2026-03-22T09:31:48.847Z - [SYNC]: project graph hash is the same, not collecting task sync generators
[NX v22.6.1 Daemon Server] - 2026-03-22T09:31:48.847Z - [SYNC]: nx.json hash is the same, not collecting global sync generators
[NX v22.6.1 Daemon Server] - 2026-03-22T09:31:48.847Z - Time taken for 'total execution time for createProjectGraph()' 4.568374999998923ms
[NX v22.6.1 Daemon Server] - 2026-03-22T09:31:48.847Z - Time taken for 'createDependencies' 3.361958000001323ms
[NX v22.6.1 Daemon Server] - 2026-03-22T09:31:48.847Z - Time taken for 'nx/js/dependencies-and-lockfile:createDependencies' 3.3450420000008307ms
[NX v22.6.1 Daemon Server] - 2026-03-22T09:31:48.847Z - Time taken for 'createMetadata' 0.004624999997759005ms
[NX v22.6.1 Daemon Server] - 2026-03-22T09:31:48.847Z - Time taken for 'serialize graph' 0.12662499999714782ms
[NX v22.6.1 Daemon Server] - 2026-03-22T09:32:46.840Z - [WATCHER]: .pants.d/workdir/run-tracker/pants_run_2026_03_22_10_32_46_718_dfb82b0457334c728fc9c35a2d7b4de5/logs was created or restored
[NX v22.6.1 Daemon Server] - 2026-03-22T09:32:46.840Z - [SYNC]: clearing sync generators cache due to file changes
[NX v22.6.1 Daemon Server] - 2026-03-22T09:32:46.840Z - [WATCHER]: Processing file changes in outputs
[NX v22.6.1 Daemon Server] - 2026-03-22T09:32:46.942Z - [REQUEST]: Updated workspace context based on watched changes, recomputing project graph...
[NX v22.6.1 Daemon Server] - 2026-03-22T09:32:46.943Z - [REQUEST]: .pants.d/workdir/run-tracker/pants_run_2026_03_22_10_32_46_718_dfb82b0457334c728fc9c35a2d7b4de5/logs
[NX v22.6.1 Daemon Server] - 2026-03-22T09:32:46.943Z - [REQUEST]: 
[NX v22.6.1 Daemon Server] - 2026-03-22T09:32:46.945Z - Time taken for 'hash changed files from watcher' 1.814209000003757ms
Time taken for 'plugin worker 78406 code loading' 51.811833ms
Time taken for 'plugin worker 78408 code loading' 51.830208999999996ms
Time taken for 'plugin worker 78407 code loading' 51.375625ms
[NX v22.6.1 Daemon Server] - 2026-03-22T09:32:47.019Z - Time taken for 'start-plugin-worker:nx/js/dependencies-and-lockfile' 74.63737499999115ms
[NX v22.6.1 Daemon Server] - 2026-03-22T09:32:47.019Z - Time taken for 'start-plugin-worker:nx/core/package-json' 74.0008339999913ms
[NX v22.6.1 Daemon Server] - 2026-03-22T09:32:47.019Z - Time taken for 'start-plugin-worker:nx/core/project-json' 73.69041700000525ms
Time taken for 'nx/js/dependencies-and-lockfile:createNodes' 0.7547500000000014ms
[NX v22.6.1 Daemon Server] - 2026-03-22T09:32:47.029Z - Time taken for 'build-project-configs' 80.01212499999383ms
[NX v22.6.1 Daemon Server] - 2026-03-22T09:32:47.029Z - Time taken for 'createNodes:merge' 0.1456249999901047ms
[NX v22.6.1 Daemon Server] - 2026-03-22T09:32:47.029Z - Time taken for 'get-all-workspace-files' 1.5611670000071172ms
Time taken for 'build typescript dependencies' 0.042582999999993376ms
[NX v22.6.1 Daemon Server] - 2026-03-22T09:32:47.034Z - [SYNC]: collect registered sync generators
[NX v22.6.1 Daemon Server] - 2026-03-22T09:32:47.034Z - [SYNC]: project graph hash is the same, not collecting task sync generators
[NX v22.6.1 Daemon Server] - 2026-03-22T09:32:47.034Z - [SYNC]: nx.json hash is the same, not collecting global sync generators
[NX v22.6.1 Daemon Server] - 2026-03-22T09:32:47.034Z - Time taken for 'total execution time for createProjectGraph()' 6.341000000000349ms
[NX v22.6.1 Daemon Server] - 2026-03-22T09:32:47.034Z - Time taken for 'createDependencies' 4.894208000012441ms
[NX v22.6.1 Daemon Server] - 2026-03-22T09:32:47.034Z - Time taken for 'nx/js/dependencies-and-lockfile:createDependencies' 4.867417000001296ms
[NX v22.6.1 Daemon Server] - 2026-03-22T09:32:47.034Z - Time taken for 'createMetadata' 0.014750000002095476ms
[NX v22.6.1 Daemon Server] - 2026-03-22T09:32:47.034Z - Time taken for 'serialize graph' 0.13445800000044983ms
[NX v22.6.1 Daemon Server] - 2026-03-22T09:32:47.930Z - [WATCHER]: buck-out/v2/log/20260322-093247_build_f9aa4c28-a92b-4f2c-8115-437a7a1c900a_events.pb.zst was created or restored
[NX v22.6.1 Daemon Server] - 2026-03-22T09:32:47.930Z - [SYNC]: clearing sync generators cache due to file changes
[NX v22.6.1 Daemon Server] - 2026-03-22T09:32:47.930Z - [WATCHER]: Processing file changes in outputs
[NX v22.6.1 Daemon Server] - 2026-03-22T09:32:48.032Z - [REQUEST]: Updated workspace context based on watched changes, recomputing project graph...
[NX v22.6.1 Daemon Server] - 2026-03-22T09:32:48.032Z - [REQUEST]: buck-out/v2/log/20260322-093247_build_f9aa4c28-a92b-4f2c-8115-437a7a1c900a_events.pb.zst
[NX v22.6.1 Daemon Server] - 2026-03-22T09:32:48.032Z - [REQUEST]: 
[NX v22.6.1 Daemon Server] - 2026-03-22T09:32:48.045Z - Time taken for 'hash changed files from watcher' 1.6737080000020796ms
[NX v22.6.1 Daemon Server] - 2026-03-22T09:32:48.081Z - [WATCHER]: 345 file(s) created or restored, 0 file(s) modified, 0 file(s) deleted
[NX v22.6.1 Daemon Server] - 2026-03-22T09:32:48.083Z - [SYNC]: clearing sync generators cache due to file changes
[NX v22.6.1 Daemon Server] - 2026-03-22T09:32:48.083Z - [WATCHER]: Processing file changes in outputs
[NX v22.6.1 Daemon Server] - 2026-03-22T09:32:48.083Z - [WATCHER]: Stopping the watcher for /Users/jbadeau/git/frontseat-demo (sources)
[NX v22.6.1 Daemon Server] - 2026-03-22T09:32:48.083Z - [WATCHER]: Stopping the watcher for /Users/jbadeau/git/frontseat-demo (outputs)
[NX v22.6.1 Daemon Server] - 2026-03-22T09:32:48.084Z - [LATEST-NX]: Cleaning up latest Nx installation from /private/var/folders/z4/qvn77v055yd8k4smdjw9nn3w0000gn/T/tmp-77819-vG7Uh3MxLMYU
[NX v22.6.1 Daemon Server] - 2026-03-22T09:32:48.084Z - Server stopped because: "Stopping the daemon the set of ignored files changed (native)"
[NX v22.6.1 Daemon Client] - 2026-03-22T09:48:57.670Z - [Client] Starting new daemon server in background
[NX v22.6.1 Daemon Client] - 2026-03-22T09:48:57.671Z - [Client] Waiting for server (max: 6000 attempts, 10ms interval)
[NX v22.6.1 Daemon Server] - 2026-03-22T09:48:57.749Z - New daemon starting from: /Users/jbadeau/git/frontseat-demo/node_modules/nx/src/daemon/server/server.js
[NX v22.6.1 Daemon Server] - 2026-03-22T09:48:57.750Z - New daemon __dirname: /Users/jbadeau/git/frontseat-demo/node_modules/nx/src/daemon/server
[NX v22.6.1 Daemon Server] - 2026-03-22T09:48:57.750Z - New daemon nxVersion: 22.6.1
[NX v22.6.1 Daemon Server] - 2026-03-22T09:48:57.750Z - New daemon getInstalledNxVersion(): 22.6.1
[NX v22.6.1 Daemon Server] - 2026-03-22T09:48:57.751Z - Time taken for 'workspace context init' 3.590625000000003ms
[NX v22.6.1 Daemon Server] - 2026-03-22T09:48:57.751Z - [Server] Starting outdated check interval (20ms)
[NX v22.6.1 Daemon Server] - 2026-03-22T09:48:57.752Z - Started listening on: /private/var/folders/z4/qvn77v055yd8k4smdjw9nn3w0000gn/T/582da2cfd77832a875a2/d.sock
[NX v22.6.1 Daemon Server] - 2026-03-22T09:48:57.754Z - [WATCHER]: Subscribed to changes within: /Users/jbadeau/git/frontseat-demo (native)
[NX v22.6.1 Daemon Server] - 2026-03-22T09:48:57.754Z - [LATEST-NX]: Pulling latest Nx...
Fetching nx...
[NX v22.6.1 Daemon Server] - 2026-03-22T09:48:57.756Z - [AI-AGENTS]: Starting agent configuration status computation
[NX v22.6.1 Daemon Server] - 2026-03-22T09:48:57.763Z - Established a connection. Number of open connections: 1
[NX v22.6.1 Daemon Client] - 2026-03-22T09:48:57.763Z - [Client] Server available after 8 attempts
[NX v22.6.1 Daemon Client] - 2026-03-22T09:48:57.763Z - [Client] Daemon server started, pid=86628
[NX v22.6.1 Daemon Client] - 2026-03-22T09:48:57.764Z - [Messenger] Setting up socket listeners
[NX v22.6.1 Daemon Client] - 2026-03-22T09:48:57.764Z - [Messenger] listen() complete
[NX v22.6.1 Daemon Server] - 2026-03-22T09:48:57.764Z - Closed a connection. Number of open connections: 0
[NX v22.6.1 Daemon Client] - 2026-03-22T09:48:57.764Z - [Messenger] Sending message type: REQUEST_PROJECT_GRAPH
[NX v22.6.1 Daemon Client] - 2026-03-22T09:48:57.764Z - [Messenger] Message sent
[NX v22.6.1 Daemon Server] - 2026-03-22T09:48:57.764Z - Established a connection. Number of open connections: 1
[NX v22.6.1 Daemon Server] - 2026-03-22T09:48:57.773Z - Received raw message of length 32
[NX v22.6.1 Daemon Server] - 2026-03-22T09:48:57.774Z - Received json message of type REQUEST_PROJECT_GRAPH
[NX v22.6.1 Daemon Server] - 2026-03-22T09:48:57.774Z - [REQUEST]: Client Request for Project Graph Received
[NX v22.6.1 Daemon Server] - 2026-03-22T09:48:57.776Z - Time taken for 'loadSpecifiedNxPlugins' 1.7163749999999993ms
[NX v22.6.1 Daemon Server] - 2026-03-22T09:48:57.814Z - [WATCHER]: Processing file changes in outputs
Time taken for 'plugin worker 86634 code loading' 59.758667ms
Time taken for 'plugin worker 86633 code loading' 59.13079200000001ms
Time taken for 'plugin worker 86635 code loading' 59.37025ms
[NX v22.6.1 Daemon Server] - 2026-03-22T09:48:57.860Z - Time taken for 'start-plugin-worker:/Users/jbadeau/git/frontseat-demo/node_modules/nx/src/plugins/js' 85.13254099999999ms
[NX v22.6.1 Daemon Server] - 2026-03-22T09:48:57.860Z - Time taken for 'start-plugin-worker:/Users/jbadeau/git/frontseat-demo/node_modules/nx/src/plugins/package-json' 84.691958ms
[NX v22.6.1 Daemon Server] - 2026-03-22T09:48:57.860Z - Time taken for 'start-plugin-worker:/Users/jbadeau/git/frontseat-demo/node_modules/nx/src/plugins/project-json/build-nodes/project-json' 84.29341700000002ms
[NX v22.6.1 Daemon Server] - 2026-03-22T09:48:57.861Z - Time taken for 'Load Nx Plugin: /Users/jbadeau/git/frontseat-demo/node_modules/nx/src/plugins/project-json/build-nodes/project-json' 86.63229199999999ms
[NX v22.6.1 Daemon Server] - 2026-03-22T09:48:57.861Z - Time taken for 'Load Nx Plugin: /Users/jbadeau/git/frontseat-demo/node_modules/nx/src/plugins/package-json' 87.34891599999999ms
[NX v22.6.1 Daemon Server] - 2026-03-22T09:48:57.869Z - [REQUEST]: Updated workspace context based on watched changes, recomputing project graph...
[NX v22.6.1 Daemon Server] - 2026-03-22T09:48:57.869Z - [REQUEST]: 
[NX v22.6.1 Daemon Server] - 2026-03-22T09:48:57.869Z - [REQUEST]: 
[NX v22.6.1 Daemon Server] - 2026-03-22T09:48:57.870Z - No files changed, but no in-memory cached project graph found. Recomputing it...
[NX v22.6.1 Daemon Server] - 2026-03-22T09:48:57.872Z - Time taken for 'loadDefaultNxPlugins' 93.045625ms
[NX v22.6.1 Daemon Server] - 2026-03-22T09:48:57.872Z - Time taken for 'Load Nx Plugin: /Users/jbadeau/git/frontseat-demo/node_modules/nx/src/plugins/js' 92.97887499999999ms
[NX v22.6.1 Daemon Server] - 2026-03-22T09:48:57.872Z - Time taken for 'hash changed files from watcher' 1.6980000000000075ms
Time taken for 'nx/core/project-json:createNodes' 0.40433299999999406ms
Time taken for 'nx/js/dependencies-and-lockfile:createNodes' 1.0915410000000065ms
[NX v22.6.1 Daemon Server] - 2026-03-22T09:48:57.887Z - Time taken for 'build-project-configs' 5.859624999999994ms
[NX v22.6.1 Daemon Server] - 2026-03-22T09:48:57.887Z - Time taken for 'createNodes:merge' 1.6549579999999935ms
[NX v22.6.1 Daemon Server] - 2026-03-22T09:48:57.887Z - Time taken for 'native-file-deps' 0.0027910000000019863ms
[NX v22.6.1 Daemon Server] - 2026-03-22T09:48:57.887Z - Time taken for 'get-workspace-files' 1.578583000000009ms
[NX v22.6.1 Daemon Server] - 2026-03-22T09:48:57.887Z - Time taken for 'get-all-workspace-files' 0.5468329999999924ms
[NX v22.6.1 Daemon Server] - 2026-03-22T09:48:57.887Z - Time taken for 'read cache' 0.5199580000000026ms
Time taken for 'build typescript dependencies' 1.1349579999999975ms
[NX v22.6.1 Daemon Server] - 2026-03-22T09:48:57.894Z - [SYNC]: collect registered sync generators
[NX v22.6.1 Daemon Server] - 2026-03-22T09:48:57.897Z - Wrote project graph cache to /Users/jbadeau/git/frontseat-demo/.nx/workspace-data/project-graph.json
[NX v22.6.1 Daemon Server] - 2026-03-22T09:48:57.897Z - Serializing response for REQUEST_PROJECT_GRAPH message in json mode
[NX v22.6.1 Daemon Server] - 2026-03-22T09:48:57.897Z - Responding to REQUEST_PROJECT_GRAPH message
[NX v22.6.1 Daemon Server] - 2026-03-22T09:48:57.897Z - [REQUEST]: Responding to the client. project-graph
[NX v22.6.1 Daemon Server] - 2026-03-22T09:48:57.897Z - Time taken for 'total for creating and serializing project graph' 123.249125ms
[NX v22.6.1 Daemon Server] - 2026-03-22T09:48:57.897Z - Time taken for 'total execution time for createProjectGraph()' 10.030416000000002ms
[NX v22.6.1 Daemon Server] - 2026-03-22T09:48:57.897Z - Time taken for 'createDependencies' 6.645167000000015ms
[NX v22.6.1 Daemon Server] - 2026-03-22T09:48:57.897Z - Time taken for 'nx/js/dependencies-and-lockfile:createDependencies' 6.588208000000009ms
[NX v22.6.1 Daemon Server] - 2026-03-22T09:48:57.897Z - Time taken for 'createMetadata' 0.014000000000010004ms
[NX v22.6.1 Daemon Server] - 2026-03-22T09:48:57.897Z - Time taken for 'serialize graph' 0.23962499999998954ms
[NX v22.6.1 Daemon Server] - 2026-03-22T09:48:57.897Z - Time taken for 'write cache' 2.8564999999999827ms
[NX v22.6.1 Daemon Server] - 2026-03-22T09:48:57.897Z - Done responding to the client project-graph
[NX v22.6.1 Daemon Server] - 2026-03-22T09:48:57.897Z - Handled json message REQUEST_PROJECT_GRAPH. Handling time: 123. Response time: 0.
[NX v22.6.1 Daemon Client] - 2026-03-22T09:48:57.897Z - [Messenger] Received message, length: 135164
[NX v22.6.1 Daemon Client] - 2026-03-22T09:48:57.898Z - [Messenger] Sending message type: PRE_TASKS_EXECUTION
[NX v22.6.1 Daemon Client] - 2026-03-22T09:48:57.899Z - [Messenger] Message sent
[NX v22.6.1 Daemon Server] - 2026-03-22T09:48:57.899Z - Received raw message of length 545
[NX v22.6.1 Daemon Server] - 2026-03-22T09:48:57.899Z - Received json message of type PRE_TASKS_EXECUTION
[NX v22.6.1 Daemon Server] - 2026-03-22T09:48:57.899Z - Serializing response for PRE_TASKS_EXECUTION message in json mode
[NX v22.6.1 Daemon Server] - 2026-03-22T09:48:57.899Z - Responding to PRE_TASKS_EXECUTION message
[NX v22.6.1 Daemon Server] - 2026-03-22T09:48:57.899Z - [REQUEST]: Responding to the client. handleRunPreTasksExecution
[NX v22.6.1 Daemon Server] - 2026-03-22T09:48:57.899Z - Done responding to the client handleRunPreTasksExecution
[NX v22.6.1 Daemon Server] - 2026-03-22T09:48:57.899Z - Handled json message PRE_TASKS_EXECUTION. Handling time: 0. Response time: 0.
[NX v22.6.1 Daemon Client] - 2026-03-22T09:48:57.899Z - [Messenger] Received message, length: 2
[NX v22.6.1 Daemon Server] - 2026-03-22T09:48:57.899Z - Time taken for 'preTasksExecution' 0.21641700000000696ms
[NX v22.6.1 Daemon Client] - 2026-03-22T09:48:57.932Z - [Messenger] Sending message type: HASH_TASKS
[NX v22.6.1 Daemon Client] - 2026-03-22T09:48:57.932Z - [Messenger] Message sent
[NX v22.6.1 Daemon Server] - 2026-03-22T09:48:57.932Z - Received raw message of length 11741
[NX v22.6.1 Daemon Server] - 2026-03-22T09:48:57.932Z - Received json message of type HASH_TASKS
[NX v22.6.1 Daemon Server] - 2026-03-22T09:48:57.933Z - Reusing in-memory cached project graph because no files changed.
DEBUG nx::native::tasks::hash_planner: get_plans_internal COMPLETED in 164.083µs - processed 3 tasks (setup: 60.583µs, parallel_planning: 102.375µs)
DEBUG nx::native::tasks::hashers::hash_workspace_files: Hashing workspace fileset with inputs: Adding "2994973879972349464" (".gitignore") to hash
DEBUG nx::native::tasks::hashers::hash_workspace_files: Hashing workspace fileset with inputs: Adding "2994973879972349464" (".gitignore") to hash
DEBUG nx::native::tasks::hashers::hash_workspace_files: Hashing workspace fileset with inputs: Adding "3658522058447930570" ("nx.json") to hash
DEBUG nx::native::tasks::hashers::hash_workspace_files: Hashing workspace fileset with inputs: Hash Value: "9551299084215698017"
DEBUG nx::native::tasks::hashers::hash_workspace_files: Hashing workspace fileset with inputs: Adding "2994973879972349464" (".gitignore") to hash
DEBUG nx::native::tasks::hashers::hash_workspace_files: Hashing workspace fileset with inputs: Adding "3658522058447930570" ("nx.json") to hash
DEBUG nx::native::tasks::hashers::hash_workspace_files: Hashing workspace fileset with inputs: Hash Value: "9551299084215698017"
DEBUG nx::native::tasks::hashers::hash_workspace_files: Hashing workspace fileset with inputs: Adding "3658522058447930570" ("nx.json") to hash
DEBUG nx::native::tasks::hashers::hash_workspace_files: Hashing workspace fileset with inputs: Hash Value: "9551299084215698017"
DEBUG nx::native::tasks::task_hasher: hash_plans COMPLETED in 1.229709ms - processed 3 plans (setup: 337.209µs, hashing: 891.625µs, assembly: 219.75µs)
[NX v22.6.1 Daemon Server] - 2026-03-22T09:48:57.935Z - Serializing response for HASH_TASKS message in json mode
[NX v22.6.1 Daemon Server] - 2026-03-22T09:48:57.935Z - Responding to HASH_TASKS message
[NX v22.6.1 Daemon Server] - 2026-03-22T09:48:57.935Z - [REQUEST]: Responding to the client. handleHashTasks
[NX v22.6.1 Daemon Server] - 2026-03-22T09:48:57.935Z - Done responding to the client handleHashTasks
[NX v22.6.1 Daemon Client] - 2026-03-22T09:48:57.935Z - [Messenger] Received message, length: 19196
[NX v22.6.1 Daemon Server] - 2026-03-22T09:48:57.935Z - Handled json message HASH_TASKS. Handling time: 3. Response time: 0.
[NX v22.6.1 Daemon Client] - 2026-03-22T09:48:57.962Z - [Messenger] Sending message type: GET_ESTIMATED_TASK_TIMINGS
[NX v22.6.1 Daemon Client] - 2026-03-22T09:48:57.962Z - [Messenger] Message sent
[NX v22.6.1 Daemon Server] - 2026-03-22T09:48:57.963Z - Received raw message of length 243
[NX v22.6.1 Daemon Server] - 2026-03-22T09:48:57.963Z - Received json message of type GET_ESTIMATED_TASK_TIMINGS
[NX v22.6.1 Daemon Server] - 2026-03-22T09:48:57.977Z - Serializing response for GET_ESTIMATED_TASK_TIMINGS message in json mode
[NX v22.6.1 Daemon Server] - 2026-03-22T09:48:57.977Z - Responding to GET_ESTIMATED_TASK_TIMINGS message
[NX v22.6.1 Daemon Server] - 2026-03-22T09:48:57.977Z - [REQUEST]: Responding to the client. handleGetEstimatedTaskTimings
[NX v22.6.1 Daemon Server] - 2026-03-22T09:48:57.977Z - Done responding to the client handleGetEstimatedTaskTimings
[NX v22.6.1 Daemon Server] - 2026-03-22T09:48:57.977Z - Handled json message GET_ESTIMATED_TASK_TIMINGS. Handling time: 14. Response time: 0.
[NX v22.6.1 Daemon Client] - 2026-03-22T09:48:57.977Z - [Messenger] Received message, length: 138
[NX v22.6.1 Daemon Client] - 2026-03-22T09:48:58.228Z - [Messenger] Sending message type: RECORD_OUTPUTS_HASH
[NX v22.6.1 Daemon Client] - 2026-03-22T09:48:58.228Z - [Messenger] Message sent
[NX v22.6.1 Daemon Server] - 2026-03-22T09:48:58.228Z - Received raw message of length 311
[NX v22.6.1 Daemon Server] - 2026-03-22T09:48:58.228Z - Received json message of type RECORD_OUTPUTS_HASH
[NX v22.6.1 Daemon Server] - 2026-03-22T09:48:58.234Z - Serializing response for RECORD_OUTPUTS_HASH message in json mode
[NX v22.6.1 Daemon Server] - 2026-03-22T09:48:58.234Z - Responding to RECORD_OUTPUTS_HASH message
[NX v22.6.1 Daemon Server] - 2026-03-22T09:48:58.234Z - [REQUEST]: Responding to the client. recordOutputsHash
[NX v22.6.1 Daemon Server] - 2026-03-22T09:48:58.234Z - Done responding to the client recordOutputsHash
[NX v22.6.1 Daemon Server] - 2026-03-22T09:48:58.234Z - Handled json message RECORD_OUTPUTS_HASH. Handling time: 6. Response time: 0.
[NX v22.6.1 Daemon Client] - 2026-03-22T09:48:58.234Z - [Messenger] Received message, length: 2
[NX v22.6.1 Daemon Client] - 2026-03-22T09:48:58.235Z - [Messenger] Sending message type: RECORD_TASK_RUNS
[NX v22.6.1 Daemon Client] - 2026-03-22T09:48:58.235Z - [Messenger] Message sent
[NX v22.6.1 Daemon Server] - 2026-03-22T09:48:58.235Z - Received raw message of length 236
[NX v22.6.1 Daemon Server] - 2026-03-22T09:48:58.235Z - Received json message of type RECORD_TASK_RUNS
[NX v22.6.1 Daemon Server] - 2026-03-22T09:48:58.235Z - Serializing response for RECORD_TASK_RUNS message in json mode
[NX v22.6.1 Daemon Server] - 2026-03-22T09:48:58.235Z - Responding to RECORD_TASK_RUNS message
[NX v22.6.1 Daemon Server] - 2026-03-22T09:48:58.235Z - [REQUEST]: Responding to the client. handleRecordTaskRuns
[NX v22.6.1 Daemon Server] - 2026-03-22T09:48:58.236Z - Done responding to the client handleRecordTaskRuns
[NX v22.6.1 Daemon Server] - 2026-03-22T09:48:58.236Z - Handled json message RECORD_TASK_RUNS. Handling time: 0. Response time: 1.
[NX v22.6.1 Daemon Client] - 2026-03-22T09:48:58.236Z - [Messenger] Received message, length: 4
[NX v22.6.1 Daemon Client] - 2026-03-22T09:48:58.236Z - [Messenger] Sending message type: GET_FLAKY_TASKS
[NX v22.6.1 Daemon Client] - 2026-03-22T09:48:58.236Z - [Messenger] Message sent
[NX v22.6.1 Daemon Server] - 2026-03-22T09:48:58.236Z - Received raw message of length 59
[NX v22.6.1 Daemon Server] - 2026-03-22T09:48:58.236Z - Received json message of type GET_FLAKY_TASKS
[NX v22.6.1 Daemon Server] - 2026-03-22T09:48:58.236Z - Serializing response for GET_FLAKY_TASKS message in json mode
[NX v22.6.1 Daemon Server] - 2026-03-22T09:48:58.236Z - Responding to GET_FLAKY_TASKS message
[NX v22.6.1 Daemon Server] - 2026-03-22T09:48:58.236Z - [REQUEST]: Responding to the client. handleGetFlakyTasks
[NX v22.6.1 Daemon Server] - 2026-03-22T09:48:58.236Z - Done responding to the client handleGetFlakyTasks
[NX v22.6.1 Daemon Client] - 2026-03-22T09:48:58.236Z - [Messenger] Received message, length: 2
[NX v22.6.1 Daemon Server] - 2026-03-22T09:48:58.236Z - Handled json message GET_FLAKY_TASKS. Handling time: 0. Response time: 0.
[NX v22.6.1 Daemon Server] - 2026-03-22T09:49:01.258Z - Established a connection. Number of open connections: 2
[NX v22.6.1 Daemon Client] - 2026-03-22T09:49:01.258Z - [Messenger] Sending message type: GET_CONFIGURE_AI_AGENTS_STATUS
[NX v22.6.1 Daemon Client] - 2026-03-22T09:49:01.259Z - [Messenger] Message sent
[NX v22.6.1 Daemon Server] - 2026-03-22T09:49:01.259Z - Received raw message of length 41
[NX v22.6.1 Daemon Server] - 2026-03-22T09:49:01.259Z - Received json message of type GET_CONFIGURE_AI_AGENTS_STATUS
[NX v22.6.1 Daemon Server] - 2026-03-22T09:49:01.259Z - Serializing response for GET_CONFIGURE_AI_AGENTS_STATUS message in json mode
[NX v22.6.1 Daemon Server] - 2026-03-22T09:49:01.259Z - Responding to GET_CONFIGURE_AI_AGENTS_STATUS message
[NX v22.6.1 Daemon Server] - 2026-03-22T09:49:01.259Z - [REQUEST]: Responding to the client. handleGetConfigureAiAgentsStatus
[NX v22.6.1 Daemon Server] - 2026-03-22T09:49:01.259Z - Done responding to the client handleGetConfigureAiAgentsStatus
[NX v22.6.1 Daemon Server] - 2026-03-22T09:49:01.259Z - Handled json message GET_CONFIGURE_AI_AGENTS_STATUS. Handling time: 0. Response time: 0.
[NX v22.6.1 Daemon Server] - 2026-03-22T09:49:01.259Z - Closed a connection. Number of open connections: 1
[NX v22.6.1 Daemon Client] - 2026-03-22T09:49:01.259Z - [Messenger] Received message, length: 104
[NX v22.6.1 Daemon Client] - 2026-03-22T09:49:01.260Z - [Messenger] Sending message type: POST_TASKS_EXECUTION
[NX v22.6.1 Daemon Client] - 2026-03-22T09:49:01.260Z - [Messenger] Message sent
[NX v22.6.1 Daemon Server] - 2026-03-22T09:49:01.260Z - Received raw message of length 9577
[NX v22.6.1 Daemon Server] - 2026-03-22T09:49:01.260Z - Received json message of type POST_TASKS_EXECUTION
[NX v22.6.1 Daemon Server] - 2026-03-22T09:49:01.260Z - Serializing response for POST_TASKS_EXECUTION message in json mode
[NX v22.6.1 Daemon Server] - 2026-03-22T09:49:01.260Z - Responding to POST_TASKS_EXECUTION message
[NX v22.6.1 Daemon Server] - 2026-03-22T09:49:01.260Z - [REQUEST]: Responding to the client. handleRunPostTasksExecution
[NX v22.6.1 Daemon Server] - 2026-03-22T09:49:01.260Z - Done responding to the client handleRunPostTasksExecution
[NX v22.6.1 Daemon Server] - 2026-03-22T09:49:01.260Z - Handled json message POST_TASKS_EXECUTION. Handling time: 0. Response time: 0.
[NX v22.6.1 Daemon Server] - 2026-03-22T09:49:01.260Z - Time taken for 'postTasksExecution' 0.09375ms
[NX v22.6.1 Daemon Client] - 2026-03-22T09:49:01.260Z - [Messenger] Received message, length: 4
[NX v22.6.1 Daemon Server] - 2026-03-22T09:49:01.271Z - Closed a connection. Number of open connections: 0
[NX v22.6.1 Daemon Server] - 2026-03-22T09:49:01.407Z - [LATEST-NX]: Successfully pulled latest Nx to /private/var/folders/z4/qvn77v055yd8k4smdjw9nn3w0000gn/T/tmp-86628-5qOtwP5pWPP4
[NX v22.6.1 Daemon Server] - 2026-03-22T09:49:01.446Z - [NX-CONSOLE]: Using local implementation (NX_USE_LOCAL=true or inner call)
DEBUG nx::native::ide::install: Detected editor: Unknown
[NX v22.6.1 Daemon Server] - 2026-03-22T09:49:01.447Z - [NX-CONSOLE]: Console status check completed, shouldPrompt: false
DEBUG nx::native::ide::install: Editor command 'code' is installed
DEBUG nx::native::ide::install: Editor command 'code-insiders' not found
DEBUG nx::native::ide::install: Checking if Nx Console extension is installed with: code --list-extensions
DEBUG nx::native::ide::install: Nx Console extension is not installed
DEBUG nx::native::ide::install: Editor command 'cursor' not found
DEBUG nx::native::ide::install: Checking if Nx Console extension is installed with: cursor --list-extensions
DEBUG nx::native::ide::install: Command 'cursor' not found, cannot check extension status
[NX v22.6.1 Daemon Server] - 2026-03-22T09:49:02.946Z - [AI-AGENTS]: Agent configuration status computation completed: 0 fully configured, 0 outdated, 0 partially configured, 5 non-configured
[NX v22.6.1 Daemon Server] - 2026-03-22T09:49:44.448Z - [WATCHER]: Processing file changes in outputs
[NX v22.6.1 Daemon Server] - 2026-03-22T09:49:44.514Z - [WATCHER]: Processing file changes in outputs
[NX v22.6.1 Daemon Server] - 2026-03-22T09:49:47.557Z - Established a connection. Number of open connections: 1
[NX v22.6.1 Daemon Server] - 2026-03-22T09:49:47.557Z - Closed a connection. Number of open connections: 0
[NX v22.6.1 Daemon Server] - 2026-03-22T09:49:47.557Z - Established a connection. Number of open connections: 1
[NX v22.6.1 Daemon Server] - 2026-03-22T09:49:47.557Z - Closed a connection. Number of open connections: 0
[NX v22.6.1 Daemon Server] - 2026-03-22T09:49:47.557Z - Established a connection. Number of open connections: 1
[NX v22.6.1 Daemon Client] - 2026-03-22T09:49:47.558Z - [Messenger] Setting up socket listeners
[NX v22.6.1 Daemon Client] - 2026-03-22T09:49:47.558Z - [Messenger] listen() complete
[NX v22.6.1 Daemon Client] - 2026-03-22T09:49:47.558Z - [Messenger] Sending message type: GET_NX_CONSOLE_STATUS
[NX v22.6.1 Daemon Client] - 2026-03-22T09:49:47.558Z - [Messenger] Message sent
[NX v22.6.1 Daemon Server] - 2026-03-22T09:49:47.563Z - Received raw message of length 32
[NX v22.6.1 Daemon Server] - 2026-03-22T09:49:47.563Z - Received json message of type GET_NX_CONSOLE_STATUS
[NX v22.6.1 Daemon Server] - 2026-03-22T09:49:47.563Z - Serializing response for GET_NX_CONSOLE_STATUS message in json mode
[NX v22.6.1 Daemon Server] - 2026-03-22T09:49:47.563Z - Responding to GET_NX_CONSOLE_STATUS message
[NX v22.6.1 Daemon Server] - 2026-03-22T09:49:47.563Z - [REQUEST]: Responding to the client. handleGetNxConsoleStatus
[NX v22.6.1 Daemon Server] - 2026-03-22T09:49:47.563Z - Done responding to the client handleGetNxConsoleStatus
[NX v22.6.1 Daemon Server] - 2026-03-22T09:49:47.563Z - Handled json message GET_NX_CONSOLE_STATUS. Handling time: 0. Response time: 0.
[NX v22.6.1 Daemon Client] - 2026-03-22T09:49:47.563Z - [Messenger] Received message, length: 22
[NX v22.6.1 Daemon Client] - 2026-03-22T09:49:47.578Z - [Messenger] Sending message type: REQUEST_PROJECT_GRAPH
[NX v22.6.1 Daemon Client] - 2026-03-22T09:49:47.578Z - [Messenger] Message sent
[NX v22.6.1 Daemon Server] - 2026-03-22T09:49:47.578Z - Received raw message of length 32
[NX v22.6.1 Daemon Server] - 2026-03-22T09:49:47.578Z - Received json message of type REQUEST_PROJECT_GRAPH
[NX v22.6.1 Daemon Server] - 2026-03-22T09:49:47.578Z - [REQUEST]: Client Request for Project Graph Received
[NX v22.6.1 Daemon Server] - 2026-03-22T09:49:47.578Z - Reusing in-memory cached project graph because no files changed.
[NX v22.6.1 Daemon Server] - 2026-03-22T09:49:47.579Z - Serializing response for REQUEST_PROJECT_GRAPH message in json mode
[NX v22.6.1 Daemon Server] - 2026-03-22T09:49:47.579Z - Responding to REQUEST_PROJECT_GRAPH message
[NX v22.6.1 Daemon Server] - 2026-03-22T09:49:47.579Z - [REQUEST]: Responding to the client. project-graph
[NX v22.6.1 Daemon Server] - 2026-03-22T09:49:47.579Z - Time taken for 'total for creating and serializing project graph' 0.10383299999375595ms
[NX v22.6.1 Daemon Server] - 2026-03-22T09:49:47.579Z - Done responding to the client project-graph
[NX v22.6.1 Daemon Server] - 2026-03-22T09:49:47.579Z - Handled json message REQUEST_PROJECT_GRAPH. Handling time: 1. Response time: 0.
[NX v22.6.1 Daemon Client] - 2026-03-22T09:49:47.579Z - [Messenger] Received message, length: 135164
[NX v22.6.1 Daemon Client] - 2026-03-22T09:49:47.580Z - [Messenger] Sending message type: PRE_TASKS_EXECUTION
[NX v22.6.1 Daemon Server] - 2026-03-22T09:49:47.580Z - Received raw message of length 543
[NX v22.6.1 Daemon Client] - 2026-03-22T09:49:47.580Z - [Messenger] Message sent
[NX v22.6.1 Daemon Server] - 2026-03-22T09:49:47.580Z - Received json message of type PRE_TASKS_EXECUTION
[NX v22.6.1 Daemon Server] - 2026-03-22T09:49:47.580Z - Serializing response for PRE_TASKS_EXECUTION message in json mode
[NX v22.6.1 Daemon Server] - 2026-03-22T09:49:47.580Z - Responding to PRE_TASKS_EXECUTION message
[NX v22.6.1 Daemon Server] - 2026-03-22T09:49:47.580Z - [REQUEST]: Responding to the client. handleRunPreTasksExecution
[NX v22.6.1 Daemon Server] - 2026-03-22T09:49:47.580Z - Done responding to the client handleRunPreTasksExecution
[NX v22.6.1 Daemon Server] - 2026-03-22T09:49:47.580Z - Handled json message PRE_TASKS_EXECUTION. Handling time: 0. Response time: 0.
[NX v22.6.1 Daemon Server] - 2026-03-22T09:49:47.580Z - Time taken for 'preTasksExecution' 0.04704199999832781ms
[NX v22.6.1 Daemon Client] - 2026-03-22T09:49:47.581Z - [Messenger] Received message, length: 2
[NX v22.6.1 Daemon Client] - 2026-03-22T09:49:47.600Z - [Messenger] Sending message type: HASH_TASKS
[NX v22.6.1 Daemon Client] - 2026-03-22T09:49:47.600Z - [Messenger] Message sent
[NX v22.6.1 Daemon Server] - 2026-03-22T09:49:47.601Z - Received raw message of length 11741
[NX v22.6.1 Daemon Server] - 2026-03-22T09:49:47.601Z - Received json message of type HASH_TASKS
[NX v22.6.1 Daemon Server] - 2026-03-22T09:49:47.601Z - Reusing in-memory cached project graph because no files changed.
DEBUG nx::native::tasks::hash_planner: get_plans_internal COMPLETED in 176.875µs - processed 3 tasks (setup: 75.792µs, parallel_planning: 99.875µs)
DEBUG nx::native::tasks::hashers::hash_workspace_files: Hashing workspace fileset with inputs: Adding "2994973879972349464" (".gitignore") to hash
DEBUG nx::native::tasks::hashers::hash_workspace_files: Hashing workspace fileset with inputs: Adding "2994973879972349464" (".gitignore") to hash
DEBUG nx::native::tasks::hashers::hash_workspace_files: Hashing workspace fileset with inputs: Adding "3658522058447930570" ("nx.json") to hash
DEBUG nx::native::tasks::hashers::hash_workspace_files: Hashing workspace fileset with inputs: Hash Value: "9551299084215698017"
DEBUG nx::native::tasks::hashers::hash_workspace_files: Hashing workspace fileset with inputs: Adding "2994973879972349464" (".gitignore") to hash
DEBUG nx::native::tasks::hashers::hash_workspace_files: Hashing workspace fileset with inputs: Adding "3658522058447930570" ("nx.json") to hash
DEBUG nx::native::tasks::hashers::hash_workspace_files: Hashing workspace fileset with inputs: Hash Value: "9551299084215698017"
DEBUG nx::native::tasks::hashers::hash_workspace_files: Hashing workspace fileset with inputs: Adding "3658522058447930570" ("nx.json") to hash
DEBUG nx::native::tasks::hashers::hash_workspace_files: Hashing workspace fileset with inputs: Hash Value: "9551299084215698017"
DEBUG nx::native::tasks::task_hasher: hash_plans COMPLETED in 925.583µs - processed 3 plans (setup: 36.583µs, hashing: 888.5µs, assembly: 254.917µs)
[NX v22.6.1 Daemon Server] - 2026-03-22T09:49:47.602Z - Serializing response for HASH_TASKS message in json mode
[NX v22.6.1 Daemon Server] - 2026-03-22T09:49:47.602Z - Responding to HASH_TASKS message
[NX v22.6.1 Daemon Server] - 2026-03-22T09:49:47.602Z - [REQUEST]: Responding to the client. handleHashTasks
[NX v22.6.1 Daemon Server] - 2026-03-22T09:49:47.602Z - Done responding to the client handleHashTasks
[NX v22.6.1 Daemon Server] - 2026-03-22T09:49:47.602Z - Handled json message HASH_TASKS. Handling time: 1. Response time: 0.
[NX v22.6.1 Daemon Client] - 2026-03-22T09:49:47.602Z - [Messenger] Received message, length: 19196
[NX v22.6.1 Daemon Client] - 2026-03-22T09:49:47.629Z - [Messenger] Sending message type: GET_ESTIMATED_TASK_TIMINGS
[NX v22.6.1 Daemon Client] - 2026-03-22T09:49:47.629Z - [Messenger] Message sent
[NX v22.6.1 Daemon Server] - 2026-03-22T09:49:47.629Z - Received raw message of length 243
[NX v22.6.1 Daemon Server] - 2026-03-22T09:49:47.629Z - Received json message of type GET_ESTIMATED_TASK_TIMINGS
[NX v22.6.1 Daemon Server] - 2026-03-22T09:49:47.629Z - Serializing response for GET_ESTIMATED_TASK_TIMINGS message in json mode
[NX v22.6.1 Daemon Server] - 2026-03-22T09:49:47.629Z - Responding to GET_ESTIMATED_TASK_TIMINGS message
[NX v22.6.1 Daemon Server] - 2026-03-22T09:49:47.629Z - [REQUEST]: Responding to the client. handleGetEstimatedTaskTimings
[NX v22.6.1 Daemon Server] - 2026-03-22T09:49:47.629Z - Done responding to the client handleGetEstimatedTaskTimings
[NX v22.6.1 Daemon Server] - 2026-03-22T09:49:47.629Z - Handled json message GET_ESTIMATED_TASK_TIMINGS. Handling time: 0. Response time: 0.
[NX v22.6.1 Daemon Client] - 2026-03-22T09:49:47.629Z - [Messenger] Received message, length: 138
[NX v22.6.1 Daemon Client] - 2026-03-22T09:49:47.865Z - [Messenger] Sending message type: RECORD_OUTPUTS_HASH
[NX v22.6.1 Daemon Client] - 2026-03-22T09:49:47.865Z - [Messenger] Message sent
[NX v22.6.1 Daemon Server] - 2026-03-22T09:49:47.865Z - Received raw message of length 311
[NX v22.6.1 Daemon Server] - 2026-03-22T09:49:47.865Z - Received json message of type RECORD_OUTPUTS_HASH
[NX v22.6.1 Daemon Server] - 2026-03-22T09:49:47.869Z - Serializing response for RECORD_OUTPUTS_HASH message in json mode
[NX v22.6.1 Daemon Server] - 2026-03-22T09:49:47.869Z - Responding to RECORD_OUTPUTS_HASH message
[NX v22.6.1 Daemon Server] - 2026-03-22T09:49:47.869Z - [REQUEST]: Responding to the client. recordOutputsHash
[NX v22.6.1 Daemon Server] - 2026-03-22T09:49:47.869Z - Done responding to the client recordOutputsHash
[NX v22.6.1 Daemon Server] - 2026-03-22T09:49:47.870Z - Handled json message RECORD_OUTPUTS_HASH. Handling time: 4. Response time: 1.
[NX v22.6.1 Daemon Client] - 2026-03-22T09:49:47.870Z - [Messenger] Received message, length: 2
[NX v22.6.1 Daemon Client] - 2026-03-22T09:49:47.871Z - [Messenger] Sending message type: RECORD_TASK_RUNS
[NX v22.6.1 Daemon Client] - 2026-03-22T09:49:47.871Z - [Messenger] Message sent
[NX v22.6.1 Daemon Server] - 2026-03-22T09:49:47.871Z - Received raw message of length 236
[NX v22.6.1 Daemon Server] - 2026-03-22T09:49:47.871Z - Received json message of type RECORD_TASK_RUNS
[NX v22.6.1 Daemon Server] - 2026-03-22T09:49:47.871Z - Serializing response for RECORD_TASK_RUNS message in json mode
[NX v22.6.1 Daemon Server] - 2026-03-22T09:49:47.871Z - Responding to RECORD_TASK_RUNS message
[NX v22.6.1 Daemon Server] - 2026-03-22T09:49:47.871Z - [REQUEST]: Responding to the client. handleRecordTaskRuns
[NX v22.6.1 Daemon Server] - 2026-03-22T09:49:47.871Z - Done responding to the client handleRecordTaskRuns
[NX v22.6.1 Daemon Server] - 2026-03-22T09:49:47.871Z - Handled json message RECORD_TASK_RUNS. Handling time: 0. Response time: 0.
[NX v22.6.1 Daemon Client] - 2026-03-22T09:49:47.871Z - [Messenger] Received message, length: 4
[NX v22.6.1 Daemon Client] - 2026-03-22T09:49:47.871Z - [Messenger] Sending message type: GET_FLAKY_TASKS
[NX v22.6.1 Daemon Server] - 2026-03-22T09:49:47.871Z - Received raw message of length 59
[NX v22.6.1 Daemon Client] - 2026-03-22T09:49:47.871Z - [Messenger] Message sent
[NX v22.6.1 Daemon Server] - 2026-03-22T09:49:47.871Z - Received json message of type GET_FLAKY_TASKS
[NX v22.6.1 Daemon Server] - 2026-03-22T09:49:47.871Z - Serializing response for GET_FLAKY_TASKS message in json mode
[NX v22.6.1 Daemon Server] - 2026-03-22T09:49:47.871Z - Responding to GET_FLAKY_TASKS message
[NX v22.6.1 Daemon Server] - 2026-03-22T09:49:47.871Z - [REQUEST]: Responding to the client. handleGetFlakyTasks
[NX v22.6.1 Daemon Server] - 2026-03-22T09:49:47.871Z - Done responding to the client handleGetFlakyTasks
[NX v22.6.1 Daemon Server] - 2026-03-22T09:49:47.871Z - Handled json message GET_FLAKY_TASKS. Handling time: 0. Response time: 0.
[NX v22.6.1 Daemon Client] - 2026-03-22T09:49:47.871Z - [Messenger] Received message, length: 2
[NX v22.6.1 Daemon Server] - 2026-03-22T09:49:50.925Z - Established a connection. Number of open connections: 2
[NX v22.6.1 Daemon Client] - 2026-03-22T09:49:50.925Z - [Messenger] Sending message type: GET_CONFIGURE_AI_AGENTS_STATUS
[NX v22.6.1 Daemon Client] - 2026-03-22T09:49:50.925Z - [Messenger] Message sent
[NX v22.6.1 Daemon Server] - 2026-03-22T09:49:50.925Z - Received raw message of length 41
[NX v22.6.1 Daemon Server] - 2026-03-22T09:49:50.925Z - Received json message of type GET_CONFIGURE_AI_AGENTS_STATUS
[NX v22.6.1 Daemon Server] - 2026-03-22T09:49:50.925Z - [AI-AGENTS]: Returning cached agent configuration status
[NX v22.6.1 Daemon Server] - 2026-03-22T09:49:50.925Z - Serializing response for GET_CONFIGURE_AI_AGENTS_STATUS message in json mode
[NX v22.6.1 Daemon Server] - 2026-03-22T09:49:50.925Z - Responding to GET_CONFIGURE_AI_AGENTS_STATUS message
[NX v22.6.1 Daemon Server] - 2026-03-22T09:49:50.925Z - [REQUEST]: Responding to the client. handleGetConfigureAiAgentsStatus
[NX v22.6.1 Daemon Server] - 2026-03-22T09:49:50.925Z - Done responding to the client handleGetConfigureAiAgentsStatus
[NX v22.6.1 Daemon Server] - 2026-03-22T09:49:50.925Z - Handled json message GET_CONFIGURE_AI_AGENTS_STATUS. Handling time: 0. Response time: 0.
[NX v22.6.1 Daemon Client] - 2026-03-22T09:49:50.925Z - [Messenger] Received message, length: 342
[NX v22.6.1 Daemon Server] - 2026-03-22T09:49:50.925Z - Closed a connection. Number of open connections: 1
[NX v22.6.1 Daemon Client] - 2026-03-22T09:49:50.926Z - [Messenger] Sending message type: POST_TASKS_EXECUTION
[NX v22.6.1 Daemon Client] - 2026-03-22T09:49:50.926Z - [Messenger] Message sent
[NX v22.6.1 Daemon Server] - 2026-03-22T09:49:50.926Z - Received raw message of length 9575
[NX v22.6.1 Daemon Server] - 2026-03-22T09:49:50.927Z - Received json message of type POST_TASKS_EXECUTION
[NX v22.6.1 Daemon Server] - 2026-03-22T09:49:50.927Z - Serializing response for POST_TASKS_EXECUTION message in json mode
[NX v22.6.1 Daemon Server] - 2026-03-22T09:49:50.927Z - Responding to POST_TASKS_EXECUTION message
[NX v22.6.1 Daemon Server] - 2026-03-22T09:49:50.927Z - [REQUEST]: Responding to the client. handleRunPostTasksExecution
[NX v22.6.1 Daemon Server] - 2026-03-22T09:49:50.927Z - Done responding to the client handleRunPostTasksExecution
[NX v22.6.1 Daemon Server] - 2026-03-22T09:49:50.927Z - Handled json message POST_TASKS_EXECUTION. Handling time: 0. Response time: 0.
[NX v22.6.1 Daemon Client] - 2026-03-22T09:49:50.927Z - [Messenger] Received message, length: 4
[NX v22.6.1 Daemon Server] - 2026-03-22T09:49:50.927Z - Time taken for 'postTasksExecution' 0.11524999999528518ms
[NX v22.6.1 Daemon Server] - 2026-03-22T09:49:50.937Z - Closed a connection. Number of open connections: 0
[NX v22.6.1 Daemon Server] - 2026-03-22T09:50:04.156Z - [WATCHER]: 1 file(s) created or restored, 0 file(s) modified, 1 file(s) deleted
[NX v22.6.1 Daemon Server] - 2026-03-22T09:50:04.156Z - [SYNC]: clearing sync generators cache due to file changes
[NX v22.6.1 Daemon Server] - 2026-03-22T09:50:04.157Z - [WATCHER]: Processing file changes in outputs
[NX v22.6.1 Daemon Server] - 2026-03-22T09:50:04.259Z - [REQUEST]: Updated workspace context based on watched changes, recomputing project graph...
[NX v22.6.1 Daemon Server] - 2026-03-22T09:50:04.259Z - [REQUEST]: .claude/settings.local.json
[NX v22.6.1 Daemon Server] - 2026-03-22T09:50:04.259Z - [REQUEST]: .claude/settings.local.json.tmp.73736.1774173004092
[NX v22.6.1 Daemon Server] - 2026-03-22T09:50:04.263Z - Time taken for 'hash changed files from watcher' 1.636333000002196ms
Time taken for 'plugin worker 87157 code loading' 50.8415ms
Time taken for 'plugin worker 87156 code loading' 51.306208ms
Time taken for 'plugin worker 87158 code loading' 51.796875ms
[NX v22.6.1 Daemon Server] - 2026-03-22T09:50:04.337Z - Time taken for 'start-plugin-worker:nx/js/dependencies-and-lockfile' 76.29095800001232ms
[NX v22.6.1 Daemon Server] - 2026-03-22T09:50:04.338Z - Time taken for 'start-plugin-worker:nx/core/package-json' 75.47195799999463ms
[NX v22.6.1 Daemon Server] - 2026-03-22T09:50:04.338Z - Time taken for 'start-plugin-worker:nx/core/project-json' 74.96983299999556ms
Time taken for 'nx/core/project-json:createNodes' 0.34045799999999815ms
Time taken for 'nx/js/dependencies-and-lockfile:createNodes' 0.8666249999999991ms
[NX v22.6.1 Daemon Server] - 2026-03-22T09:50:04.348Z - Time taken for 'build-project-configs' 82.25187500000175ms
[NX v22.6.1 Daemon Server] - 2026-03-22T09:50:04.348Z - Time taken for 'createNodes:merge' 0.32941600000776816ms
[NX v22.6.1 Daemon Server] - 2026-03-22T09:50:04.348Z - Time taken for 'get-all-workspace-files' 1.3963329999969574ms
Time taken for 'build typescript dependencies' 0.036791999999991276ms
[NX v22.6.1 Daemon Server] - 2026-03-22T09:50:04.350Z - [SYNC]: collect registered sync generators
[NX v22.6.1 Daemon Server] - 2026-03-22T09:50:04.350Z - [SYNC]: project graph hash is the same, not collecting task sync generators
[NX v22.6.1 Daemon Server] - 2026-03-22T09:50:04.350Z - [SYNC]: nx.json hash is the same, not collecting global sync generators
[NX v22.6.1 Daemon Server] - 2026-03-22T09:50:04.351Z - Time taken for 'total execution time for createProjectGraph()' 4.11387499999546ms
[NX v22.6.1 Daemon Server] - 2026-03-22T09:50:04.351Z - Time taken for 'createDependencies' 2.760959000006551ms
[NX v22.6.1 Daemon Server] - 2026-03-22T09:50:04.351Z - Time taken for 'nx/js/dependencies-and-lockfile:createDependencies' 2.7210829999967245ms
[NX v22.6.1 Daemon Server] - 2026-03-22T09:50:04.351Z - Time taken for 'createMetadata' 0.010041999994427897ms
[NX v22.6.1 Daemon Server] - 2026-03-22T09:50:04.351Z - Time taken for 'serialize graph' 0.2692090000055032ms
[NX v22.6.1 Daemon Server] - 2026-03-22T09:50:04.541Z - [WATCHER]: Processing file changes in outputs
[NX v22.6.1 Daemon Server] - 2026-03-22T09:50:04.658Z - [WATCHER]: Processing file changes in outputs
[NX v22.6.1 Daemon Server] - 2026-03-22T09:50:04.839Z - Established a connection. Number of open connections: 1
[NX v22.6.1 Daemon Server] - 2026-03-22T09:50:04.839Z - Closed a connection. Number of open connections: 0
[NX v22.6.1 Daemon Server] - 2026-03-22T09:50:04.839Z - Established a connection. Number of open connections: 1
[NX v22.6.1 Daemon Server] - 2026-03-22T09:50:04.840Z - Closed a connection. Number of open connections: 0
[NX v22.6.1 Daemon Server] - 2026-03-22T09:50:04.840Z - Established a connection. Number of open connections: 1
[NX v22.6.1 Daemon Client] - 2026-03-22T09:50:04.840Z - [Messenger] Setting up socket listeners
[NX v22.6.1 Daemon Client] - 2026-03-22T09:50:04.840Z - [Messenger] listen() complete
[NX v22.6.1 Daemon Client] - 2026-03-22T09:50:04.840Z - [Messenger] Sending message type: GET_NX_CONSOLE_STATUS
[NX v22.6.1 Daemon Client] - 2026-03-22T09:50:04.841Z - [Messenger] Message sent
[NX v22.6.1 Daemon Server] - 2026-03-22T09:50:04.846Z - Received raw message of length 32
[NX v22.6.1 Daemon Server] - 2026-03-22T09:50:04.846Z - Received json message of type GET_NX_CONSOLE_STATUS
[NX v22.6.1 Daemon Server] - 2026-03-22T09:50:04.846Z - Serializing response for GET_NX_CONSOLE_STATUS message in json mode
[NX v22.6.1 Daemon Server] - 2026-03-22T09:50:04.846Z - Responding to GET_NX_CONSOLE_STATUS message
[NX v22.6.1 Daemon Server] - 2026-03-22T09:50:04.846Z - [REQUEST]: Responding to the client. handleGetNxConsoleStatus
[NX v22.6.1 Daemon Server] - 2026-03-22T09:50:04.846Z - Done responding to the client handleGetNxConsoleStatus
[NX v22.6.1 Daemon Server] - 2026-03-22T09:50:04.846Z - Handled json message GET_NX_CONSOLE_STATUS. Handling time: 0. Response time: 0.
[NX v22.6.1 Daemon Client] - 2026-03-22T09:50:04.846Z - [Messenger] Received message, length: 22
[NX v22.6.1 Daemon Client] - 2026-03-22T09:50:04.862Z - [Messenger] Sending message type: REQUEST_PROJECT_GRAPH
[NX v22.6.1 Daemon Client] - 2026-03-22T09:50:04.862Z - [Messenger] Message sent
[NX v22.6.1 Daemon Server] - 2026-03-22T09:50:04.862Z - Received raw message of length 32
[NX v22.6.1 Daemon Server] - 2026-03-22T09:50:04.862Z - Received json message of type REQUEST_PROJECT_GRAPH
[NX v22.6.1 Daemon Server] - 2026-03-22T09:50:04.862Z - [REQUEST]: Client Request for Project Graph Received
[NX v22.6.1 Daemon Server] - 2026-03-22T09:50:04.862Z - Reusing in-memory cached project graph because no files changed.
[NX v22.6.1 Daemon Server] - 2026-03-22T09:50:04.862Z - Serializing response for REQUEST_PROJECT_GRAPH message in json mode
[NX v22.6.1 Daemon Server] - 2026-03-22T09:50:04.862Z - Responding to REQUEST_PROJECT_GRAPH message
[NX v22.6.1 Daemon Server] - 2026-03-22T09:50:04.862Z - [REQUEST]: Responding to the client. project-graph
[NX v22.6.1 Daemon Server] - 2026-03-22T09:50:04.862Z - Time taken for 'total for creating and serializing project graph' 0.09104200000001583ms
[NX v22.6.1 Daemon Server] - 2026-03-22T09:50:04.863Z - Done responding to the client project-graph
[NX v22.6.1 Daemon Server] - 2026-03-22T09:50:04.863Z - Handled json message REQUEST_PROJECT_GRAPH. Handling time: 0. Response time: 1.
[NX v22.6.1 Daemon Client] - 2026-03-22T09:50:04.863Z - [Messenger] Received message, length: 135164
[NX v22.6.1 Daemon Client] - 2026-03-22T09:50:04.864Z - [Messenger] Sending message type: PRE_TASKS_EXECUTION
[NX v22.6.1 Daemon Server] - 2026-03-22T09:50:04.864Z - Received raw message of length 544
[NX v22.6.1 Daemon Client] - 2026-03-22T09:50:04.864Z - [Messenger] Message sent
[NX v22.6.1 Daemon Server] - 2026-03-22T09:50:04.864Z - Received json message of type PRE_TASKS_EXECUTION
[NX v22.6.1 Daemon Server] - 2026-03-22T09:50:04.864Z - Serializing response for PRE_TASKS_EXECUTION message in json mode
[NX v22.6.1 Daemon Server] - 2026-03-22T09:50:04.864Z - Responding to PRE_TASKS_EXECUTION message
[NX v22.6.1 Daemon Server] - 2026-03-22T09:50:04.864Z - [REQUEST]: Responding to the client. handleRunPreTasksExecution
[NX v22.6.1 Daemon Server] - 2026-03-22T09:50:04.864Z - Done responding to the client handleRunPreTasksExecution
[NX v22.6.1 Daemon Server] - 2026-03-22T09:50:04.864Z - Handled json message PRE_TASKS_EXECUTION. Handling time: 0. Response time: 0.
[NX v22.6.1 Daemon Server] - 2026-03-22T09:50:04.864Z - Time taken for 'preTasksExecution' 0.03745899999921676ms
[NX v22.6.1 Daemon Client] - 2026-03-22T09:50:04.864Z - [Messenger] Received message, length: 2
[NX v22.6.1 Daemon Client] - 2026-03-22T09:50:04.882Z - [Messenger] Sending message type: HASH_TASKS
[NX v22.6.1 Daemon Client] - 2026-03-22T09:50:04.882Z - [Messenger] Message sent
[NX v22.6.1 Daemon Server] - 2026-03-22T09:50:04.882Z - Received raw message of length 11876
[NX v22.6.1 Daemon Server] - 2026-03-22T09:50:04.882Z - Received json message of type HASH_TASKS
[NX v22.6.1 Daemon Server] - 2026-03-22T09:50:04.883Z - Reusing in-memory cached project graph because no files changed.
DEBUG nx::native::tasks::hash_planner: get_plans_internal COMPLETED in 143.875µs - processed 3 tasks (setup: 57.167µs, parallel_planning: 85.75µs)
DEBUG nx::native::tasks::hashers::hash_workspace_files: Hashing workspace fileset with inputs: Adding "2994973879972349464" (".gitignore") to hash
DEBUG nx::native::tasks::hashers::hash_workspace_files: Hashing workspace fileset with inputs: Adding "2994973879972349464" (".gitignore") to hash
DEBUG nx::native::tasks::hashers::hash_workspace_files: Hashing workspace fileset with inputs: Adding "2994973879972349464" (".gitignore") to hash
DEBUG nx::native::tasks::hashers::hash_workspace_files: Hashing workspace fileset with inputs: Adding "3658522058447930570" ("nx.json") to hash
DEBUG nx::native::tasks::hashers::hash_workspace_files: Hashing workspace fileset with inputs: Adding "3658522058447930570" ("nx.json") to hash
DEBUG nx::native::tasks::hashers::hash_workspace_files: Hashing workspace fileset with inputs: Adding "3658522058447930570" ("nx.json") to hash
DEBUG nx::native::tasks::hashers::hash_workspace_files: Hashing workspace fileset with inputs: Hash Value: "9551299084215698017"
DEBUG nx::native::tasks::hashers::hash_workspace_files: Hashing workspace fileset with inputs: Hash Value: "9551299084215698017"
DEBUG nx::native::tasks::hashers::hash_workspace_files: Hashing workspace fileset with inputs: Hash Value: "9551299084215698017"
DEBUG nx::native::tasks::task_hasher: hash_plans COMPLETED in 1.943208ms - processed 3 plans (setup: 41.542µs, hashing: 1.901209ms, assembly: 198.292µs)
[NX v22.6.1 Daemon Server] - 2026-03-22T09:50:04.885Z - Serializing response for HASH_TASKS message in json mode
[NX v22.6.1 Daemon Server] - 2026-03-22T09:50:04.885Z - Responding to HASH_TASKS message
[NX v22.6.1 Daemon Server] - 2026-03-22T09:50:04.885Z - [REQUEST]: Responding to the client. handleHashTasks
[NX v22.6.1 Daemon Server] - 2026-03-22T09:50:04.885Z - Done responding to the client handleHashTasks
[NX v22.6.1 Daemon Server] - 2026-03-22T09:50:04.885Z - Handled json message HASH_TASKS. Handling time: 3. Response time: 0.
[NX v22.6.1 Daemon Client] - 2026-03-22T09:50:04.885Z - [Messenger] Received message, length: 19196
[NX v22.6.1 Daemon Client] - 2026-03-22T09:50:04.911Z - [Messenger] Sending message type: GET_ESTIMATED_TASK_TIMINGS
[NX v22.6.1 Daemon Client] - 2026-03-22T09:50:04.911Z - [Messenger] Message sent
[NX v22.6.1 Daemon Server] - 2026-03-22T09:50:04.911Z - Received raw message of length 243
[NX v22.6.1 Daemon Server] - 2026-03-22T09:50:04.911Z - Received json message of type GET_ESTIMATED_TASK_TIMINGS
[NX v22.6.1 Daemon Server] - 2026-03-22T09:50:04.911Z - Serializing response for GET_ESTIMATED_TASK_TIMINGS message in json mode
[NX v22.6.1 Daemon Server] - 2026-03-22T09:50:04.912Z - Responding to GET_ESTIMATED_TASK_TIMINGS message
[NX v22.6.1 Daemon Server] - 2026-03-22T09:50:04.912Z - [REQUEST]: Responding to the client. handleGetEstimatedTaskTimings
[NX v22.6.1 Daemon Server] - 2026-03-22T09:50:04.912Z - Done responding to the client handleGetEstimatedTaskTimings
[NX v22.6.1 Daemon Server] - 2026-03-22T09:50:04.912Z - Handled json message GET_ESTIMATED_TASK_TIMINGS. Handling time: 0. Response time: 1.
[NX v22.6.1 Daemon Client] - 2026-03-22T09:50:04.912Z - [Messenger] Received message, length: 138
[NX v22.6.1 Daemon Client] - 2026-03-22T09:50:05.106Z - [Messenger] Sending message type: RECORD_OUTPUTS_HASH
[NX v22.6.1 Daemon Client] - 2026-03-22T09:50:05.107Z - [Messenger] Message sent
[NX v22.6.1 Daemon Server] - 2026-03-22T09:50:05.107Z - Received raw message of length 311
[NX v22.6.1 Daemon Server] - 2026-03-22T09:50:05.107Z - Received json message of type RECORD_OUTPUTS_HASH
[NX v22.6.1 Daemon Server] - 2026-03-22T09:50:05.111Z - Serializing response for RECORD_OUTPUTS_HASH message in json mode
[NX v22.6.1 Daemon Server] - 2026-03-22T09:50:05.111Z - Responding to RECORD_OUTPUTS_HASH message
[NX v22.6.1 Daemon Server] - 2026-03-22T09:50:05.111Z - [REQUEST]: Responding to the client. recordOutputsHash
[NX v22.6.1 Daemon Server] - 2026-03-22T09:50:05.111Z - Done responding to the client recordOutputsHash
[NX v22.6.1 Daemon Server] - 2026-03-22T09:50:05.111Z - Handled json message RECORD_OUTPUTS_HASH. Handling time: 4. Response time: 0.
[NX v22.6.1 Daemon Client] - 2026-03-22T09:50:05.111Z - [Messenger] Received message, length: 2
[NX v22.6.1 Daemon Client] - 2026-03-22T09:50:05.112Z - [Messenger] Sending message type: RECORD_TASK_RUNS
[NX v22.6.1 Daemon Client] - 2026-03-22T09:50:05.112Z - [Messenger] Message sent
[NX v22.6.1 Daemon Server] - 2026-03-22T09:50:05.112Z - Received raw message of length 236
[NX v22.6.1 Daemon Server] - 2026-03-22T09:50:05.112Z - Received json message of type RECORD_TASK_RUNS
[NX v22.6.1 Daemon Server] - 2026-03-22T09:50:05.112Z - Serializing response for RECORD_TASK_RUNS message in json mode
[NX v22.6.1 Daemon Server] - 2026-03-22T09:50:05.112Z - Responding to RECORD_TASK_RUNS message
[NX v22.6.1 Daemon Server] - 2026-03-22T09:50:05.112Z - [REQUEST]: Responding to the client. handleRecordTaskRuns
[NX v22.6.1 Daemon Server] - 2026-03-22T09:50:05.112Z - Done responding to the client handleRecordTaskRuns
[NX v22.6.1 Daemon Server] - 2026-03-22T09:50:05.112Z - Handled json message RECORD_TASK_RUNS. Handling time: 0. Response time: 0.
[NX v22.6.1 Daemon Client] - 2026-03-22T09:50:05.112Z - [Messenger] Received message, length: 4
[NX v22.6.1 Daemon Client] - 2026-03-22T09:50:05.112Z - [Messenger] Sending message type: GET_FLAKY_TASKS
[NX v22.6.1 Daemon Client] - 2026-03-22T09:50:05.112Z - [Messenger] Message sent
[NX v22.6.1 Daemon Server] - 2026-03-22T09:50:05.112Z - Received raw message of length 59
[NX v22.6.1 Daemon Server] - 2026-03-22T09:50:05.112Z - Received json message of type GET_FLAKY_TASKS
[NX v22.6.1 Daemon Server] - 2026-03-22T09:50:05.112Z - Serializing response for GET_FLAKY_TASKS message in json mode
[NX v22.6.1 Daemon Server] - 2026-03-22T09:50:05.112Z - Responding to GET_FLAKY_TASKS message
[NX v22.6.1 Daemon Server] - 2026-03-22T09:50:05.112Z - [REQUEST]: Responding to the client. handleGetFlakyTasks
[NX v22.6.1 Daemon Server] - 2026-03-22T09:50:05.112Z - Done responding to the client handleGetFlakyTasks
[NX v22.6.1 Daemon Server] - 2026-03-22T09:50:05.112Z - Handled json message GET_FLAKY_TASKS. Handling time: 0. Response time: 0.
[NX v22.6.1 Daemon Client] - 2026-03-22T09:50:05.112Z - [Messenger] Received message, length: 2
[NX v22.6.1 Daemon Server] - 2026-03-22T09:50:05.112Z - Established a connection. Number of open connections: 2
[NX v22.6.1 Daemon Client] - 2026-03-22T09:50:05.112Z - [Messenger] Sending message type: GET_CONFIGURE_AI_AGENTS_STATUS
[NX v22.6.1 Daemon Client] - 2026-03-22T09:50:05.112Z - [Messenger] Message sent
[NX v22.6.1 Daemon Server] - 2026-03-22T09:50:05.113Z - Closed a connection. Number of open connections: 1
[NX v22.6.1 Daemon Server] - 2026-03-22T09:50:05.113Z - Received raw message of length 41
[NX v22.6.1 Daemon Server] - 2026-03-22T09:50:05.113Z - Received json message of type GET_CONFIGURE_AI_AGENTS_STATUS
[NX v22.6.1 Daemon Server] - 2026-03-22T09:50:05.113Z - [AI-AGENTS]: Returning cached agent configuration status
[NX v22.6.1 Daemon Server] - 2026-03-22T09:50:05.113Z - Serializing response for GET_CONFIGURE_AI_AGENTS_STATUS message in json mode
[NX v22.6.1 Daemon Server] - 2026-03-22T09:50:05.113Z - Responding to GET_CONFIGURE_AI_AGENTS_STATUS message
[NX v22.6.1 Daemon Server] - 2026-03-22T09:50:05.113Z - [REQUEST]: Responding to the client. handleGetConfigureAiAgentsStatus
[NX v22.6.1 Daemon Server] - 2026-03-22T09:50:05.113Z - Done responding to the client handleGetConfigureAiAgentsStatus
[NX v22.6.1 Daemon Server] - 2026-03-22T09:50:05.113Z - Handled json message GET_CONFIGURE_AI_AGENTS_STATUS. Handling time: 0. Response time: 0.
[NX v22.6.1 Daemon Client] - 2026-03-22T09:50:05.113Z - [Messenger] Received message, length: 342
[NX v22.6.1 Daemon Client] - 2026-03-22T09:50:05.113Z - [Messenger] Sending message type: POST_TASKS_EXECUTION
[NX v22.6.1 Daemon Client] - 2026-03-22T09:50:05.113Z - [Messenger] Message sent
[NX v22.6.1 Daemon Server] - 2026-03-22T09:50:05.113Z - Received raw message of length 8890
[NX v22.6.1 Daemon Server] - 2026-03-22T09:50:05.113Z - Received json message of type POST_TASKS_EXECUTION
[NX v22.6.1 Daemon Server] - 2026-03-22T09:50:05.113Z - Serializing response for POST_TASKS_EXECUTION message in json mode
[NX v22.6.1 Daemon Server] - 2026-03-22T09:50:05.113Z - Responding to POST_TASKS_EXECUTION message
[NX v22.6.1 Daemon Server] - 2026-03-22T09:50:05.113Z - [REQUEST]: Responding to the client. handleRunPostTasksExecution
[NX v22.6.1 Daemon Server] - 2026-03-22T09:50:05.113Z - Done responding to the client handleRunPostTasksExecution
[NX v22.6.1 Daemon Server] - 2026-03-22T09:50:05.113Z - Handled json message POST_TASKS_EXECUTION. Handling time: 0. Response time: 0.
[NX v22.6.1 Daemon Client] - 2026-03-22T09:50:05.113Z - [Messenger] Received message, length: 4
[NX v22.6.1 Daemon Server] - 2026-03-22T09:50:05.113Z - Time taken for 'postTasksExecution' 0.047541000007186085ms
[NX v22.6.1 Daemon Server] - 2026-03-22T09:50:05.116Z - Closed a connection. Number of open connections: 0
[NX v22.6.1 Daemon Server] - 2026-03-22T09:50:05.351Z - [WATCHER]: .moon/cache/hashes/e3902773593b12e1b9edfa9afac7d3848c126a6acb5ae98c3da7843773f2517c.json was modified
[NX v22.6.1 Daemon Server] - 2026-03-22T09:50:05.351Z - [SYNC]: clearing sync generators cache due to file changes
[NX v22.6.1 Daemon Server] - 2026-03-22T09:50:05.351Z - [WATCHER]: Processing file changes in outputs
[NX v22.6.1 Daemon Server] - 2026-03-22T09:50:05.455Z - [REQUEST]: Updated workspace context based on watched changes, recomputing project graph...
[NX v22.6.1 Daemon Server] - 2026-03-22T09:50:05.455Z - [REQUEST]: .moon/cache/hashes/e3902773593b12e1b9edfa9afac7d3848c126a6acb5ae98c3da7843773f2517c.json
[NX v22.6.1 Daemon Server] - 2026-03-22T09:50:05.455Z - [REQUEST]: 
[NX v22.6.1 Daemon Server] - 2026-03-22T09:50:05.458Z - Time taken for 'hash changed files from watcher' 2.1040000000066357ms
Time taken for 'plugin worker 87405 code loading' 51.33425ms
Time taken for 'plugin worker 87404 code loading' 51.17504099999999ms
Time taken for 'plugin worker 87403 code loading' 50.643041999999994ms
[NX v22.6.1 Daemon Server] - 2026-03-22T09:50:05.533Z - Time taken for 'start-plugin-worker:nx/js/dependencies-and-lockfile' 76.81408399999782ms
[NX v22.6.1 Daemon Server] - 2026-03-22T09:50:05.533Z - Time taken for 'start-plugin-worker:nx/core/package-json' 75.95487500001036ms
[NX v22.6.1 Daemon Server] - 2026-03-22T09:50:05.533Z - Time taken for 'start-plugin-worker:nx/core/project-json' 75.5092500000028ms
Time taken for 'nx/core/project-json:createNodes' 0.3389580000000052ms
Time taken for 'nx/js/dependencies-and-lockfile:createNodes' 1.0204169999999948ms
[NX v22.6.1 Daemon Server] - 2026-03-22T09:50:05.544Z - Time taken for 'build-project-configs' 83.17741699999897ms
[NX v22.6.1 Daemon Server] - 2026-03-22T09:50:05.544Z - Time taken for 'createNodes:merge' 0.24312499999359716ms
[NX v22.6.1 Daemon Server] - 2026-03-22T09:50:05.544Z - Time taken for 'get-all-workspace-files' 1.5084169999900041ms
Time taken for 'build typescript dependencies' 0.046582999999998265ms
[NX v22.6.1 Daemon Server] - 2026-03-22T09:50:05.548Z - [SYNC]: collect registered sync generators
[NX v22.6.1 Daemon Server] - 2026-03-22T09:50:05.548Z - [SYNC]: project graph hash is the same, not collecting task sync generators
[NX v22.6.1 Daemon Server] - 2026-03-22T09:50:05.548Z - [SYNC]: nx.json hash is the same, not collecting global sync generators
[NX v22.6.1 Daemon Server] - 2026-03-22T09:50:05.548Z - Time taken for 'total execution time for createProjectGraph()' 5.816667000006419ms
[NX v22.6.1 Daemon Server] - 2026-03-22T09:50:05.548Z - Time taken for 'createDependencies' 4.344792000003508ms
[NX v22.6.1 Daemon Server] - 2026-03-22T09:50:05.548Z - Time taken for 'nx/js/dependencies-and-lockfile:createDependencies' 4.305624999993597ms
[NX v22.6.1 Daemon Server] - 2026-03-22T09:50:05.548Z - Time taken for 'createMetadata' 0.02224999999452848ms
[NX v22.6.1 Daemon Server] - 2026-03-22T09:50:05.548Z - Time taken for 'serialize graph' 0.24987499999406282ms
[NX v22.6.1 Daemon Server] - 2026-03-22T09:50:05.579Z - [WATCHER]: Processing file changes in outputs
[NX v22.6.1 Daemon Server] - 2026-03-22T09:50:05.579Z - [WATCHER]: 1 file(s) created or restored, 12 file(s) modified, 4 file(s) deleted
[NX v22.6.1 Daemon Server] - 2026-03-22T09:50:05.579Z - [SYNC]: clearing sync generators cache due to file changes
[NX v22.6.1 Daemon Server] - 2026-03-22T09:50:05.636Z - [WATCHER]: 0 file(s) created or restored, 5 file(s) modified, 0 file(s) deleted
[NX v22.6.1 Daemon Server] - 2026-03-22T09:50:05.636Z - [SYNC]: clearing sync generators cache due to file changes
[NX v22.6.1 Daemon Server] - 2026-03-22T09:50:05.636Z - [WATCHER]: Processing file changes in outputs
[NX v22.6.1 Daemon Server] - 2026-03-22T09:50:05.681Z - [REQUEST]: Updated workspace context based on watched changes, recomputing project graph...
[NX v22.6.1 Daemon Server] - 2026-03-22T09:50:05.681Z - [REQUEST]: .moon/cache/hashes/2a30350479c0c6f3cb936873533050a415872b77ec412228473fd894acc408b1.json,.moon/cache/schemas/workspace.json,.moon/cache/schemas/project.json,.moon/cache/hashes/0997c7094e335afeac555e41346855c554da9185b7fc411f00bee8cb5a05c3be.json,.moon/cache/schemas/tasks.json,.moon/cache/schemas/toolchains.json,.moon/cache/states/gotham-vite-commons/build/lastRun.json,.moon/cache/schemas/template.json,.moon/cache/schemas/extensions.json,.moon/cache/schemas/template-frontmatter.json,.moon/cache/states/portal-site/snapshot.json,.moon/cache/states/gotham-vite-commons/snapshot.json,.moon/cache/states/portal-library/snapshot.json,.moon/cache/runReport.json,.moon/cache/states/portal-library/build/lastRun.json,.moon/cache/hashes/b9a9cf525aa8c3df8f91a97de7b4b61029c720a09e5a363bfb7253f26dbe740f.json,.moon/cache/hashes/0bb17f5ca412baccf18474d3919689b8adebfa0e678c85762ea1938545a77350.json,.moon/cache/states/portal-site/build/lastRun.json
[NX v22.6.1 Daemon Server] - 2026-03-22T09:50:05.681Z - [REQUEST]: .moon/cache/locks/sync-project-gotham-vite-commons.lock,.moon/cache/locks/sync-workspace.lock,.moon/cache/locks/sync-project-portal-site.lock,.moon/cache/locks/sync-project-portal-library.lock
[NX v22.6.1 Daemon Server] - 2026-03-22T09:50:05.684Z - Time taken for 'hash changed files from watcher' 2.2368750000023283ms
[NX v22.6.1 Daemon Server] - 2026-03-22T09:50:05.746Z - [WATCHER]: Processing file changes in outputs
[NX v22.6.1 Daemon Server] - 2026-03-22T09:50:05.748Z - [WATCHER]: .pants.d/workdir/run-tracker/pants_run_2026_03_22_10_50_05_686_817d7154ed8a4d61bc1023e6eee2631f/logs was created or restored
[NX v22.6.1 Daemon Server] - 2026-03-22T09:50:05.748Z - [SYNC]: clearing sync generators cache due to file changes
Time taken for 'plugin worker 87476 code loading' 52.677457999999994ms
Time taken for 'plugin worker 87477 code loading' 52.508541ms
Time taken for 'plugin worker 87478 code loading' 52.96279200000001ms
[NX v22.6.1 Daemon Server] - 2026-03-22T09:50:05.758Z - Time taken for 'start-plugin-worker:nx/js/dependencies-and-lockfile' 75.53966699999ms
[NX v22.6.1 Daemon Server] - 2026-03-22T09:50:05.758Z - Time taken for 'start-plugin-worker:nx/core/package-json' 74.94754199999443ms
[NX v22.6.1 Daemon Server] - 2026-03-22T09:50:05.758Z - Time taken for 'start-plugin-worker:nx/core/project-json' 74.62545799999498ms
Time taken for 'nx/core/project-json:createNodes' 0.3750840000000011ms
Time taken for 'nx/js/dependencies-and-lockfile:createNodes' 0.8451250000000101ms
[NX v22.6.1 Daemon Server] - 2026-03-22T09:50:05.768Z - Time taken for 'build-project-configs' 81.82166699999652ms
[NX v22.6.1 Daemon Server] - 2026-03-22T09:50:05.768Z - Time taken for 'createNodes:merge' 0.20016699998814147ms
[NX v22.6.1 Daemon Server] - 2026-03-22T09:50:05.768Z - Time taken for 'get-all-workspace-files' 1.2982500000071013ms
Time taken for 'build typescript dependencies' 0.06112499999998988ms
[NX v22.6.1 Daemon Server] - 2026-03-22T09:50:05.772Z - [SYNC]: collect registered sync generators
[NX v22.6.1 Daemon Server] - 2026-03-22T09:50:05.772Z - [SYNC]: project graph hash is the same, not collecting task sync generators
[NX v22.6.1 Daemon Server] - 2026-03-22T09:50:05.772Z - [SYNC]: nx.json hash is the same, not collecting global sync generators
[NX v22.6.1 Daemon Server] - 2026-03-22T09:50:05.772Z - Time taken for 'total execution time for createProjectGraph()' 4.739707999993698ms
[NX v22.6.1 Daemon Server] - 2026-03-22T09:50:05.772Z - Time taken for 'createDependencies' 3.3973339999938617ms
[NX v22.6.1 Daemon Server] - 2026-03-22T09:50:05.772Z - Time taken for 'nx/js/dependencies-and-lockfile:createDependencies' 3.36699999999837ms
[NX v22.6.1 Daemon Server] - 2026-03-22T09:50:05.772Z - Time taken for 'createMetadata' 0.011958999995840713ms
[NX v22.6.1 Daemon Server] - 2026-03-22T09:50:05.772Z - Time taken for 'serialize graph' 0.2909579999977723ms
[NX v22.6.1 Daemon Server] - 2026-03-22T09:50:05.831Z - [WATCHER]: buck-out/v2/log/20260322-095005_build_b0388552-ce08-447d-ae2d-dc33c60b33e0_events.pb.zst was created or restored
[NX v22.6.1 Daemon Server] - 2026-03-22T09:50:05.831Z - [SYNC]: clearing sync generators cache due to file changes
[NX v22.6.1 Daemon Server] - 2026-03-22T09:50:05.831Z - [WATCHER]: Processing file changes in outputs
[NX v22.6.1 Daemon Server] - 2026-03-22T09:50:05.852Z - [REQUEST]: Updated workspace context based on watched changes, recomputing project graph...
[NX v22.6.1 Daemon Server] - 2026-03-22T09:50:05.852Z - [REQUEST]: .pants.d/workdir/run-tracker/pants_run_2026_03_22_10_50_05_686_817d7154ed8a4d61bc1023e6eee2631f/logs,buck-out/v2/log/20260322-095005_build_b0388552-ce08-447d-ae2d-dc33c60b33e0_events.pb.zst
[NX v22.6.1 Daemon Server] - 2026-03-22T09:50:05.852Z - [REQUEST]: 
[NX v22.6.1 Daemon Server] - 2026-03-22T09:50:05.861Z - Time taken for 'hash changed files from watcher' 2.8362919999926817ms
Time taken for 'plugin worker 87507 code loading' 52.052499999999995ms
[NX v22.6.1 Daemon Server] - 2026-03-22T09:50:05.934Z - Time taken for 'start-plugin-worker:nx/js/dependencies-and-lockfile' 74.30854099999124ms
Time taken for 'plugin worker 87506 code loading' 53.536125ms
Time taken for 'plugin worker 87505 code loading' 52.817333000000005ms
[NX v22.6.1 Daemon Server] - 2026-03-22T09:50:05.936Z - Time taken for 'start-plugin-worker:nx/core/package-json' 75.46187500000815ms
[NX v22.6.1 Daemon Server] - 2026-03-22T09:50:05.936Z - Time taken for 'start-plugin-worker:nx/core/project-json' 74.76458299999649ms
Time taken for 'nx/core/project-json:createNodes' 0.40516599999999414ms
Time taken for 'nx/js/dependencies-and-lockfile:createNodes' 0.9227920000000012ms
[NX v22.6.1 Daemon Server] - 2026-03-22T09:50:05.944Z - Time taken for 'build-project-configs' 81.09720899999957ms
[NX v22.6.1 Daemon Server] - 2026-03-22T09:50:05.944Z - Time taken for 'createNodes:merge' 0.18354099999123719ms
[NX v22.6.1 Daemon Server] - 2026-03-22T09:50:05.944Z - Time taken for 'get-all-workspace-files' 1.147207999994862ms
Time taken for 'build typescript dependencies' 0.049208000000007246ms
[NX v22.6.1 Daemon Server] - 2026-03-22T09:50:05.948Z - [SYNC]: collect registered sync generators
[NX v22.6.1 Daemon Server] - 2026-03-22T09:50:05.948Z - [SYNC]: project graph hash is the same, not collecting task sync generators
[NX v22.6.1 Daemon Server] - 2026-03-22T09:50:05.948Z - [SYNC]: nx.json hash is the same, not collecting global sync generators
[NX v22.6.1 Daemon Server] - 2026-03-22T09:50:05.948Z - Time taken for 'total execution time for createProjectGraph()' 4.7228749999922ms
[NX v22.6.1 Daemon Server] - 2026-03-22T09:50:05.948Z - Time taken for 'createDependencies' 3.4791670000122394ms
[NX v22.6.1 Daemon Server] - 2026-03-22T09:50:05.948Z - Time taken for 'nx/js/dependencies-and-lockfile:createDependencies' 3.4607919999980368ms
[NX v22.6.1 Daemon Server] - 2026-03-22T09:50:05.948Z - Time taken for 'createMetadata' 0.004790999999386258ms
[NX v22.6.1 Daemon Server] - 2026-03-22T09:50:05.948Z - Time taken for 'serialize graph' 0.2342919999937294ms
[NX v22.6.1 Daemon Server] - 2026-03-22T09:50:05.959Z - [WATCHER]: 276 file(s) created or restored, 0 file(s) modified, 0 file(s) deleted
[NX v22.6.1 Daemon Server] - 2026-03-22T09:50:05.961Z - [SYNC]: clearing sync generators cache due to file changes
[NX v22.6.1 Daemon Server] - 2026-03-22T09:50:05.961Z - [WATCHER]: Processing file changes in outputs
[NX v22.6.1 Daemon Server] - 2026-03-22T09:50:05.962Z - [WATCHER]: Stopping the watcher for /Users/jbadeau/git/frontseat-demo (sources)
[NX v22.6.1 Daemon Server] - 2026-03-22T09:50:05.962Z - [WATCHER]: Stopping the watcher for /Users/jbadeau/git/frontseat-demo (outputs)
[NX v22.6.1 Daemon Server] - 2026-03-22T09:50:05.962Z - [LATEST-NX]: Cleaning up latest Nx installation from /private/var/folders/z4/qvn77v055yd8k4smdjw9nn3w0000gn/T/tmp-86628-5qOtwP5pWPP4
[NX v22.6.1 Daemon Server] - 2026-03-22T09:50:05.962Z - Server stopped because: "Stopping the daemon the set of ignored files changed (native)"
[NX v22.6.1 Daemon Client] - 2026-03-22T09:51:48.293Z - [Client] Starting new daemon server in background
[NX v22.6.1 Daemon Client] - 2026-03-22T09:51:48.294Z - [Client] Waiting for server (max: 6000 attempts, 10ms interval)
[NX v22.6.1 Daemon Server] - 2026-03-22T09:51:48.364Z - New daemon starting from: /Users/jbadeau/git/frontseat-demo/node_modules/nx/src/daemon/server/server.js
[NX v22.6.1 Daemon Server] - 2026-03-22T09:51:48.365Z - New daemon __dirname: /Users/jbadeau/git/frontseat-demo/node_modules/nx/src/daemon/server
[NX v22.6.1 Daemon Server] - 2026-03-22T09:51:48.365Z - New daemon nxVersion: 22.6.1
[NX v22.6.1 Daemon Server] - 2026-03-22T09:51:48.365Z - New daemon getInstalledNxVersion(): 22.6.1
[NX v22.6.1 Daemon Server] - 2026-03-22T09:51:48.365Z - Time taken for 'workspace context init' 0.30229100000000386ms
[NX v22.6.1 Daemon Server] - 2026-03-22T09:51:48.366Z - [Server] Starting outdated check interval (20ms)
[NX v22.6.1 Daemon Server] - 2026-03-22T09:51:48.367Z - Started listening on: /private/var/folders/z4/qvn77v055yd8k4smdjw9nn3w0000gn/T/8e753b6249d04472c5fc/d.sock
[NX v22.6.1 Daemon Server] - 2026-03-22T09:51:48.367Z - [WATCHER]: Subscribed to changes within: /Users/jbadeau/git/frontseat-demo (native)
[NX v22.6.1 Daemon Server] - 2026-03-22T09:51:48.367Z - [LATEST-NX]: Pulling latest Nx...
Fetching nx...
[NX v22.6.1 Daemon Server] - 2026-03-22T09:51:48.372Z - [AI-AGENTS]: Starting agent configuration status computation
[NX v22.6.1 Daemon Client] - 2026-03-22T09:51:48.374Z - [Client] Server available after 7 attempts
[NX v22.6.1 Daemon Client] - 2026-03-22T09:51:48.374Z - [Client] Daemon server started, pid=88230
[NX v22.6.1 Daemon Server] - 2026-03-22T09:51:48.374Z - Established a connection. Number of open connections: 1
[NX v22.6.1 Daemon Client] - 2026-03-22T09:51:48.374Z - [Messenger] Setting up socket listeners
[NX v22.6.1 Daemon Server] - 2026-03-22T09:51:48.374Z - Established a connection. Number of open connections: 2
[NX v22.6.1 Daemon Client] - 2026-03-22T09:51:48.374Z - [Messenger] listen() complete
[NX v22.6.1 Daemon Client] - 2026-03-22T09:51:48.375Z - [Messenger] Sending message type: REQUEST_PROJECT_GRAPH
[NX v22.6.1 Daemon Client] - 2026-03-22T09:51:48.375Z - [Messenger] Message sent
[NX v22.6.1 Daemon Server] - 2026-03-22T09:51:48.375Z - Closed a connection. Number of open connections: 1
[NX v22.6.1 Daemon Server] - 2026-03-22T09:51:48.384Z - Received raw message of length 32
[NX v22.6.1 Daemon Server] - 2026-03-22T09:51:48.384Z - Received json message of type REQUEST_PROJECT_GRAPH
[NX v22.6.1 Daemon Server] - 2026-03-22T09:51:48.384Z - [REQUEST]: Client Request for Project Graph Received
[NX v22.6.1 Daemon Server] - 2026-03-22T09:51:48.387Z - Time taken for 'loadSpecifiedNxPlugins' 1.6266669999999976ms
[NX v22.6.1 Daemon Server] - 2026-03-22T09:51:48.429Z - [WATCHER]: Processing file changes in outputs
Time taken for 'plugin worker 88232 code loading' 61.11225ms
Time taken for 'plugin worker 88234 code loading' 61.229959ms
Time taken for 'plugin worker 88235 code loading' 59.680459ms
[NX v22.6.1 Daemon Server] - 2026-03-22T09:51:48.472Z - Time taken for 'start-plugin-worker:/Users/jbadeau/git/frontseat-demo/node_modules/nx/src/plugins/js' 86.464666ms
[NX v22.6.1 Daemon Server] - 2026-03-22T09:51:48.472Z - Time taken for 'start-plugin-worker:/Users/jbadeau/git/frontseat-demo/node_modules/nx/src/plugins/package-json' 86.07120900000001ms
[NX v22.6.1 Daemon Server] - 2026-03-22T09:51:48.472Z - Time taken for 'start-plugin-worker:/Users/jbadeau/git/frontseat-demo/node_modules/nx/src/plugins/project-json/build-nodes/project-json' 85.67775ms
[NX v22.6.1 Daemon Server] - 2026-03-22T09:51:48.473Z - Time taken for 'Load Nx Plugin: /Users/jbadeau/git/frontseat-demo/node_modules/nx/src/plugins/project-json/build-nodes/project-json' 87.963834ms
[NX v22.6.1 Daemon Server] - 2026-03-22T09:51:48.473Z - Time taken for 'Load Nx Plugin: /Users/jbadeau/git/frontseat-demo/node_modules/nx/src/plugins/package-json' 88.40037500000001ms
[NX v22.6.1 Daemon Server] - 2026-03-22T09:51:48.477Z - [REQUEST]: Updated workspace context based on watched changes, recomputing project graph...
[NX v22.6.1 Daemon Server] - 2026-03-22T09:51:48.477Z - [REQUEST]: 
[NX v22.6.1 Daemon Server] - 2026-03-22T09:51:48.477Z - [REQUEST]: 
[NX v22.6.1 Daemon Server] - 2026-03-22T09:51:48.478Z - No files changed, but no in-memory cached project graph found. Recomputing it...
[NX v22.6.1 Daemon Server] - 2026-03-22T09:51:48.480Z - Time taken for 'loadDefaultNxPlugins' 90.91295899999999ms
[NX v22.6.1 Daemon Server] - 2026-03-22T09:51:48.480Z - Time taken for 'Load Nx Plugin: /Users/jbadeau/git/frontseat-demo/node_modules/nx/src/plugins/js' 90.84424999999999ms
[NX v22.6.1 Daemon Server] - 2026-03-22T09:51:48.480Z - Time taken for 'hash changed files from watcher' 1.6602080000000115ms
Time taken for 'nx/core/project-json:createNodes' 0.3991670000000056ms
Time taken for 'nx/js/dependencies-and-lockfile:createNodes' 0.9289169999999984ms
[NX v22.6.1 Daemon Server] - 2026-03-22T09:51:48.497Z - Time taken for 'build-project-configs' 5.949292000000014ms
[NX v22.6.1 Daemon Server] - 2026-03-22T09:51:48.497Z - Time taken for 'createNodes:merge' 1.329958999999974ms
[NX v22.6.1 Daemon Server] - 2026-03-22T09:51:48.497Z - Time taken for 'native-file-deps' 0.003959000000008928ms
[NX v22.6.1 Daemon Server] - 2026-03-22T09:51:48.497Z - Time taken for 'get-workspace-files' 1.5668750000000102ms
[NX v22.6.1 Daemon Server] - 2026-03-22T09:51:48.497Z - Time taken for 'get-all-workspace-files' 0.5717500000000086ms
[NX v22.6.1 Daemon Server] - 2026-03-22T09:51:48.497Z - Time taken for 'read cache' 0.6247920000000136ms
Time taken for 'build typescript dependencies' 0.04904200000000003ms
[NX v22.6.1 Daemon Server] - 2026-03-22T09:51:48.502Z - [SYNC]: collect registered sync generators
[NX v22.6.1 Daemon Server] - 2026-03-22T09:51:48.506Z - Wrote project graph cache to /Users/jbadeau/git/frontseat-demo/.nx/workspace-data/project-graph.json
[NX v22.6.1 Daemon Server] - 2026-03-22T09:51:48.506Z - Serializing response for REQUEST_PROJECT_GRAPH message in json mode
[NX v22.6.1 Daemon Server] - 2026-03-22T09:51:48.506Z - Responding to REQUEST_PROJECT_GRAPH message
[NX v22.6.1 Daemon Server] - 2026-03-22T09:51:48.506Z - [REQUEST]: Responding to the client. project-graph
[NX v22.6.1 Daemon Server] - 2026-03-22T09:51:48.507Z - Time taken for 'total for creating and serializing project graph' 121.986333ms
[NX v22.6.1 Daemon Server] - 2026-03-22T09:51:48.507Z - Time taken for 'total execution time for createProjectGraph()' 9.81733299999999ms
[NX v22.6.1 Daemon Server] - 2026-03-22T09:51:48.507Z - Time taken for 'createDependencies' 5.8255419999999845ms
[NX v22.6.1 Daemon Server] - 2026-03-22T09:51:48.507Z - Time taken for 'nx/js/dependencies-and-lockfile:createDependencies' 5.749875000000003ms
[NX v22.6.1 Daemon Server] - 2026-03-22T09:51:48.507Z - Time taken for 'createMetadata' 0.017042000000003554ms
[NX v22.6.1 Daemon Server] - 2026-03-22T09:51:48.507Z - Time taken for 'serialize graph' 0.25549999999998363ms
[NX v22.6.1 Daemon Server] - 2026-03-22T09:51:48.507Z - Time taken for 'write cache' 3.638333000000017ms
[NX v22.6.1 Daemon Server] - 2026-03-22T09:51:48.507Z - Done responding to the client project-graph
[NX v22.6.1 Daemon Server] - 2026-03-22T09:51:48.507Z - Handled json message REQUEST_PROJECT_GRAPH. Handling time: 122. Response time: 1.
[NX v22.6.1 Daemon Client] - 2026-03-22T09:51:48.507Z - [Messenger] Received message, length: 135164
[NX v22.6.1 Daemon Client] - 2026-03-22T09:51:48.508Z - [Messenger] Sending message type: PRE_TASKS_EXECUTION
[NX v22.6.1 Daemon Client] - 2026-03-22T09:51:48.508Z - [Messenger] Message sent
[NX v22.6.1 Daemon Server] - 2026-03-22T09:51:48.508Z - Received raw message of length 544
[NX v22.6.1 Daemon Server] - 2026-03-22T09:51:48.508Z - Received json message of type PRE_TASKS_EXECUTION
[NX v22.6.1 Daemon Server] - 2026-03-22T09:51:48.509Z - Serializing response for PRE_TASKS_EXECUTION message in json mode
[NX v22.6.1 Daemon Server] - 2026-03-22T09:51:48.509Z - Responding to PRE_TASKS_EXECUTION message
[NX v22.6.1 Daemon Server] - 2026-03-22T09:51:48.509Z - [REQUEST]: Responding to the client. handleRunPreTasksExecution
[NX v22.6.1 Daemon Server] - 2026-03-22T09:51:48.509Z - Done responding to the client handleRunPreTasksExecution
[NX v22.6.1 Daemon Server] - 2026-03-22T09:51:48.509Z - Handled json message PRE_TASKS_EXECUTION. Handling time: 0. Response time: 0.
[NX v22.6.1 Daemon Client] - 2026-03-22T09:51:48.509Z - [Messenger] Received message, length: 2
[NX v22.6.1 Daemon Server] - 2026-03-22T09:51:48.509Z - Time taken for 'preTasksExecution' 0.25295899999997573ms
[NX v22.6.1 Daemon Client] - 2026-03-22T09:51:48.530Z - [Messenger] Sending message type: HASH_TASKS
[NX v22.6.1 Daemon Client] - 2026-03-22T09:51:48.530Z - [Messenger] Message sent
[NX v22.6.1 Daemon Server] - 2026-03-22T09:51:48.531Z - Received raw message of length 11876
[NX v22.6.1 Daemon Server] - 2026-03-22T09:51:48.531Z - Received json message of type HASH_TASKS
[NX v22.6.1 Daemon Server] - 2026-03-22T09:51:48.531Z - Reusing in-memory cached project graph because no files changed.
DEBUG nx::native::tasks::hash_planner: get_plans_internal COMPLETED in 192.542µs - processed 3 tasks (setup: 78.083µs, parallel_planning: 112.834µs)
DEBUG nx::native::tasks::hashers::hash_workspace_files: Hashing workspace fileset with inputs: Adding "2994973879972349464" (".gitignore") to hash
DEBUG nx::native::tasks::hashers::hash_workspace_files: Hashing workspace fileset with inputs: Adding "2994973879972349464" (".gitignore") to hash
DEBUG nx::native::tasks::hashers::hash_workspace_files: Hashing workspace fileset with inputs: Adding "2994973879972349464" (".gitignore") to hash
DEBUG nx::native::tasks::hashers::hash_workspace_files: Hashing workspace fileset with inputs: Adding "3658522058447930570" ("nx.json") to hash
DEBUG nx::native::tasks::hashers::hash_workspace_files: Hashing workspace fileset with inputs: Adding "3658522058447930570" ("nx.json") to hash
DEBUG nx::native::tasks::hashers::hash_workspace_files: Hashing workspace fileset with inputs: Hash Value: "9551299084215698017"
DEBUG nx::native::tasks::hashers::hash_workspace_files: Hashing workspace fileset with inputs: Hash Value: "9551299084215698017"
DEBUG nx::native::tasks::hashers::hash_workspace_files: Hashing workspace fileset with inputs: Adding "3658522058447930570" ("nx.json") to hash
DEBUG nx::native::tasks::hashers::hash_workspace_files: Hashing workspace fileset with inputs: Hash Value: "9551299084215698017"
DEBUG nx::native::tasks::task_hasher: hash_plans COMPLETED in 951.041µs - processed 3 plans (setup: 44.75µs, hashing: 905.791µs, assembly: 236.25µs)
[NX v22.6.1 Daemon Server] - 2026-03-22T09:51:48.533Z - Serializing response for HASH_TASKS message in json mode
[NX v22.6.1 Daemon Server] - 2026-03-22T09:51:48.533Z - Responding to HASH_TASKS message
[NX v22.6.1 Daemon Server] - 2026-03-22T09:51:48.533Z - [REQUEST]: Responding to the client. handleHashTasks
[NX v22.6.1 Daemon Server] - 2026-03-22T09:51:48.534Z - Done responding to the client handleHashTasks
[NX v22.6.1 Daemon Server] - 2026-03-22T09:51:48.534Z - Handled json message HASH_TASKS. Handling time: 2. Response time: 1.
[NX v22.6.1 Daemon Client] - 2026-03-22T09:51:48.534Z - [Messenger] Received message, length: 19196
[NX v22.6.1 Daemon Client] - 2026-03-22T09:51:48.564Z - [Messenger] Sending message type: GET_ESTIMATED_TASK_TIMINGS
[NX v22.6.1 Daemon Client] - 2026-03-22T09:51:48.564Z - [Messenger] Message sent
[NX v22.6.1 Daemon Server] - 2026-03-22T09:51:48.564Z - Received raw message of length 243
[NX v22.6.1 Daemon Server] - 2026-03-22T09:51:48.564Z - Received json message of type GET_ESTIMATED_TASK_TIMINGS
[NX v22.6.1 Daemon Server] - 2026-03-22T09:51:48.578Z - Serializing response for GET_ESTIMATED_TASK_TIMINGS message in json mode
[NX v22.6.1 Daemon Server] - 2026-03-22T09:51:48.578Z - Responding to GET_ESTIMATED_TASK_TIMINGS message
[NX v22.6.1 Daemon Server] - 2026-03-22T09:51:48.578Z - [REQUEST]: Responding to the client. handleGetEstimatedTaskTimings
[NX v22.6.1 Daemon Server] - 2026-03-22T09:51:48.578Z - Done responding to the client handleGetEstimatedTaskTimings
[NX v22.6.1 Daemon Server] - 2026-03-22T09:51:48.578Z - Handled json message GET_ESTIMATED_TASK_TIMINGS. Handling time: 14. Response time: 0.
[NX v22.6.1 Daemon Client] - 2026-03-22T09:51:48.578Z - [Messenger] Received message, length: 138
[NX v22.6.1 Daemon Client] - 2026-03-22T09:51:48.887Z - [Messenger] Sending message type: RECORD_OUTPUTS_HASH
[NX v22.6.1 Daemon Client] - 2026-03-22T09:51:48.887Z - [Messenger] Message sent
[NX v22.6.1 Daemon Server] - 2026-03-22T09:51:48.887Z - Received raw message of length 311
[NX v22.6.1 Daemon Server] - 2026-03-22T09:51:48.887Z - Received json message of type RECORD_OUTPUTS_HASH
[NX v22.6.1 Daemon Server] - 2026-03-22T09:51:48.892Z - Serializing response for RECORD_OUTPUTS_HASH message in json mode
[NX v22.6.1 Daemon Server] - 2026-03-22T09:51:48.892Z - Responding to RECORD_OUTPUTS_HASH message
[NX v22.6.1 Daemon Server] - 2026-03-22T09:51:48.892Z - [REQUEST]: Responding to the client. recordOutputsHash
[NX v22.6.1 Daemon Server] - 2026-03-22T09:51:48.892Z - Done responding to the client recordOutputsHash
[NX v22.6.1 Daemon Server] - 2026-03-22T09:51:48.892Z - Handled json message RECORD_OUTPUTS_HASH. Handling time: 5. Response time: 0.
[NX v22.6.1 Daemon Client] - 2026-03-22T09:51:48.892Z - [Messenger] Received message, length: 2
[NX v22.6.1 Daemon Server] - 2026-03-22T09:51:48.925Z - [WATCHER]: Processing file changes in outputs
[NX v22.6.1 Daemon Client] - 2026-03-22T09:51:49.218Z - [Messenger] Sending message type: RECORD_OUTPUTS_HASH
[NX v22.6.1 Daemon Client] - 2026-03-22T09:51:49.220Z - [Messenger] Message sent
[NX v22.6.1 Daemon Server] - 2026-03-22T09:51:49.220Z - Received raw message of length 199
[NX v22.6.1 Daemon Server] - 2026-03-22T09:51:49.221Z - Received json message of type RECORD_OUTPUTS_HASH
[NX v22.6.1 Daemon Server] - 2026-03-22T09:51:49.224Z - Serializing response for RECORD_OUTPUTS_HASH message in json mode
[NX v22.6.1 Daemon Server] - 2026-03-22T09:51:49.224Z - Responding to RECORD_OUTPUTS_HASH message
[NX v22.6.1 Daemon Server] - 2026-03-22T09:51:49.224Z - [REQUEST]: Responding to the client. recordOutputsHash
[NX v22.6.1 Daemon Server] - 2026-03-22T09:51:49.224Z - Done responding to the client recordOutputsHash
[NX v22.6.1 Daemon Server] - 2026-03-22T09:51:49.224Z - Handled json message RECORD_OUTPUTS_HASH. Handling time: 3. Response time: 0.
[NX v22.6.1 Daemon Client] - 2026-03-22T09:51:49.224Z - [Messenger] Received message, length: 2
[NX v22.6.1 Daemon Server] - 2026-03-22T09:51:49.247Z - [WATCHER]: Processing file changes in outputs
[NX v22.6.1 Daemon Server] - 2026-03-22T09:51:49.440Z - [LATEST-NX]: Successfully pulled latest Nx to /private/var/folders/z4/qvn77v055yd8k4smdjw9nn3w0000gn/T/tmp-88230-idKJQD17zgkI
[NX v22.6.1 Daemon Server] - 2026-03-22T09:51:49.479Z - [NX-CONSOLE]: Using local implementation (NX_USE_LOCAL=true or inner call)
DEBUG nx::native::ide::install: Detected editor: Unknown
[NX v22.6.1 Daemon Server] - 2026-03-22T09:51:49.480Z - [NX-CONSOLE]: Console status check completed, shouldPrompt: false
[NX v22.6.1 Daemon Client] - 2026-03-22T09:51:49.551Z - [Messenger] Sending message type: RECORD_OUTPUTS_HASH
[NX v22.6.1 Daemon Client] - 2026-03-22T09:51:49.551Z - [Messenger] Message sent
[NX v22.6.1 Daemon Server] - 2026-03-22T09:51:49.551Z - Received raw message of length 188
[NX v22.6.1 Daemon Server] - 2026-03-22T09:51:49.551Z - Received json message of type RECORD_OUTPUTS_HASH
[NX v22.6.1 Daemon Server] - 2026-03-22T09:51:49.554Z - Serializing response for RECORD_OUTPUTS_HASH message in json mode
[NX v22.6.1 Daemon Server] - 2026-03-22T09:51:49.554Z - Responding to RECORD_OUTPUTS_HASH message
[NX v22.6.1 Daemon Server] - 2026-03-22T09:51:49.554Z - [REQUEST]: Responding to the client. recordOutputsHash
[NX v22.6.1 Daemon Server] - 2026-03-22T09:51:49.554Z - Done responding to the client recordOutputsHash
[NX v22.6.1 Daemon Server] - 2026-03-22T09:51:49.554Z - Handled json message RECORD_OUTPUTS_HASH. Handling time: 3. Response time: 0.
[NX v22.6.1 Daemon Client] - 2026-03-22T09:51:49.554Z - [Messenger] Received message, length: 2
[NX v22.6.1 Daemon Client] - 2026-03-22T09:51:49.555Z - [Messenger] Sending message type: RECORD_TASK_RUNS
[NX v22.6.1 Daemon Client] - 2026-03-22T09:51:49.556Z - [Messenger] Message sent
[NX v22.6.1 Daemon Server] - 2026-03-22T09:51:49.556Z - Received raw message of length 616
[NX v22.6.1 Daemon Server] - 2026-03-22T09:51:49.556Z - Received json message of type RECORD_TASK_RUNS
[NX v22.6.1 Daemon Server] - 2026-03-22T09:51:49.556Z - Serializing response for RECORD_TASK_RUNS message in json mode
[NX v22.6.1 Daemon Server] - 2026-03-22T09:51:49.556Z - Responding to RECORD_TASK_RUNS message
[NX v22.6.1 Daemon Server] - 2026-03-22T09:51:49.556Z - [REQUEST]: Responding to the client. handleRecordTaskRuns
[NX v22.6.1 Daemon Server] - 2026-03-22T09:51:49.556Z - Done responding to the client handleRecordTaskRuns
[NX v22.6.1 Daemon Server] - 2026-03-22T09:51:49.556Z - Handled json message RECORD_TASK_RUNS. Handling time: 0. Response time: 0.
[NX v22.6.1 Daemon Client] - 2026-03-22T09:51:49.556Z - [Messenger] Received message, length: 4
[NX v22.6.1 Daemon Client] - 2026-03-22T09:51:49.556Z - [Messenger] Sending message type: GET_FLAKY_TASKS
[NX v22.6.1 Daemon Server] - 2026-03-22T09:51:49.556Z - Received raw message of length 104
[NX v22.6.1 Daemon Client] - 2026-03-22T09:51:49.556Z - [Messenger] Message sent
[NX v22.6.1 Daemon Server] - 2026-03-22T09:51:49.556Z - Received json message of type GET_FLAKY_TASKS
[NX v22.6.1 Daemon Server] - 2026-03-22T09:51:49.556Z - Serializing response for GET_FLAKY_TASKS message in json mode
[NX v22.6.1 Daemon Server] - 2026-03-22T09:51:49.556Z - Responding to GET_FLAKY_TASKS message
[NX v22.6.1 Daemon Server] - 2026-03-22T09:51:49.556Z - [REQUEST]: Responding to the client. handleGetFlakyTasks
[NX v22.6.1 Daemon Server] - 2026-03-22T09:51:49.557Z - Done responding to the client handleGetFlakyTasks
[NX v22.6.1 Daemon Server] - 2026-03-22T09:51:49.557Z - Handled json message GET_FLAKY_TASKS. Handling time: 0. Response time: 1.
[NX v22.6.1 Daemon Client] - 2026-03-22T09:51:49.557Z - [Messenger] Received message, length: 23
[NX v22.6.1 Daemon Server] - 2026-03-22T09:51:49.557Z - Established a connection. Number of open connections: 2
[NX v22.6.1 Daemon Client] - 2026-03-22T09:51:49.557Z - [Messenger] Sending message type: GET_CONFIGURE_AI_AGENTS_STATUS
[NX v22.6.1 Daemon Server] - 2026-03-22T09:51:49.557Z - Closed a connection. Number of open connections: 1
[NX v22.6.1 Daemon Client] - 2026-03-22T09:51:49.557Z - [Messenger] Message sent
[NX v22.6.1 Daemon Server] - 2026-03-22T09:51:49.557Z - Received raw message of length 41
[NX v22.6.1 Daemon Server] - 2026-03-22T09:51:49.557Z - Received json message of type GET_CONFIGURE_AI_AGENTS_STATUS
[NX v22.6.1 Daemon Server] - 2026-03-22T09:51:49.557Z - Serializing response for GET_CONFIGURE_AI_AGENTS_STATUS message in json mode
[NX v22.6.1 Daemon Server] - 2026-03-22T09:51:49.557Z - Responding to GET_CONFIGURE_AI_AGENTS_STATUS message
[NX v22.6.1 Daemon Server] - 2026-03-22T09:51:49.557Z - [REQUEST]: Responding to the client. handleGetConfigureAiAgentsStatus
[NX v22.6.1 Daemon Server] - 2026-03-22T09:51:49.557Z - Done responding to the client handleGetConfigureAiAgentsStatus
[NX v22.6.1 Daemon Server] - 2026-03-22T09:51:49.557Z - Handled json message GET_CONFIGURE_AI_AGENTS_STATUS. Handling time: 0. Response time: 0.
[NX v22.6.1 Daemon Client] - 2026-03-22T09:51:49.557Z - [Messenger] Received message, length: 104
[NX v22.6.1 Daemon Client] - 2026-03-22T09:51:49.558Z - [Messenger] Sending message type: POST_TASKS_EXECUTION
[NX v22.6.1 Daemon Client] - 2026-03-22T09:51:49.558Z - [Messenger] Message sent
[NX v22.6.1 Daemon Server] - 2026-03-22T09:51:49.558Z - Received raw message of length 22796
[NX v22.6.1 Daemon Server] - 2026-03-22T09:51:49.558Z - Received json message of type POST_TASKS_EXECUTION
[NX v22.6.1 Daemon Server] - 2026-03-22T09:51:49.558Z - Serializing response for POST_TASKS_EXECUTION message in json mode
[NX v22.6.1 Daemon Server] - 2026-03-22T09:51:49.558Z - Responding to POST_TASKS_EXECUTION message
[NX v22.6.1 Daemon Server] - 2026-03-22T09:51:49.558Z - [REQUEST]: Responding to the client. handleRunPostTasksExecution
[NX v22.6.1 Daemon Server] - 2026-03-22T09:51:49.558Z - Done responding to the client handleRunPostTasksExecution
[NX v22.6.1 Daemon Server] - 2026-03-22T09:51:49.558Z - Handled json message POST_TASKS_EXECUTION. Handling time: 0. Response time: 0.
[NX v22.6.1 Daemon Client] - 2026-03-22T09:51:49.558Z - [Messenger] Received message, length: 4
[NX v22.6.1 Daemon Server] - 2026-03-22T09:51:49.558Z - Time taken for 'postTasksExecution' 0.07625000000007276ms
[NX v22.6.1 Daemon Server] - 2026-03-22T09:51:49.561Z - Closed a connection. Number of open connections: 0
[NX v22.6.1 Daemon Server] - 2026-03-22T09:51:49.593Z - [WATCHER]: Processing file changes in outputs
DEBUG nx::native::ide::install: Editor command 'code' is installed
[NX v22.6.1 Daemon Server] - 2026-03-22T09:51:49.747Z - [WATCHER]: Processing file changes in outputs
DEBUG nx::native::ide::install: Editor command 'code-insiders' not found
DEBUG nx::native::ide::install: Checking if Nx Console extension is installed with: code --list-extensions
[NX v22.6.1 Daemon Server] - 2026-03-22T09:51:49.748Z - [WATCHER]: .moon/cache/hashes/e3902773593b12e1b9edfa9afac7d3848c126a6acb5ae98c3da7843773f2517c.json was modified
[NX v22.6.1 Daemon Server] - 2026-03-22T09:51:49.748Z - [SYNC]: clearing sync generators cache due to file changes
[NX v22.6.1 Daemon Server] - 2026-03-22T09:51:49.851Z - [REQUEST]: Updated workspace context based on watched changes, recomputing project graph...
[NX v22.6.1 Daemon Server] - 2026-03-22T09:51:49.851Z - [REQUEST]: .moon/cache/hashes/e3902773593b12e1b9edfa9afac7d3848c126a6acb5ae98c3da7843773f2517c.json
[NX v22.6.1 Daemon Server] - 2026-03-22T09:51:49.851Z - [REQUEST]: 
[NX v22.6.1 Daemon Server] - 2026-03-22T09:51:49.854Z - Time taken for 'hash changed files from watcher' 2.237250000000131ms
Time taken for 'plugin worker 88579 code loading' 59.587625ms
Time taken for 'plugin worker 88577 code loading' 60.50575ms
Time taken for 'plugin worker 88578 code loading' 59.475791ms
[NX v22.6.1 Daemon Server] - 2026-03-22T09:51:49.939Z - Time taken for 'start-plugin-worker:nx/js/dependencies-and-lockfile' 86.35420799999997ms
[NX v22.6.1 Daemon Server] - 2026-03-22T09:51:49.939Z - Time taken for 'start-plugin-worker:nx/core/package-json' 85.50516700000003ms
[NX v22.6.1 Daemon Server] - 2026-03-22T09:51:49.939Z - Time taken for 'start-plugin-worker:nx/core/project-json' 85.1701250000001ms
Time taken for 'nx/core/project-json:createNodes' 0.5316249999999911ms
Time taken for 'nx/js/dependencies-and-lockfile:createNodes' 0.9090419999999995ms
[NX v22.6.1 Daemon Server] - 2026-03-22T09:51:49.951Z - Time taken for 'build-project-configs' 93.67012499999987ms
[NX v22.6.1 Daemon Server] - 2026-03-22T09:51:49.951Z - Time taken for 'createNodes:merge' 0.3483339999997952ms
[NX v22.6.1 Daemon Server] - 2026-03-22T09:51:49.951Z - Time taken for 'get-all-workspace-files' 1.527417000000014ms
Time taken for 'build typescript dependencies' 0.05520800000000747ms
[NX v22.6.1 Daemon Server] - 2026-03-22T09:51:49.956Z - [SYNC]: collect registered sync generators
[NX v22.6.1 Daemon Server] - 2026-03-22T09:51:49.956Z - [SYNC]: project graph hash is the same, not collecting task sync generators
[NX v22.6.1 Daemon Server] - 2026-03-22T09:51:49.956Z - [SYNC]: nx.json hash is the same, not collecting global sync generators
[NX v22.6.1 Daemon Server] - 2026-03-22T09:51:49.956Z - Time taken for 'total execution time for createProjectGraph()' 6.632875000000013ms
[NX v22.6.1 Daemon Server] - 2026-03-22T09:51:49.956Z - Time taken for 'createDependencies' 4.882708000000093ms
[NX v22.6.1 Daemon Server] - 2026-03-22T09:51:49.956Z - Time taken for 'nx/js/dependencies-and-lockfile:createDependencies' 4.838084000000208ms
[NX v22.6.1 Daemon Server] - 2026-03-22T09:51:49.956Z - Time taken for 'createMetadata' 0.016583000000082393ms
[NX v22.6.1 Daemon Server] - 2026-03-22T09:51:49.956Z - Time taken for 'serialize graph' 0.29466600000000653ms
DEBUG nx::native::ide::install: Nx Console extension is not installed
DEBUG nx::native::ide::install: Editor command 'cursor' not found
DEBUG nx::native::ide::install: Checking if Nx Console extension is installed with: cursor --list-extensions
DEBUG nx::native::ide::install: Command 'cursor' not found, cannot check extension status
[NX v22.6.1 Daemon Server] - 2026-03-22T09:51:49.959Z - [AI-AGENTS]: Agent configuration status computation completed: 0 fully configured, 0 outdated, 0 partially configured, 5 non-configured
[NX v22.6.1 Daemon Server] - 2026-03-22T09:51:49.970Z - [WATCHER]: 0 file(s) created or restored, 5 file(s) modified, 4 file(s) deleted
[NX v22.6.1 Daemon Server] - 2026-03-22T09:51:49.970Z - [SYNC]: clearing sync generators cache due to file changes
[NX v22.6.1 Daemon Server] - 2026-03-22T09:51:49.970Z - [WATCHER]: Processing file changes in outputs
[NX v22.6.1 Daemon Server] - 2026-03-22T09:51:50.035Z - [WATCHER]: 0 file(s) created or restored, 5 file(s) modified, 0 file(s) deleted
[NX v22.6.1 Daemon Server] - 2026-03-22T09:51:50.035Z - [SYNC]: clearing sync generators cache due to file changes
[NX v22.6.1 Daemon Server] - 2026-03-22T09:51:50.035Z - [WATCHER]: Processing file changes in outputs
[NX v22.6.1 Daemon Server] - 2026-03-22T09:51:50.172Z - [REQUEST]: Updated workspace context based on watched changes, recomputing project graph...
[NX v22.6.1 Daemon Server] - 2026-03-22T09:51:50.173Z - [REQUEST]: .moon/cache/states/portal-library/snapshot.json,.moon/cache/hashes/0997c7094e335afeac555e41346855c554da9185b7fc411f00bee8cb5a05c3be.json,.moon/cache/states/gotham-vite-commons/snapshot.json,.moon/cache/states/portal-site/snapshot.json,.moon/cache/states/gotham-vite-commons/build/lastRun.json,.moon/cache/hashes/b9a9cf525aa8c3df8f91a97de7b4b61029c720a09e5a363bfb7253f26dbe740f.json,.moon/cache/runReport.json,.moon/cache/states/portal-site/build/lastRun.json,.moon/cache/states/portal-library/build/lastRun.json,.moon/cache/hashes/0bb17f5ca412baccf18474d3919689b8adebfa0e678c85762ea1938545a77350.json
[NX v22.6.1 Daemon Server] - 2026-03-22T09:51:50.173Z - [REQUEST]: .moon/cache/locks/sync-workspace.lock,.moon/cache/locks/sync-project-gotham-vite-commons.lock,.moon/cache/locks/sync-project-portal-library.lock,.moon/cache/locks/sync-project-portal-site.lock
[NX v22.6.1 Daemon Server] - 2026-03-22T09:51:50.175Z - Time taken for 'hash changed files from watcher' 2.284708000000137ms
Time taken for 'plugin worker 88715 code loading' 51.008583ms
Time taken for 'plugin worker 88716 code loading' 51.751709000000005ms
Time taken for 'plugin worker 88714 code loading' 52.813291ms
[NX v22.6.1 Daemon Server] - 2026-03-22T09:51:50.251Z - Time taken for 'start-plugin-worker:nx/js/dependencies-and-lockfile' 76.93829099999994ms
[NX v22.6.1 Daemon Server] - 2026-03-22T09:51:50.251Z - Time taken for 'start-plugin-worker:nx/core/package-json' 76.13024999999993ms
[NX v22.6.1 Daemon Server] - 2026-03-22T09:51:50.251Z - Time taken for 'start-plugin-worker:nx/core/project-json' 75.78720799999996ms
[NX v22.6.1 Daemon Server] - 2026-03-22T09:51:50.251Z - [WATCHER]: .pants.d/workdir/run-tracker/pants_run_2026_03_22_10_51_50_188_2498f51241bd41f5b06520110d2c5867/logs was created or restored
[NX v22.6.1 Daemon Server] - 2026-03-22T09:51:50.251Z - [SYNC]: clearing sync generators cache due to file changes
[NX v22.6.1 Daemon Server] - 2026-03-22T09:51:50.251Z - [WATCHER]: Processing file changes in outputs
Time taken for 'nx/core/project-json:createNodes' 0.4060000000000059ms
Time taken for 'nx/js/dependencies-and-lockfile:createNodes' 1.1280840000000012ms
[NX v22.6.1 Daemon Server] - 2026-03-22T09:51:50.265Z - Time taken for 'build-project-configs' 86.66295799999989ms
[NX v22.6.1 Daemon Server] - 2026-03-22T09:51:50.265Z - Time taken for 'createNodes:merge' 0.25691699999993034ms
[NX v22.6.1 Daemon Server] - 2026-03-22T09:51:50.265Z - Time taken for 'get-all-workspace-files' 1.556124999999838ms
Time taken for 'build typescript dependencies' 0.046041999999999916ms
[NX v22.6.1 Daemon Server] - 2026-03-22T09:51:50.268Z - [SYNC]: collect registered sync generators
[NX v22.6.1 Daemon Server] - 2026-03-22T09:51:50.268Z - [SYNC]: project graph hash is the same, not collecting task sync generators
[NX v22.6.1 Daemon Server] - 2026-03-22T09:51:50.268Z - [SYNC]: nx.json hash is the same, not collecting global sync generators
[NX v22.6.1 Daemon Server] - 2026-03-22T09:51:50.268Z - Time taken for 'total execution time for createProjectGraph()' 5.040165999999999ms
[NX v22.6.1 Daemon Server] - 2026-03-22T09:51:50.268Z - Time taken for 'createDependencies' 3.560707999999977ms
[NX v22.6.1 Daemon Server] - 2026-03-22T09:51:50.268Z - Time taken for 'nx/js/dependencies-and-lockfile:createDependencies' 3.5327910000000884ms
[NX v22.6.1 Daemon Server] - 2026-03-22T09:51:50.268Z - Time taken for 'createMetadata' 0.025666999999884865ms
[NX v22.6.1 Daemon Server] - 2026-03-22T09:51:50.268Z - Time taken for 'serialize graph' 0.2634579999999005ms
[NX v22.6.1 Daemon Server] - 2026-03-22T09:51:50.310Z - [WATCHER]: buck-out/v2/log/20260322-095150_build_e4a46ee6-68eb-4278-89c5-7f2380d207ca_events.pb.zst was created or restored
[NX v22.6.1 Daemon Server] - 2026-03-22T09:51:50.310Z - [SYNC]: clearing sync generators cache due to file changes
[NX v22.6.1 Daemon Server] - 2026-03-22T09:51:50.311Z - [WATCHER]: Processing file changes in outputs
[NX v22.6.1 Daemon Server] - 2026-03-22T09:51:50.354Z - [REQUEST]: Updated workspace context based on watched changes, recomputing project graph...
[NX v22.6.1 Daemon Server] - 2026-03-22T09:51:50.354Z - [REQUEST]: .pants.d/workdir/run-tracker/pants_run_2026_03_22_10_51_50_188_2498f51241bd41f5b06520110d2c5867/logs,buck-out/v2/log/20260322-095150_build_e4a46ee6-68eb-4278-89c5-7f2380d207ca_events.pb.zst
[NX v22.6.1 Daemon Server] - 2026-03-22T09:51:50.354Z - [REQUEST]: 
[NX v22.6.1 Daemon Server] - 2026-03-22T09:51:50.356Z - Time taken for 'hash changed files from watcher' 1.5996660000000702ms
Time taken for 'plugin worker 88726 code loading' 57.97712500000001ms
Time taken for 'plugin worker 88724 code loading' 58.366584ms
Time taken for 'plugin worker 88725 code loading' 57.402209ms
[NX v22.6.1 Daemon Server] - 2026-03-22T09:51:50.435Z - [WATCHER]: 286 file(s) created or restored, 0 file(s) modified, 0 file(s) deleted
[NX v22.6.1 Daemon Server] - 2026-03-22T09:51:50.436Z - [SYNC]: clearing sync generators cache due to file changes
[NX v22.6.1 Daemon Server] - 2026-03-22T09:51:50.436Z - [WATCHER]: Processing file changes in outputs
[NX v22.6.1 Daemon Server] - 2026-03-22T09:51:50.437Z - [WATCHER]: Stopping the watcher for /Users/jbadeau/git/frontseat-demo (sources)
[NX v22.6.1 Daemon Server] - 2026-03-22T09:51:50.437Z - [WATCHER]: Stopping the watcher for /Users/jbadeau/git/frontseat-demo (outputs)
[NX v22.6.1 Daemon Server] - 2026-03-22T09:51:50.437Z - [LATEST-NX]: Cleaning up latest Nx installation from /private/var/folders/z4/qvn77v055yd8k4smdjw9nn3w0000gn/T/tmp-88230-idKJQD17zgkI
[NX v22.6.1 Daemon Server] - 2026-03-22T09:51:50.437Z - Server stopped because: "Stopping the daemon the set of ignored files changed (native)"
[NX v22.6.1 Daemon Client] - 2026-03-22T09:52:03.918Z - [Client] Starting new daemon server in background
[NX v22.6.1 Daemon Client] - 2026-03-22T09:52:03.919Z - [Client] Waiting for server (max: 6000 attempts, 10ms interval)
[NX v22.6.1 Daemon Server] - 2026-03-22T09:52:03.982Z - New daemon starting from: /Users/jbadeau/git/frontseat-demo/node_modules/nx/src/daemon/server/server.js
[NX v22.6.1 Daemon Server] - 2026-03-22T09:52:03.983Z - New daemon __dirname: /Users/jbadeau/git/frontseat-demo/node_modules/nx/src/daemon/server
[NX v22.6.1 Daemon Server] - 2026-03-22T09:52:03.983Z - New daemon nxVersion: 22.6.1
[NX v22.6.1 Daemon Server] - 2026-03-22T09:52:03.983Z - New daemon getInstalledNxVersion(): 22.6.1
[NX v22.6.1 Daemon Server] - 2026-03-22T09:52:03.984Z - Time taken for 'workspace context init' 0.2089160000000021ms
[NX v22.6.1 Daemon Server] - 2026-03-22T09:52:03.984Z - [Server] Starting outdated check interval (20ms)
[NX v22.6.1 Daemon Server] - 2026-03-22T09:52:03.985Z - Started listening on: /private/var/folders/z4/qvn77v055yd8k4smdjw9nn3w0000gn/T/bcdeb594b9eb771da480/d.sock
[NX v22.6.1 Daemon Server] - 2026-03-22T09:52:03.986Z - [WATCHER]: Subscribed to changes within: /Users/jbadeau/git/frontseat-demo (native)
[NX v22.6.1 Daemon Server] - 2026-03-22T09:52:03.986Z - [LATEST-NX]: Pulling latest Nx...
[NX v22.6.1 Daemon Client] - 2026-03-22T09:52:03.988Z - [Client] Server available after 6 attempts
[NX v22.6.1 Daemon Client] - 2026-03-22T09:52:03.988Z - [Client] Daemon server started, pid=88803
Fetching nx...
[NX v22.6.1 Daemon Client] - 2026-03-22T09:52:03.988Z - [Messenger] Setting up socket listeners
[NX v22.6.1 Daemon Client] - 2026-03-22T09:52:03.988Z - [Messenger] listen() complete
[NX v22.6.1 Daemon Client] - 2026-03-22T09:52:03.989Z - [Messenger] Sending message type: REQUEST_PROJECT_GRAPH
[NX v22.6.1 Daemon Client] - 2026-03-22T09:52:03.989Z - [Messenger] Message sent
[NX v22.6.1 Daemon Server] - 2026-03-22T09:52:03.990Z - [AI-AGENTS]: Starting agent configuration status computation
[NX v22.6.1 Daemon Server] - 2026-03-22T09:52:03.990Z - Established a connection. Number of open connections: 1
[NX v22.6.1 Daemon Server] - 2026-03-22T09:52:03.991Z - Established a connection. Number of open connections: 2
[NX v22.6.1 Daemon Server] - 2026-03-22T09:52:03.991Z - Closed a connection. Number of open connections: 1
[NX v22.6.1 Daemon Server] - 2026-03-22T09:52:03.998Z - Received raw message of length 32
[NX v22.6.1 Daemon Server] - 2026-03-22T09:52:03.998Z - Received json message of type REQUEST_PROJECT_GRAPH
[NX v22.6.1 Daemon Server] - 2026-03-22T09:52:03.999Z - [REQUEST]: Client Request for Project Graph Received
[NX v22.6.1 Daemon Server] - 2026-03-22T09:52:04.001Z - Time taken for 'loadSpecifiedNxPlugins' 1.5243329999999986ms
[NX v22.6.1 Daemon Server] - 2026-03-22T09:52:04.047Z - [WATCHER]: Processing file changes in outputs
Time taken for 'plugin worker 88806 code loading' 54.361375ms
[NX v22.6.1 Daemon Server] - 2026-03-22T09:52:04.075Z - Time taken for 'start-plugin-worker:/Users/jbadeau/git/frontseat-demo/node_modules/nx/src/plugins/js' 75.81525ms
[NX v22.6.1 Daemon Server] - 2026-03-22T09:52:04.076Z - Time taken for 'start-plugin-worker:/Users/jbadeau/git/frontseat-demo/node_modules/nx/src/plugins/package-json' 75.467291ms
[NX v22.6.1 Daemon Server] - 2026-03-22T09:52:04.076Z - Time taken for 'start-plugin-worker:/Users/jbadeau/git/frontseat-demo/node_modules/nx/src/plugins/project-json/build-nodes/project-json' 75.11283300000001ms
Time taken for 'plugin worker 88807 code loading' 55.22225ms
Time taken for 'plugin worker 88805 code loading' 54.818667000000005ms
[NX v22.6.1 Daemon Server] - 2026-03-22T09:52:04.076Z - Time taken for 'Load Nx Plugin: /Users/jbadeau/git/frontseat-demo/node_modules/nx/src/plugins/project-json/build-nodes/project-json' 77.11641699999998ms
[NX v22.6.1 Daemon Server] - 2026-03-22T09:52:04.077Z - Time taken for 'Load Nx Plugin: /Users/jbadeau/git/frontseat-demo/node_modules/nx/src/plugins/package-json' 77.570792ms
[NX v22.6.1 Daemon Server] - 2026-03-22T09:52:04.080Z - [REQUEST]: Updated workspace context based on watched changes, recomputing project graph...
[NX v22.6.1 Daemon Server] - 2026-03-22T09:52:04.080Z - [REQUEST]: 
[NX v22.6.1 Daemon Server] - 2026-03-22T09:52:04.080Z - [REQUEST]: 
[NX v22.6.1 Daemon Server] - 2026-03-22T09:52:04.082Z - No files changed, but no in-memory cached project graph found. Recomputing it...
[NX v22.6.1 Daemon Server] - 2026-03-22T09:52:04.083Z - Time taken for 'loadDefaultNxPlugins' 79.745292ms
[NX v22.6.1 Daemon Server] - 2026-03-22T09:52:04.083Z - Time taken for 'Load Nx Plugin: /Users/jbadeau/git/frontseat-demo/node_modules/nx/src/plugins/js' 79.685625ms
[NX v22.6.1 Daemon Server] - 2026-03-22T09:52:04.083Z - Time taken for 'hash changed files from watcher' 1.6194580000000087ms
Time taken for 'nx/core/project-json:createNodes' 0.3801249999999925ms
Time taken for 'nx/js/dependencies-and-lockfile:createNodes' 0.9676249999999982ms
[NX v22.6.1 Daemon Server] - 2026-03-22T09:52:04.099Z - Time taken for 'build-project-configs' 5.472291000000013ms
[NX v22.6.1 Daemon Server] - 2026-03-22T09:52:04.099Z - Time taken for 'createNodes:merge' 1.2445830000000058ms
[NX v22.6.1 Daemon Server] - 2026-03-22T09:52:04.099Z - Time taken for 'native-file-deps' 0.0025419999999769516ms
[NX v22.6.1 Daemon Server] - 2026-03-22T09:52:04.099Z - Time taken for 'get-workspace-files' 1.5294580000000053ms
[NX v22.6.1 Daemon Server] - 2026-03-22T09:52:04.099Z - Time taken for 'get-all-workspace-files' 0.5041659999999979ms
[NX v22.6.1 Daemon Server] - 2026-03-22T09:52:04.099Z - Time taken for 'read cache' 0.5267079999999851ms
Time taken for 'build typescript dependencies' 0.045249999999995794ms
[NX v22.6.1 Daemon Server] - 2026-03-22T09:52:04.104Z - [SYNC]: collect registered sync generators
[NX v22.6.1 Daemon Server] - 2026-03-22T09:52:04.106Z - Wrote project graph cache to /Users/jbadeau/git/frontseat-demo/.nx/workspace-data/project-graph.json
[NX v22.6.1 Daemon Server] - 2026-03-22T09:52:04.106Z - Serializing response for REQUEST_PROJECT_GRAPH message in json mode
[NX v22.6.1 Daemon Server] - 2026-03-22T09:52:04.106Z - Responding to REQUEST_PROJECT_GRAPH message
[NX v22.6.1 Daemon Server] - 2026-03-22T09:52:04.106Z - [REQUEST]: Responding to the client. project-graph
[NX v22.6.1 Daemon Server] - 2026-03-22T09:52:04.106Z - Time taken for 'total for creating and serializing project graph' 107.789958ms
[NX v22.6.1 Daemon Server] - 2026-03-22T09:52:04.106Z - Time taken for 'total execution time for createProjectGraph()' 9.289500000000004ms
[NX v22.6.1 Daemon Server] - 2026-03-22T09:52:04.106Z - Time taken for 'createDependencies' 5.555667ms
[NX v22.6.1 Daemon Server] - 2026-03-22T09:52:04.106Z - Time taken for 'nx/js/dependencies-and-lockfile:createDependencies' 5.4812089999999785ms
[NX v22.6.1 Daemon Server] - 2026-03-22T09:52:04.107Z - Time taken for 'createMetadata' 0.019834000000003016ms
[NX v22.6.1 Daemon Server] - 2026-03-22T09:52:04.107Z - Time taken for 'serialize graph' 0.2626250000000141ms
[NX v22.6.1 Daemon Server] - 2026-03-22T09:52:04.107Z - Time taken for 'write cache' 1.7748750000000086ms
[NX v22.6.1 Daemon Server] - 2026-03-22T09:52:04.107Z - Done responding to the client project-graph
[NX v22.6.1 Daemon Server] - 2026-03-22T09:52:04.107Z - Handled json message REQUEST_PROJECT_GRAPH. Handling time: 108. Response time: 1.
[NX v22.6.1 Daemon Client] - 2026-03-22T09:52:04.107Z - [Messenger] Received message, length: 135164
[NX v22.6.1 Daemon Client] - 2026-03-22T09:52:04.108Z - [Messenger] Sending message type: PRE_TASKS_EXECUTION
[NX v22.6.1 Daemon Client] - 2026-03-22T09:52:04.108Z - [Messenger] Message sent
[NX v22.6.1 Daemon Server] - 2026-03-22T09:52:04.108Z - Received raw message of length 544
[NX v22.6.1 Daemon Server] - 2026-03-22T09:52:04.108Z - Received json message of type PRE_TASKS_EXECUTION
[NX v22.6.1 Daemon Server] - 2026-03-22T09:52:04.109Z - Serializing response for PRE_TASKS_EXECUTION message in json mode
[NX v22.6.1 Daemon Server] - 2026-03-22T09:52:04.109Z - Responding to PRE_TASKS_EXECUTION message
[NX v22.6.1 Daemon Server] - 2026-03-22T09:52:04.109Z - [REQUEST]: Responding to the client. handleRunPreTasksExecution
[NX v22.6.1 Daemon Server] - 2026-03-22T09:52:04.109Z - Done responding to the client handleRunPreTasksExecution
[NX v22.6.1 Daemon Server] - 2026-03-22T09:52:04.109Z - Handled json message PRE_TASKS_EXECUTION. Handling time: 1. Response time: 0.
[NX v22.6.1 Daemon Server] - 2026-03-22T09:52:04.109Z - Time taken for 'preTasksExecution' 0.27174999999999727ms
[NX v22.6.1 Daemon Client] - 2026-03-22T09:52:04.109Z - [Messenger] Received message, length: 2
[NX v22.6.1 Daemon Client] - 2026-03-22T09:52:04.128Z - [Messenger] Sending message type: HASH_TASKS
[NX v22.6.1 Daemon Client] - 2026-03-22T09:52:04.128Z - [Messenger] Message sent
[NX v22.6.1 Daemon Server] - 2026-03-22T09:52:04.128Z - Received raw message of length 11876
[NX v22.6.1 Daemon Server] - 2026-03-22T09:52:04.129Z - Received json message of type HASH_TASKS
[NX v22.6.1 Daemon Server] - 2026-03-22T09:52:04.129Z - Reusing in-memory cached project graph because no files changed.
DEBUG nx::native::tasks::hash_planner: get_plans_internal COMPLETED in 160.042µs - processed 3 tasks (setup: 64.708µs, parallel_planning: 91.083µs)
DEBUG nx::native::tasks::hashers::hash_workspace_files: Hashing workspace fileset with inputs: Adding "2994973879972349464" (".gitignore") to hash
DEBUG nx::native::tasks::hashers::hash_workspace_files: Hashing workspace fileset with inputs: Adding "2994973879972349464" (".gitignore") to hash
DEBUG nx::native::tasks::hashers::hash_workspace_files: Hashing workspace fileset with inputs: Adding "2994973879972349464" (".gitignore") to hash
DEBUG nx::native::tasks::hashers::hash_workspace_files: Hashing workspace fileset with inputs: Adding "3658522058447930570" ("nx.json") to hash
DEBUG nx::native::tasks::hashers::hash_workspace_files: Hashing workspace fileset with inputs: Hash Value: "9551299084215698017"
DEBUG nx::native::tasks::hashers::hash_workspace_files: Hashing workspace fileset with inputs: Adding "3658522058447930570" ("nx.json") to hash
DEBUG nx::native::tasks::hashers::hash_workspace_files: Hashing workspace fileset with inputs: Hash Value: "9551299084215698017"
DEBUG nx::native::tasks::hashers::hash_workspace_files: Hashing workspace fileset with inputs: Adding "3658522058447930570" ("nx.json") to hash
DEBUG nx::native::tasks::hashers::hash_workspace_files: Hashing workspace fileset with inputs: Hash Value: "9551299084215698017"
DEBUG nx::native::tasks::task_hasher: hash_plans COMPLETED in 884.416µs - processed 3 plans (setup: 45.875µs, hashing: 838.041µs, assembly: 222.167µs)
[NX v22.6.1 Daemon Server] - 2026-03-22T09:52:04.131Z - Serializing response for HASH_TASKS message in json mode
[NX v22.6.1 Daemon Server] - 2026-03-22T09:52:04.131Z - Responding to HASH_TASKS message
[NX v22.6.1 Daemon Server] - 2026-03-22T09:52:04.131Z - [REQUEST]: Responding to the client. handleHashTasks
[NX v22.6.1 Daemon Server] - 2026-03-22T09:52:04.131Z - Done responding to the client handleHashTasks
[NX v22.6.1 Daemon Server] - 2026-03-22T09:52:04.131Z - Handled json message HASH_TASKS. Handling time: 2. Response time: 0.
[NX v22.6.1 Daemon Client] - 2026-03-22T09:52:04.131Z - [Messenger] Received message, length: 19196
[NX v22.6.1 Daemon Client] - 2026-03-22T09:52:04.159Z - [Messenger] Sending message type: GET_ESTIMATED_TASK_TIMINGS
[NX v22.6.1 Daemon Client] - 2026-03-22T09:52:04.159Z - [Messenger] Message sent
[NX v22.6.1 Daemon Server] - 2026-03-22T09:52:04.159Z - Received raw message of length 243
[NX v22.6.1 Daemon Server] - 2026-03-22T09:52:04.159Z - Received json message of type GET_ESTIMATED_TASK_TIMINGS
[NX v22.6.1 Daemon Server] - 2026-03-22T09:52:04.172Z - Serializing response for GET_ESTIMATED_TASK_TIMINGS message in json mode
[NX v22.6.1 Daemon Server] - 2026-03-22T09:52:04.172Z - Responding to GET_ESTIMATED_TASK_TIMINGS message
[NX v22.6.1 Daemon Server] - 2026-03-22T09:52:04.172Z - [REQUEST]: Responding to the client. handleGetEstimatedTaskTimings
[NX v22.6.1 Daemon Server] - 2026-03-22T09:52:04.172Z - Done responding to the client handleGetEstimatedTaskTimings
[NX v22.6.1 Daemon Server] - 2026-03-22T09:52:04.172Z - Handled json message GET_ESTIMATED_TASK_TIMINGS. Handling time: 13. Response time: 0.
[NX v22.6.1 Daemon Client] - 2026-03-22T09:52:04.172Z - [Messenger] Received message, length: 142
[NX v22.6.1 Daemon Client] - 2026-03-22T09:52:04.174Z - [Messenger] Sending message type: OUTPUTS_HASHES_MATCH
[NX v22.6.1 Daemon Client] - 2026-03-22T09:52:04.174Z - [Messenger] Message sent
[NX v22.6.1 Daemon Server] - 2026-03-22T09:52:04.174Z - Received raw message of length 312
[NX v22.6.1 Daemon Server] - 2026-03-22T09:52:04.174Z - Received json message of type OUTPUTS_HASHES_MATCH
[NX v22.6.1 Daemon Server] - 2026-03-22T09:52:04.178Z - Serializing response for OUTPUTS_HASHES_MATCH message in json mode
[NX v22.6.1 Daemon Server] - 2026-03-22T09:52:04.178Z - Responding to OUTPUTS_HASHES_MATCH message
[NX v22.6.1 Daemon Server] - 2026-03-22T09:52:04.178Z - [REQUEST]: Responding to the client. outputsHashesMatch
[NX v22.6.1 Daemon Server] - 2026-03-22T09:52:04.178Z - Done responding to the client outputsHashesMatch
[NX v22.6.1 Daemon Server] - 2026-03-22T09:52:04.178Z - Handled json message OUTPUTS_HASHES_MATCH. Handling time: 4. Response time: 0.
[NX v22.6.1 Daemon Client] - 2026-03-22T09:52:04.178Z - [Messenger] Received message, length: 5
[NX v22.6.1 Daemon Client] - 2026-03-22T09:52:04.179Z - [Messenger] Sending message type: RECORD_OUTPUTS_HASH
[NX v22.6.1 Daemon Client] - 2026-03-22T09:52:04.179Z - [Messenger] Message sent
[NX v22.6.1 Daemon Server] - 2026-03-22T09:52:04.179Z - Received raw message of length 311
[NX v22.6.1 Daemon Server] - 2026-03-22T09:52:04.179Z - Received json message of type RECORD_OUTPUTS_HASH
[NX v22.6.1 Daemon Server] - 2026-03-22T09:52:04.182Z - Serializing response for RECORD_OUTPUTS_HASH message in json mode
[NX v22.6.1 Daemon Server] - 2026-03-22T09:52:04.182Z - Responding to RECORD_OUTPUTS_HASH message
[NX v22.6.1 Daemon Server] - 2026-03-22T09:52:04.182Z - [REQUEST]: Responding to the client. recordOutputsHash
[NX v22.6.1 Daemon Server] - 2026-03-22T09:52:04.182Z - Done responding to the client recordOutputsHash
[NX v22.6.1 Daemon Server] - 2026-03-22T09:52:04.182Z - Handled json message RECORD_OUTPUTS_HASH. Handling time: 3. Response time: 0.
[NX v22.6.1 Daemon Client] - 2026-03-22T09:52:04.182Z - [Messenger] Received message, length: 2
[NX v22.6.1 Daemon Client] - 2026-03-22T09:52:04.183Z - [Messenger] Sending message type: OUTPUTS_HASHES_MATCH
[NX v22.6.1 Daemon Client] - 2026-03-22T09:52:04.183Z - [Messenger] Message sent
[NX v22.6.1 Daemon Server] - 2026-03-22T09:52:04.183Z - Received raw message of length 200
[NX v22.6.1 Daemon Server] - 2026-03-22T09:52:04.184Z - Received json message of type OUTPUTS_HASHES_MATCH
[NX v22.6.1 Daemon Server] - 2026-03-22T09:52:04.186Z - Serializing response for OUTPUTS_HASHES_MATCH message in json mode
[NX v22.6.1 Daemon Server] - 2026-03-22T09:52:04.186Z - Responding to OUTPUTS_HASHES_MATCH message
[NX v22.6.1 Daemon Server] - 2026-03-22T09:52:04.186Z - [REQUEST]: Responding to the client. outputsHashesMatch
[NX v22.6.1 Daemon Server] - 2026-03-22T09:52:04.186Z - Done responding to the client outputsHashesMatch
[NX v22.6.1 Daemon Server] - 2026-03-22T09:52:04.186Z - Handled json message OUTPUTS_HASHES_MATCH. Handling time: 2. Response time: 0.
[NX v22.6.1 Daemon Client] - 2026-03-22T09:52:04.186Z - [Messenger] Received message, length: 5
[NX v22.6.1 Daemon Client] - 2026-03-22T09:52:04.187Z - [Messenger] Sending message type: RECORD_OUTPUTS_HASH
[NX v22.6.1 Daemon Client] - 2026-03-22T09:52:04.187Z - [Messenger] Message sent
[NX v22.6.1 Daemon Server] - 2026-03-22T09:52:04.187Z - Received raw message of length 199
[NX v22.6.1 Daemon Server] - 2026-03-22T09:52:04.187Z - Received json message of type RECORD_OUTPUTS_HASH
[NX v22.6.1 Daemon Server] - 2026-03-22T09:52:04.190Z - Serializing response for RECORD_OUTPUTS_HASH message in json mode
[NX v22.6.1 Daemon Server] - 2026-03-22T09:52:04.190Z - Responding to RECORD_OUTPUTS_HASH message
[NX v22.6.1 Daemon Server] - 2026-03-22T09:52:04.190Z - [REQUEST]: Responding to the client. recordOutputsHash
[NX v22.6.1 Daemon Server] - 2026-03-22T09:52:04.190Z - Done responding to the client recordOutputsHash
[NX v22.6.1 Daemon Server] - 2026-03-22T09:52:04.190Z - Handled json message RECORD_OUTPUTS_HASH. Handling time: 3. Response time: 0.
[NX v22.6.1 Daemon Client] - 2026-03-22T09:52:04.190Z - [Messenger] Received message, length: 2
[NX v22.6.1 Daemon Client] - 2026-03-22T09:52:04.191Z - [Messenger] Sending message type: OUTPUTS_HASHES_MATCH
[NX v22.6.1 Daemon Client] - 2026-03-22T09:52:04.191Z - [Messenger] Message sent
[NX v22.6.1 Daemon Server] - 2026-03-22T09:52:04.191Z - Received raw message of length 189
[NX v22.6.1 Daemon Server] - 2026-03-22T09:52:04.191Z - Received json message of type OUTPUTS_HASHES_MATCH
[NX v22.6.1 Daemon Server] - 2026-03-22T09:52:04.193Z - Serializing response for OUTPUTS_HASHES_MATCH message in json mode
[NX v22.6.1 Daemon Server] - 2026-03-22T09:52:04.193Z - Responding to OUTPUTS_HASHES_MATCH message
[NX v22.6.1 Daemon Server] - 2026-03-22T09:52:04.193Z - [REQUEST]: Responding to the client. outputsHashesMatch
[NX v22.6.1 Daemon Server] - 2026-03-22T09:52:04.193Z - Done responding to the client outputsHashesMatch
[NX v22.6.1 Daemon Server] - 2026-03-22T09:52:04.193Z - Handled json message OUTPUTS_HASHES_MATCH. Handling time: 2. Response time: 0.
[NX v22.6.1 Daemon Client] - 2026-03-22T09:52:04.193Z - [Messenger] Received message, length: 5
[NX v22.6.1 Daemon Client] - 2026-03-22T09:52:04.194Z - [Messenger] Sending message type: RECORD_OUTPUTS_HASH
[NX v22.6.1 Daemon Client] - 2026-03-22T09:52:04.194Z - [Messenger] Message sent
[NX v22.6.1 Daemon Server] - 2026-03-22T09:52:04.194Z - Received raw message of length 188
[NX v22.6.1 Daemon Server] - 2026-03-22T09:52:04.195Z - Received json message of type RECORD_OUTPUTS_HASH
[NX v22.6.1 Daemon Server] - 2026-03-22T09:52:04.197Z - Serializing response for RECORD_OUTPUTS_HASH message in json mode
[NX v22.6.1 Daemon Server] - 2026-03-22T09:52:04.197Z - Responding to RECORD_OUTPUTS_HASH message
[NX v22.6.1 Daemon Server] - 2026-03-22T09:52:04.197Z - [REQUEST]: Responding to the client. recordOutputsHash
[NX v22.6.1 Daemon Server] - 2026-03-22T09:52:04.197Z - Done responding to the client recordOutputsHash
[NX v22.6.1 Daemon Server] - 2026-03-22T09:52:04.197Z - Handled json message RECORD_OUTPUTS_HASH. Handling time: 2. Response time: 0.
[NX v22.6.1 Daemon Client] - 2026-03-22T09:52:04.197Z - [Messenger] Received message, length: 2
[NX v22.6.1 Daemon Client] - 2026-03-22T09:52:04.198Z - [Messenger] Sending message type: RECORD_TASK_RUNS
[NX v22.6.1 Daemon Client] - 2026-03-22T09:52:04.198Z - [Messenger] Message sent
[NX v22.6.1 Daemon Server] - 2026-03-22T09:52:04.198Z - Received raw message of length 628
[NX v22.6.1 Daemon Server] - 2026-03-22T09:52:04.198Z - Received json message of type RECORD_TASK_RUNS
[NX v22.6.1 Daemon Server] - 2026-03-22T09:52:04.198Z - Serializing response for RECORD_TASK_RUNS message in json mode
[NX v22.6.1 Daemon Server] - 2026-03-22T09:52:04.198Z - Responding to RECORD_TASK_RUNS message
[NX v22.6.1 Daemon Server] - 2026-03-22T09:52:04.198Z - [REQUEST]: Responding to the client. handleRecordTaskRuns
[NX v22.6.1 Daemon Server] - 2026-03-22T09:52:04.198Z - Done responding to the client handleRecordTaskRuns
[NX v22.6.1 Daemon Server] - 2026-03-22T09:52:04.199Z - Handled json message RECORD_TASK_RUNS. Handling time: 0. Response time: 0.
[NX v22.6.1 Daemon Client] - 2026-03-22T09:52:04.199Z - [Messenger] Received message, length: 4
[NX v22.6.1 Daemon Client] - 2026-03-22T09:52:04.199Z - [Messenger] Sending message type: GET_FLAKY_TASKS
[NX v22.6.1 Daemon Server] - 2026-03-22T09:52:04.199Z - Received raw message of length 104
[NX v22.6.1 Daemon Client] - 2026-03-22T09:52:04.199Z - [Messenger] Message sent
[NX v22.6.1 Daemon Server] - 2026-03-22T09:52:04.199Z - Received json message of type GET_FLAKY_TASKS
[NX v22.6.1 Daemon Server] - 2026-03-22T09:52:04.199Z - Serializing response for GET_FLAKY_TASKS message in json mode
[NX v22.6.1 Daemon Server] - 2026-03-22T09:52:04.199Z - Responding to GET_FLAKY_TASKS message
[NX v22.6.1 Daemon Server] - 2026-03-22T09:52:04.199Z - [REQUEST]: Responding to the client. handleGetFlakyTasks
[NX v22.6.1 Daemon Server] - 2026-03-22T09:52:04.199Z - Done responding to the client handleGetFlakyTasks
[NX v22.6.1 Daemon Server] - 2026-03-22T09:52:04.199Z - Handled json message GET_FLAKY_TASKS. Handling time: 0. Response time: 0.
[NX v22.6.1 Daemon Client] - 2026-03-22T09:52:04.199Z - [Messenger] Received message, length: 23
[NX v22.6.1 Daemon Server] - 2026-03-22T09:52:04.199Z - Established a connection. Number of open connections: 2
[NX v22.6.1 Daemon Client] - 2026-03-22T09:52:04.199Z - [Messenger] Sending message type: GET_CONFIGURE_AI_AGENTS_STATUS
[NX v22.6.1 Daemon Client] - 2026-03-22T09:52:04.199Z - [Messenger] Message sent
[NX v22.6.1 Daemon Server] - 2026-03-22T09:52:04.199Z - Closed a connection. Number of open connections: 1
[NX v22.6.1 Daemon Server] - 2026-03-22T09:52:04.199Z - Received raw message of length 41
[NX v22.6.1 Daemon Server] - 2026-03-22T09:52:04.199Z - Received json message of type GET_CONFIGURE_AI_AGENTS_STATUS
[NX v22.6.1 Daemon Server] - 2026-03-22T09:52:04.199Z - Serializing response for GET_CONFIGURE_AI_AGENTS_STATUS message in json mode
[NX v22.6.1 Daemon Server] - 2026-03-22T09:52:04.199Z - Responding to GET_CONFIGURE_AI_AGENTS_STATUS message
[NX v22.6.1 Daemon Server] - 2026-03-22T09:52:04.199Z - [REQUEST]: Responding to the client. handleGetConfigureAiAgentsStatus
[NX v22.6.1 Daemon Server] - 2026-03-22T09:52:04.199Z - Done responding to the client handleGetConfigureAiAgentsStatus
[NX v22.6.1 Daemon Server] - 2026-03-22T09:52:04.199Z - Handled json message GET_CONFIGURE_AI_AGENTS_STATUS. Handling time: 0. Response time: 0.
[NX v22.6.1 Daemon Client] - 2026-03-22T09:52:04.199Z - [Messenger] Received message, length: 104
[NX v22.6.1 Daemon Client] - 2026-03-22T09:52:04.200Z - [Messenger] Sending message type: POST_TASKS_EXECUTION
[NX v22.6.1 Daemon Client] - 2026-03-22T09:52:04.200Z - [Messenger] Message sent
[NX v22.6.1 Daemon Server] - 2026-03-22T09:52:04.200Z - Received raw message of length 21239
[NX v22.6.1 Daemon Server] - 2026-03-22T09:52:04.200Z - Received json message of type POST_TASKS_EXECUTION
[NX v22.6.1 Daemon Server] - 2026-03-22T09:52:04.200Z - Serializing response for POST_TASKS_EXECUTION message in json mode
[NX v22.6.1 Daemon Server] - 2026-03-22T09:52:04.200Z - Responding to POST_TASKS_EXECUTION message
[NX v22.6.1 Daemon Server] - 2026-03-22T09:52:04.200Z - [REQUEST]: Responding to the client. handleRunPostTasksExecution
[NX v22.6.1 Daemon Server] - 2026-03-22T09:52:04.200Z - Done responding to the client handleRunPostTasksExecution
[NX v22.6.1 Daemon Server] - 2026-03-22T09:52:04.200Z - Handled json message POST_TASKS_EXECUTION. Handling time: 0. Response time: 0.
[NX v22.6.1 Daemon Client] - 2026-03-22T09:52:04.200Z - [Messenger] Received message, length: 4
[NX v22.6.1 Daemon Server] - 2026-03-22T09:52:04.200Z - Time taken for 'postTasksExecution' 0.06983300000001691ms
[NX v22.6.1 Daemon Server] - 2026-03-22T09:52:04.203Z - Closed a connection. Number of open connections: 0
[NX v22.6.1 Daemon Server] - 2026-03-22T09:52:04.236Z - [WATCHER]: Processing file changes in outputs
[NX v22.6.1 Daemon Server] - 2026-03-22T09:52:05.038Z - [LATEST-NX]: Successfully pulled latest Nx to /private/var/folders/z4/qvn77v055yd8k4smdjw9nn3w0000gn/T/tmp-88803-uISaN1C21wcG
[NX v22.6.1 Daemon Server] - 2026-03-22T09:52:05.074Z - [NX-CONSOLE]: Using local implementation (NX_USE_LOCAL=true or inner call)
DEBUG nx::native::ide::install: Detected editor: Unknown
[NX v22.6.1 Daemon Server] - 2026-03-22T09:52:05.075Z - [NX-CONSOLE]: Console status check completed, shouldPrompt: false
DEBUG nx::native::ide::install: Editor command 'code' is installed
DEBUG nx::native::ide::install: Editor command 'code-insiders' not found
DEBUG nx::native::ide::install: Checking if Nx Console extension is installed with: code --list-extensions
DEBUG nx::native::ide::install: Nx Console extension is not installed
DEBUG nx::native::ide::install: Editor command 'cursor' not found
DEBUG nx::native::ide::install: Checking if Nx Console extension is installed with: cursor --list-extensions
DEBUG nx::native::ide::install: Command 'cursor' not found, cannot check extension status
[NX v22.6.1 Daemon Server] - 2026-03-22T09:52:05.353Z - [AI-AGENTS]: Agent configuration status computation completed: 0 fully configured, 0 outdated, 0 partially configured, 5 non-configured
[NX v22.6.1 Daemon Server] - 2026-03-22T09:52:28.253Z - [WATCHER]: Processing file changes in outputs
[NX v22.6.1 Daemon Server] - 2026-03-22T09:52:28.254Z - [WATCHER]: 1 file(s) created or restored, 0 file(s) modified, 1 file(s) deleted
[NX v22.6.1 Daemon Server] - 2026-03-22T09:52:28.254Z - [SYNC]: clearing sync generators cache due to file changes
[NX v22.6.1 Daemon Server] - 2026-03-22T09:52:28.362Z - [REQUEST]: Updated workspace context based on watched changes, recomputing project graph...
[NX v22.6.1 Daemon Server] - 2026-03-22T09:52:28.362Z - [REQUEST]: turbo.json
[NX v22.6.1 Daemon Server] - 2026-03-22T09:52:28.362Z - [REQUEST]: turbo.json.tmp.73736.1774173148093
[NX v22.6.1 Daemon Server] - 2026-03-22T09:52:28.369Z - Time taken for 'hash changed files from watcher' 5.077416000000085ms
Time taken for 'plugin worker 89083 code loading' 54.139250000000004ms
Time taken for 'plugin worker 89082 code loading' 53.873875000000005ms
Time taken for 'plugin worker 89084 code loading' 53.995000000000005ms
[NX v22.6.1 Daemon Server] - 2026-03-22T09:52:28.465Z - Time taken for 'start-plugin-worker:nx/js/dependencies-and-lockfile' 99.49870800000281ms
[NX v22.6.1 Daemon Server] - 2026-03-22T09:52:28.465Z - Time taken for 'start-plugin-worker:nx/core/package-json' 97.13812499999767ms
[NX v22.6.1 Daemon Server] - 2026-03-22T09:52:28.465Z - Time taken for 'start-plugin-worker:nx/core/project-json' 96.2342499999977ms
Time taken for 'nx/core/project-json:createNodes' 0.39433300000000315ms
Time taken for 'nx/js/dependencies-and-lockfile:createNodes' 0.924207999999993ms
[NX v22.6.1 Daemon Server] - 2026-03-22T09:52:28.476Z - Time taken for 'build-project-configs' 106.6247919999987ms
[NX v22.6.1 Daemon Server] - 2026-03-22T09:52:28.476Z - Time taken for 'createNodes:merge' 0.3790000000008149ms
[NX v22.6.1 Daemon Server] - 2026-03-22T09:52:28.476Z - Time taken for 'get-all-workspace-files' 1.8029590000005555ms
Time taken for 'build typescript dependencies' 0.05025000000000546ms
[NX v22.6.1 Daemon Server] - 2026-03-22T09:52:28.480Z - [SYNC]: collect registered sync generators
[NX v22.6.1 Daemon Server] - 2026-03-22T09:52:28.480Z - [SYNC]: project graph hash is the same, not collecting task sync generators
[NX v22.6.1 Daemon Server] - 2026-03-22T09:52:28.480Z - [SYNC]: nx.json hash is the same, not collecting global sync generators
[NX v22.6.1 Daemon Server] - 2026-03-22T09:52:28.480Z - Time taken for 'total execution time for createProjectGraph()' 5.277750000001106ms
[NX v22.6.1 Daemon Server] - 2026-03-22T09:52:28.480Z - Time taken for 'createDependencies' 3.581208000003244ms
[NX v22.6.1 Daemon Server] - 2026-03-22T09:52:28.480Z - Time taken for 'nx/js/dependencies-and-lockfile:createDependencies' 3.5360409999993863ms
[NX v22.6.1 Daemon Server] - 2026-03-22T09:52:28.480Z - Time taken for 'createMetadata' 0.011624999999185093ms
[NX v22.6.1 Daemon Server] - 2026-03-22T09:52:28.480Z - Time taken for 'serialize graph' 0.2901669999992009ms
[NX v22.6.1 Daemon Server] - 2026-03-22T09:52:33.183Z - [WATCHER]: 1 file(s) created or restored, 0 file(s) modified, 1 file(s) deleted
[NX v22.6.1 Daemon Server] - 2026-03-22T09:52:33.183Z - [SYNC]: clearing sync generators cache due to file changes
[NX v22.6.1 Daemon Server] - 2026-03-22T09:52:33.183Z - [WATCHER]: Processing file changes in outputs
[NX v22.6.1 Daemon Server] - 2026-03-22T09:52:33.287Z - [REQUEST]: Updated workspace context based on watched changes, recomputing project graph...
[NX v22.6.1 Daemon Server] - 2026-03-22T09:52:33.287Z - [REQUEST]: nx.json
[NX v22.6.1 Daemon Server] - 2026-03-22T09:52:33.287Z - [REQUEST]: nx.json.tmp.73736.1774173153121
[NX v22.6.1 Daemon Server] - 2026-03-22T09:52:33.291Z - Time taken for 'hash changed files from watcher' 3.7499579999966954ms
Time taken for 'plugin worker 89086 code loading' 52.753333ms
Time taken for 'plugin worker 89087 code loading' 51.968041ms
Time taken for 'plugin worker 89085 code loading' 51.538791ms
[NX v22.6.1 Daemon Server] - 2026-03-22T09:52:33.374Z - Time taken for 'start-plugin-worker:nx/js/dependencies-and-lockfile' 85.55120800000077ms
[NX v22.6.1 Daemon Server] - 2026-03-22T09:52:33.374Z - Time taken for 'start-plugin-worker:nx/core/package-json' 84.47354199999972ms
[NX v22.6.1 Daemon Server] - 2026-03-22T09:52:33.375Z - Time taken for 'start-plugin-worker:nx/core/project-json' 83.98091600000043ms
Time taken for 'nx/core/project-json:createNodes' 0.3439160000000072ms
Time taken for 'nx/js/dependencies-and-lockfile:createNodes' 0.8627079999999978ms
[NX v22.6.1 Daemon Server] - 2026-03-22T09:52:33.384Z - Time taken for 'build-project-configs' 91.50566600000093ms
[NX v22.6.1 Daemon Server] - 2026-03-22T09:52:33.384Z - Time taken for 'createNodes:merge' 0.2108330000010028ms
[NX v22.6.1 Daemon Server] - 2026-03-22T09:52:33.384Z - Time taken for 'native-file-deps' 0.001207999997859588ms
[NX v22.6.1 Daemon Server] - 2026-03-22T09:52:33.384Z - Time taken for 'get-workspace-files' 1.4690000000009604ms
[NX v22.6.1 Daemon Server] - 2026-03-22T09:52:33.384Z - Time taken for 'get-all-workspace-files' 0.4917920000007143ms
Time taken for 'build typescript dependencies' 0.03549999999999898ms
[NX v22.6.1 Daemon Server] - 2026-03-22T09:52:33.386Z - [SYNC]: collect registered sync generators
[NX v22.6.1 Daemon Server] - 2026-03-22T09:52:33.386Z - [SYNC]: nx.json hash is the same, not collecting global sync generators
[NX v22.6.1 Daemon Server] - 2026-03-22T09:52:33.386Z - Time taken for 'total execution time for createProjectGraph()' 3.978500000001077ms
[NX v22.6.1 Daemon Server] - 2026-03-22T09:52:33.386Z - Time taken for 'createDependencies' 2.662207999997918ms
[NX v22.6.1 Daemon Server] - 2026-03-22T09:52:33.386Z - Time taken for 'nx/js/dependencies-and-lockfile:createDependencies' 2.633749999997235ms
[NX v22.6.1 Daemon Server] - 2026-03-22T09:52:33.386Z - Time taken for 'createMetadata' 0.01445899999816902ms
[NX v22.6.1 Daemon Server] - 2026-03-22T09:52:33.386Z - Time taken for 'serialize graph' 0.22524999999950523ms
[NX v22.6.1 Daemon Server] - 2026-03-22T09:52:38.193Z - [WATCHER]: 1 file(s) created or restored, 0 file(s) modified, 1 file(s) deleted
[NX v22.6.1 Daemon Server] - 2026-03-22T09:52:38.193Z - [SYNC]: clearing sync generators cache due to file changes
[NX v22.6.1 Daemon Server] - 2026-03-22T09:52:38.193Z - [WATCHER]: Processing file changes in outputs
[NX v22.6.1 Daemon Server] - 2026-03-22T09:52:38.296Z - [REQUEST]: Updated workspace context based on watched changes, recomputing project graph...
[NX v22.6.1 Daemon Server] - 2026-03-22T09:52:38.296Z - [REQUEST]: mise.toml
[NX v22.6.1 Daemon Server] - 2026-03-22T09:52:38.296Z - [REQUEST]: mise.toml.tmp.73736.1774173158130
[NX v22.6.1 Daemon Server] - 2026-03-22T09:52:38.299Z - Time taken for 'hash changed files from watcher' 2.514540999996825ms
Time taken for 'plugin worker 89092 code loading' 53.89975ms
[NX v22.6.1 Daemon Server] - 2026-03-22T09:52:38.374Z - Time taken for 'start-plugin-worker:nx/core/package-json' 74.948249999994ms
[NX v22.6.1 Daemon Server] - 2026-03-22T09:52:38.374Z - Time taken for 'start-plugin-worker:nx/core/project-json' 74.69425000000047ms
Time taken for 'plugin worker 89091 code loading' 54.247834000000005ms
Time taken for 'plugin worker 89090 code loading' 53.31179100000001ms
Time taken for 'nx/core/project-json:createNodes' 0.46300000000000807ms
[NX v22.6.1 Daemon Server] - 2026-03-22T09:52:38.383Z - Time taken for 'start-plugin-worker:nx/js/dependencies-and-lockfile' 85.28895799999736ms
Time taken for 'nx/js/dependencies-and-lockfile:createNodes' 0.808125000000004ms
[NX v22.6.1 Daemon Server] - 2026-03-22T09:52:38.394Z - Time taken for 'build-project-configs' 91.46133299999929ms
[NX v22.6.1 Daemon Server] - 2026-03-22T09:52:38.394Z - Time taken for 'createNodes:merge' 0.20225000000209548ms
[NX v22.6.1 Daemon Server] - 2026-03-22T09:52:38.394Z - Time taken for 'get-all-workspace-files' 1.4862080000020796ms
Time taken for 'build typescript dependencies' 0.0524159999999938ms
[NX v22.6.1 Daemon Server] - 2026-03-22T09:52:38.397Z - [SYNC]: collect registered sync generators
[NX v22.6.1 Daemon Server] - 2026-03-22T09:52:38.397Z - [SYNC]: project graph hash is the same, not collecting task sync generators
[NX v22.6.1 Daemon Server] - 2026-03-22T09:52:38.397Z - [SYNC]: nx.json hash is the same, not collecting global sync generators
[NX v22.6.1 Daemon Server] - 2026-03-22T09:52:38.397Z - Time taken for 'total execution time for createProjectGraph()' 4.5309589999960735ms
[NX v22.6.1 Daemon Server] - 2026-03-22T09:52:38.397Z - Time taken for 'createDependencies' 3.231500000001688ms
[NX v22.6.1 Daemon Server] - 2026-03-22T09:52:38.397Z - Time taken for 'nx/js/dependencies-and-lockfile:createDependencies' 3.1985830000048736ms
[NX v22.6.1 Daemon Server] - 2026-03-22T09:52:38.397Z - Time taken for 'createMetadata' 0.00891599999886239ms
[NX v22.6.1 Daemon Server] - 2026-03-22T09:52:38.397Z - Time taken for 'serialize graph' 0.253458999999566ms
[NX v22.6.1 Daemon Server] - 2026-03-22T09:52:43.206Z - [WATCHER]: Processing file changes in outputs
[NX v22.6.1 Daemon Server] - 2026-03-22T09:52:43.207Z - [WATCHER]: 1 file(s) created or restored, 0 file(s) modified, 1 file(s) deleted
[NX v22.6.1 Daemon Server] - 2026-03-22T09:52:43.207Z - [SYNC]: clearing sync generators cache due to file changes
[NX v22.6.1 Daemon Server] - 2026-03-22T09:52:43.311Z - [REQUEST]: Updated workspace context based on watched changes, recomputing project graph...
[NX v22.6.1 Daemon Server] - 2026-03-22T09:52:43.311Z - [REQUEST]: mise.toml
[NX v22.6.1 Daemon Server] - 2026-03-22T09:52:43.311Z - [REQUEST]: mise.toml.tmp.73736.1774173163143
[NX v22.6.1 Daemon Server] - 2026-03-22T09:52:43.315Z - Time taken for 'hash changed files from watcher' 3.465875000001688ms
Time taken for 'plugin worker 89102 code loading' 52.488499999999995ms
Time taken for 'plugin worker 89100 code loading' 52.33758400000001ms
Time taken for 'plugin worker 89101 code loading' 52.882834ms
[NX v22.6.1 Daemon Server] - 2026-03-22T09:52:43.399Z - Time taken for 'start-plugin-worker:nx/js/dependencies-and-lockfile' 86.65858299999672ms
[NX v22.6.1 Daemon Server] - 2026-03-22T09:52:43.401Z - Time taken for 'start-plugin-worker:nx/core/package-json' 86.9339589999945ms
[NX v22.6.1 Daemon Server] - 2026-03-22T09:52:43.401Z - Time taken for 'start-plugin-worker:nx/core/project-json' 86.42312500000116ms
Time taken for 'nx/core/project-json:createNodes' 0.3931249999999977ms
Time taken for 'nx/js/dependencies-and-lockfile:createNodes' 0.839500000000001ms
[NX v22.6.1 Daemon Server] - 2026-03-22T09:52:43.409Z - Time taken for 'build-project-configs' 92.66379200000665ms
[NX v22.6.1 Daemon Server] - 2026-03-22T09:52:43.409Z - Time taken for 'createNodes:merge' 0.16262499999720603ms
[NX v22.6.1 Daemon Server] - 2026-03-22T09:52:43.409Z - Time taken for 'get-all-workspace-files' 1.0956249999944703ms
Time taken for 'build typescript dependencies' 0.05033400000000654ms
[NX v22.6.1 Daemon Server] - 2026-03-22T09:52:43.412Z - [SYNC]: collect registered sync generators
[NX v22.6.1 Daemon Server] - 2026-03-22T09:52:43.412Z - [SYNC]: project graph hash is the same, not collecting task sync generators
[NX v22.6.1 Daemon Server] - 2026-03-22T09:52:43.412Z - [SYNC]: nx.json hash is the same, not collecting global sync generators
[NX v22.6.1 Daemon Server] - 2026-03-22T09:52:43.412Z - Time taken for 'total execution time for createProjectGraph()' 4.641042000002926ms
[NX v22.6.1 Daemon Server] - 2026-03-22T09:52:43.412Z - Time taken for 'createDependencies' 3.4840000000040163ms
[NX v22.6.1 Daemon Server] - 2026-03-22T09:52:43.412Z - Time taken for 'nx/js/dependencies-and-lockfile:createDependencies' 3.458666999998968ms
[NX v22.6.1 Daemon Server] - 2026-03-22T09:52:43.412Z - Time taken for 'createMetadata' 0.008582999995269347ms
[NX v22.6.1 Daemon Server] - 2026-03-22T09:52:43.412Z - Time taken for 'serialize graph' 0.2522919999973965ms
[NX v22.6.1 Daemon Server] - 2026-03-22T09:52:48.230Z - [WATCHER]: Processing file changes in outputs
[NX v22.6.1 Daemon Server] - 2026-03-22T09:52:48.230Z - [WATCHER]: 1 file(s) created or restored, 0 file(s) modified, 1 file(s) deleted
[NX v22.6.1 Daemon Server] - 2026-03-22T09:52:48.230Z - [SYNC]: clearing sync generators cache due to file changes
[NX v22.6.1 Daemon Server] - 2026-03-22T09:52:48.334Z - [REQUEST]: Updated workspace context based on watched changes, recomputing project graph...
[NX v22.6.1 Daemon Server] - 2026-03-22T09:52:48.334Z - [REQUEST]: mise.toml
[NX v22.6.1 Daemon Server] - 2026-03-22T09:52:48.334Z - [REQUEST]: mise.toml.tmp.73736.1774173168165
[NX v22.6.1 Daemon Server] - 2026-03-22T09:52:48.337Z - Time taken for 'hash changed files from watcher' 3.1339589999988675ms
[NX v22.6.1 Daemon Server] - 2026-03-22T09:52:48.412Z - Time taken for 'start-plugin-worker:nx/js/dependencies-and-lockfile' 76.0434580000001ms
[NX v22.6.1 Daemon Server] - 2026-03-22T09:52:48.412Z - Time taken for 'start-plugin-worker:nx/core/package-json' 75.19629200000054ms
[NX v22.6.1 Daemon Server] - 2026-03-22T09:52:48.412Z - Time taken for 'start-plugin-worker:nx/core/project-json' 74.75858299999527ms
Time taken for 'plugin worker 89110 code loading' 49.07279199999999ms
Time taken for 'plugin worker 89111 code loading' 51.147416ms
Time taken for 'plugin worker 89112 code loading' 51.050167ms
Time taken for 'nx/core/project-json:createNodes' 0.3723329999999976ms
Time taken for 'nx/js/dependencies-and-lockfile:createNodes' 0.8746249999999947ms
[NX v22.6.1 Daemon Server] - 2026-03-22T09:52:48.422Z - Time taken for 'build-project-configs' 81.97670800000196ms
[NX v22.6.1 Daemon Server] - 2026-03-22T09:52:48.422Z - Time taken for 'createNodes:merge' 0.18858399999589892ms
[NX v22.6.1 Daemon Server] - 2026-03-22T09:52:48.422Z - Time taken for 'get-all-workspace-files' 1.4376669999983278ms
Time taken for 'build typescript dependencies' 0.047333999999992216ms
[NX v22.6.1 Daemon Server] - 2026-03-22T09:52:48.424Z - [SYNC]: collect registered sync generators
[NX v22.6.1 Daemon Server] - 2026-03-22T09:52:48.424Z - [SYNC]: project graph hash is the same, not collecting task sync generators
[NX v22.6.1 Daemon Server] - 2026-03-22T09:52:48.424Z - [SYNC]: nx.json hash is the same, not collecting global sync generators
[NX v22.6.1 Daemon Server] - 2026-03-22T09:52:48.424Z - Time taken for 'total execution time for createProjectGraph()' 4.025583999995433ms
[NX v22.6.1 Daemon Server] - 2026-03-22T09:52:48.424Z - Time taken for 'createDependencies' 2.91883300000336ms
[NX v22.6.1 Daemon Server] - 2026-03-22T09:52:48.424Z - Time taken for 'nx/js/dependencies-and-lockfile:createDependencies' 2.887750000001688ms
[NX v22.6.1 Daemon Server] - 2026-03-22T09:52:48.424Z - Time taken for 'createMetadata' 0.0076249999983701855ms
[NX v22.6.1 Daemon Server] - 2026-03-22T09:52:48.424Z - Time taken for 'serialize graph' 0.2382080000024871ms
[NX v22.6.1 Daemon Server] - 2026-03-22T09:52:53.254Z - [WATCHER]: 1 file(s) created or restored, 0 file(s) modified, 1 file(s) deleted
[NX v22.6.1 Daemon Server] - 2026-03-22T09:52:53.254Z - [SYNC]: clearing sync generators cache due to file changes
[NX v22.6.1 Daemon Server] - 2026-03-22T09:52:53.254Z - [WATCHER]: Processing file changes in outputs
[NX v22.6.1 Daemon Server] - 2026-03-22T09:52:53.357Z - [REQUEST]: Updated workspace context based on watched changes, recomputing project graph...
[NX v22.6.1 Daemon Server] - 2026-03-22T09:52:53.357Z - [REQUEST]: mise.toml
[NX v22.6.1 Daemon Server] - 2026-03-22T09:52:53.357Z - [REQUEST]: mise.toml.tmp.73736.1774173173190
[NX v22.6.1 Daemon Server] - 2026-03-22T09:52:53.360Z - Time taken for 'hash changed files from watcher' 2.5032910000008997ms
Time taken for 'plugin worker 89122 code loading' 50.135167ms
Time taken for 'plugin worker 89121 code loading' 50.061917ms
Time taken for 'plugin worker 89120 code loading' 50.496417ms
[NX v22.6.1 Daemon Server] - 2026-03-22T09:52:53.433Z - Time taken for 'start-plugin-worker:nx/js/dependencies-and-lockfile' 74.44812499999534ms
[NX v22.6.1 Daemon Server] - 2026-03-22T09:52:53.433Z - Time taken for 'start-plugin-worker:nx/core/package-json' 73.71387500000128ms
[NX v22.6.1 Daemon Server] - 2026-03-22T09:52:53.433Z - Time taken for 'start-plugin-worker:nx/core/project-json' 73.31954199999745ms
Time taken for 'nx/core/project-json:createNodes' 0.3719169999999963ms
Time taken for 'nx/js/dependencies-and-lockfile:createNodes' 0.860833999999997ms
[NX v22.6.1 Daemon Server] - 2026-03-22T09:52:53.443Z - Time taken for 'build-project-configs' 80.36991700000362ms
[NX v22.6.1 Daemon Server] - 2026-03-22T09:52:53.443Z - Time taken for 'createNodes:merge' 0.1847909999996773ms
[NX v22.6.1 Daemon Server] - 2026-03-22T09:52:53.443Z - Time taken for 'get-all-workspace-files' 1.3449580000014976ms
Time taken for 'build typescript dependencies' 0.04779200000000117ms
[NX v22.6.1 Daemon Server] - 2026-03-22T09:52:53.446Z - [SYNC]: collect registered sync generators
[NX v22.6.1 Daemon Server] - 2026-03-22T09:52:53.446Z - [SYNC]: project graph hash is the same, not collecting task sync generators
[NX v22.6.1 Daemon Server] - 2026-03-22T09:52:53.446Z - [SYNC]: nx.json hash is the same, not collecting global sync generators
[NX v22.6.1 Daemon Server] - 2026-03-22T09:52:53.446Z - Time taken for 'total execution time for createProjectGraph()' 4.077582999998413ms
[NX v22.6.1 Daemon Server] - 2026-03-22T09:52:53.446Z - Time taken for 'createDependencies' 3.032166999997571ms
[NX v22.6.1 Daemon Server] - 2026-03-22T09:52:53.446Z - Time taken for 'nx/js/dependencies-and-lockfile:createDependencies' 3.0075829999987036ms
[NX v22.6.1 Daemon Server] - 2026-03-22T09:52:53.446Z - Time taken for 'createMetadata' 0.008374999997613486ms
[NX v22.6.1 Daemon Server] - 2026-03-22T09:52:53.446Z - Time taken for 'serialize graph' 0.29412500000034925ms
[NX v22.6.1 Daemon Server] - 2026-03-22T09:52:58.273Z - [WATCHER]: 1 file(s) created or restored, 0 file(s) modified, 1 file(s) deleted
[NX v22.6.1 Daemon Server] - 2026-03-22T09:52:58.273Z - [SYNC]: clearing sync generators cache due to file changes
[NX v22.6.1 Daemon Server] - 2026-03-22T09:52:58.273Z - [WATCHER]: Processing file changes in outputs
[NX v22.6.1 Daemon Server] - 2026-03-22T09:52:58.378Z - [REQUEST]: Updated workspace context based on watched changes, recomputing project graph...
[NX v22.6.1 Daemon Server] - 2026-03-22T09:52:58.378Z - [REQUEST]: mise.toml
[NX v22.6.1 Daemon Server] - 2026-03-22T09:52:58.378Z - [REQUEST]: mise.toml.tmp.73736.1774173178209
[NX v22.6.1 Daemon Server] - 2026-03-22T09:52:58.381Z - Time taken for 'hash changed files from watcher' 3.3172080000003916ms
Time taken for 'plugin worker 89130 code loading' 50.098792ms
[NX v22.6.1 Daemon Server] - 2026-03-22T09:52:58.456Z - Time taken for 'start-plugin-worker:nx/js/dependencies-and-lockfile' 76.69120799999655ms
Time taken for 'plugin worker 89131 code loading' 50.810958ms
Time taken for 'plugin worker 89132 code loading' 48.83475ms
Time taken for 'nx/js/dependencies-and-lockfile:createNodes' 0.7085830000000044ms
[NX v22.6.1 Daemon Server] - 2026-03-22T09:52:58.466Z - Time taken for 'start-plugin-worker:nx/core/package-json' 86.19024999999965ms
[NX v22.6.1 Daemon Server] - 2026-03-22T09:52:58.466Z - Time taken for 'start-plugin-worker:nx/core/project-json' 85.64587500000198ms
Time taken for 'nx/core/project-json:createNodes' 0.30000000000001137ms
[NX v22.6.1 Daemon Server] - 2026-03-22T09:52:58.474Z - Time taken for 'build-project-configs' 91.11849999999686ms
[NX v22.6.1 Daemon Server] - 2026-03-22T09:52:58.474Z - Time taken for 'createNodes:merge' 0.16524999999819556ms
[NX v22.6.1 Daemon Server] - 2026-03-22T09:52:58.474Z - Time taken for 'get-all-workspace-files' 1.117707999997947ms
Time taken for 'build typescript dependencies' 0.044375000000002274ms
[NX v22.6.1 Daemon Server] - 2026-03-22T09:52:58.477Z - [SYNC]: collect registered sync generators
[NX v22.6.1 Daemon Server] - 2026-03-22T09:52:58.477Z - [SYNC]: project graph hash is the same, not collecting task sync generators
[NX v22.6.1 Daemon Server] - 2026-03-22T09:52:58.477Z - [SYNC]: nx.json hash is the same, not collecting global sync generators
[NX v22.6.1 Daemon Server] - 2026-03-22T09:52:58.477Z - Time taken for 'total execution time for createProjectGraph()' 4.619958000002953ms
[NX v22.6.1 Daemon Server] - 2026-03-22T09:52:58.477Z - Time taken for 'createDependencies' 3.5225419999987935ms
[NX v22.6.1 Daemon Server] - 2026-03-22T09:52:58.477Z - Time taken for 'nx/js/dependencies-and-lockfile:createDependencies' 3.4997089999960735ms
[NX v22.6.1 Daemon Server] - 2026-03-22T09:52:58.477Z - Time taken for 'createMetadata' 0.00766700000531273ms
[NX v22.6.1 Daemon Server] - 2026-03-22T09:52:58.477Z - Time taken for 'serialize graph' 0.26804100000299513ms
[NX v22.6.1 Daemon Server] - 2026-03-22T09:53:09.115Z - [WATCHER]: 2 file(s) created or restored, 0 file(s) modified, 0 file(s) deleted
[NX v22.6.1 Daemon Server] - 2026-03-22T09:53:09.115Z - [SYNC]: clearing sync generators cache due to file changes
[NX v22.6.1 Daemon Server] - 2026-03-22T09:53:09.115Z - [WATCHER]: Processing file changes in outputs
[NX v22.6.1 Daemon Server] - 2026-03-22T09:53:09.219Z - [REQUEST]: Updated workspace context based on watched changes, recomputing project graph...
[NX v22.6.1 Daemon Server] - 2026-03-22T09:53:09.219Z - [REQUEST]: buck-out/v2/log/a9dcd507-e2ed-44ce-b636-4ca70c165a06/command_report.json,buck-out/v2/log/20260322-095309_build_a9dcd507-e2ed-44ce-b636-4ca70c165a06_events.pb.zst
[NX v22.6.1 Daemon Server] - 2026-03-22T09:53:09.219Z - [REQUEST]: 
[NX v22.6.1 Daemon Server] - 2026-03-22T09:53:09.222Z - Time taken for 'hash changed files from watcher' 3.17987500000163ms
Time taken for 'plugin worker 89179 code loading' 53.728583ms
Time taken for 'plugin worker 89181 code loading' 53.452084ms
Time taken for 'plugin worker 89180 code loading' 52.456500000000005ms
[NX v22.6.1 Daemon Server] - 2026-03-22T09:53:09.297Z - Time taken for 'start-plugin-worker:nx/js/dependencies-and-lockfile' 76.40891600000032ms
[NX v22.6.1 Daemon Server] - 2026-03-22T09:53:09.297Z - Time taken for 'start-plugin-worker:nx/core/package-json' 75.71233399999619ms
[NX v22.6.1 Daemon Server] - 2026-03-22T09:53:09.297Z - Time taken for 'start-plugin-worker:nx/core/project-json' 75.3471669999999ms
Time taken for 'nx/core/project-json:createNodes' 0.33841599999999517ms
Time taken for 'nx/js/dependencies-and-lockfile:createNodes' 0.8602499999999935ms
[NX v22.6.1 Daemon Server] - 2026-03-22T09:53:09.307Z - Time taken for 'build-project-configs' 82.1862919999985ms
[NX v22.6.1 Daemon Server] - 2026-03-22T09:53:09.307Z - Time taken for 'createNodes:merge' 0.2023750000007567ms
[NX v22.6.1 Daemon Server] - 2026-03-22T09:53:09.307Z - Time taken for 'get-all-workspace-files' 1.4195829999953276ms
Time taken for 'build typescript dependencies' 0.036875000000009095ms
[NX v22.6.1 Daemon Server] - 2026-03-22T09:53:09.309Z - [SYNC]: collect registered sync generators
[NX v22.6.1 Daemon Server] - 2026-03-22T09:53:09.309Z - [SYNC]: project graph hash is the same, not collecting task sync generators
[NX v22.6.1 Daemon Server] - 2026-03-22T09:53:09.309Z - [SYNC]: nx.json hash is the same, not collecting global sync generators
[NX v22.6.1 Daemon Server] - 2026-03-22T09:53:09.309Z - Time taken for 'total execution time for createProjectGraph()' 3.7076250000027358ms
[NX v22.6.1 Daemon Server] - 2026-03-22T09:53:09.309Z - Time taken for 'createDependencies' 2.6121249999996508ms
[NX v22.6.1 Daemon Server] - 2026-03-22T09:53:09.309Z - Time taken for 'nx/js/dependencies-and-lockfile:createDependencies' 2.592625000004773ms
[NX v22.6.1 Daemon Server] - 2026-03-22T09:53:09.309Z - Time taken for 'createMetadata' 0.006290999997872859ms
[NX v22.6.1 Daemon Server] - 2026-03-22T09:53:09.309Z - Time taken for 'serialize graph' 0.23558300000149757ms
[NX v22.6.1 Daemon Server] - 2026-03-22T09:53:27.863Z - Established a connection. Number of open connections: 1
[NX v22.6.1 Daemon Server] - 2026-03-22T09:53:27.863Z - Closed a connection. Number of open connections: 0
[NX v22.6.1 Daemon Server] - 2026-03-22T09:53:27.863Z - Established a connection. Number of open connections: 1
[NX v22.6.1 Daemon Server] - 2026-03-22T09:53:27.863Z - Closed a connection. Number of open connections: 0
[NX v22.6.1 Daemon Server] - 2026-03-22T09:53:27.864Z - Established a connection. Number of open connections: 1
[NX v22.6.1 Daemon Client] - 2026-03-22T09:53:27.864Z - [Messenger] Setting up socket listeners
[NX v22.6.1 Daemon Client] - 2026-03-22T09:53:27.864Z - [Messenger] listen() complete
[NX v22.6.1 Daemon Client] - 2026-03-22T09:53:27.864Z - [Messenger] Sending message type: GET_NX_CONSOLE_STATUS
[NX v22.6.1 Daemon Client] - 2026-03-22T09:53:27.864Z - [Messenger] Message sent
[NX v22.6.1 Daemon Server] - 2026-03-22T09:53:27.869Z - Received raw message of length 32
[NX v22.6.1 Daemon Server] - 2026-03-22T09:53:27.870Z - Received json message of type GET_NX_CONSOLE_STATUS
[NX v22.6.1 Daemon Server] - 2026-03-22T09:53:27.870Z - Serializing response for GET_NX_CONSOLE_STATUS message in json mode
[NX v22.6.1 Daemon Server] - 2026-03-22T09:53:27.870Z - Responding to GET_NX_CONSOLE_STATUS message
[NX v22.6.1 Daemon Server] - 2026-03-22T09:53:27.870Z - [REQUEST]: Responding to the client. handleGetNxConsoleStatus
[NX v22.6.1 Daemon Server] - 2026-03-22T09:53:27.870Z - Done responding to the client handleGetNxConsoleStatus
[NX v22.6.1 Daemon Server] - 2026-03-22T09:53:27.870Z - Handled json message GET_NX_CONSOLE_STATUS. Handling time: 0. Response time: 0.
[NX v22.6.1 Daemon Client] - 2026-03-22T09:53:27.870Z - [Messenger] Received message, length: 22
[NX v22.6.1 Daemon Client] - 2026-03-22T09:53:27.886Z - [Messenger] Sending message type: REQUEST_PROJECT_GRAPH
[NX v22.6.1 Daemon Client] - 2026-03-22T09:53:27.886Z - [Messenger] Message sent
[NX v22.6.1 Daemon Server] - 2026-03-22T09:53:27.886Z - Received raw message of length 32
[NX v22.6.1 Daemon Server] - 2026-03-22T09:53:27.886Z - Received json message of type REQUEST_PROJECT_GRAPH
[NX v22.6.1 Daemon Server] - 2026-03-22T09:53:27.886Z - [REQUEST]: Client Request for Project Graph Received
[NX v22.6.1 Daemon Server] - 2026-03-22T09:53:27.886Z - Reusing in-memory cached project graph because no files changed.
[NX v22.6.1 Daemon Server] - 2026-03-22T09:53:27.886Z - Serializing response for REQUEST_PROJECT_GRAPH message in json mode
[NX v22.6.1 Daemon Server] - 2026-03-22T09:53:27.886Z - Responding to REQUEST_PROJECT_GRAPH message
[NX v22.6.1 Daemon Server] - 2026-03-22T09:53:27.886Z - [REQUEST]: Responding to the client. project-graph
[NX v22.6.1 Daemon Server] - 2026-03-22T09:53:27.886Z - Time taken for 'total for creating and serializing project graph' 0.10975000000325963ms
[NX v22.6.1 Daemon Server] - 2026-03-22T09:53:27.886Z - Done responding to the client project-graph
[NX v22.6.1 Daemon Server] - 2026-03-22T09:53:27.886Z - Handled json message REQUEST_PROJECT_GRAPH. Handling time: 0. Response time: 0.
[NX v22.6.1 Daemon Client] - 2026-03-22T09:53:27.887Z - [Messenger] Received message, length: 135169
[NX v22.6.1 Daemon Client] - 2026-03-22T09:53:27.887Z - [Messenger] Sending message type: PRE_TASKS_EXECUTION
[NX v22.6.1 Daemon Server] - 2026-03-22T09:53:27.888Z - Received raw message of length 564
[NX v22.6.1 Daemon Client] - 2026-03-22T09:53:27.888Z - [Messenger] Message sent
[NX v22.6.1 Daemon Server] - 2026-03-22T09:53:27.888Z - Received json message of type PRE_TASKS_EXECUTION
[NX v22.6.1 Daemon Server] - 2026-03-22T09:53:27.888Z - Serializing response for PRE_TASKS_EXECUTION message in json mode
[NX v22.6.1 Daemon Server] - 2026-03-22T09:53:27.888Z - Responding to PRE_TASKS_EXECUTION message
[NX v22.6.1 Daemon Server] - 2026-03-22T09:53:27.888Z - [REQUEST]: Responding to the client. handleRunPreTasksExecution
[NX v22.6.1 Daemon Server] - 2026-03-22T09:53:27.888Z - Done responding to the client handleRunPreTasksExecution
[NX v22.6.1 Daemon Server] - 2026-03-22T09:53:27.888Z - Handled json message PRE_TASKS_EXECUTION. Handling time: 0. Response time: 0.
[NX v22.6.1 Daemon Server] - 2026-03-22T09:53:27.888Z - Time taken for 'preTasksExecution' 0.04920799999672454ms
[NX v22.6.1 Daemon Client] - 2026-03-22T09:53:27.888Z - [Messenger] Received message, length: 2
[NX v22.6.1 Daemon Client] - 2026-03-22T09:53:27.909Z - [Messenger] Sending message type: HASH_TASKS
[NX v22.6.1 Daemon Client] - 2026-03-22T09:53:27.909Z - [Messenger] Message sent
[NX v22.6.1 Daemon Server] - 2026-03-22T09:53:27.910Z - Received raw message of length 11706
[NX v22.6.1 Daemon Server] - 2026-03-22T09:53:27.910Z - Received json message of type HASH_TASKS
[NX v22.6.1 Daemon Server] - 2026-03-22T09:53:27.910Z - Reusing in-memory cached project graph because no files changed.
DEBUG nx::native::tasks::hash_planner: get_plans_internal COMPLETED in 166.792µs - processed 3 tasks (setup: 63.875µs, parallel_planning: 101.583µs)
DEBUG nx::native::tasks::hashers::hash_workspace_files: Hashing workspace fileset with inputs: Adding "2994973879972349464" (".gitignore") to hash
DEBUG nx::native::tasks::hashers::hash_workspace_files: Hashing workspace fileset with inputs: Adding "2994973879972349464" (".gitignore") to hash
DEBUG nx::native::tasks::hashers::hash_workspace_files: Hashing workspace fileset with inputs: Adding "3473750490259329668" ("nx.json") to hash
DEBUG nx::native::tasks::hashers::hash_workspace_files: Hashing workspace fileset with inputs: Hash Value: "11555622651735181469"
DEBUG nx::native::tasks::hashers::hash_workspace_files: Hashing workspace fileset with inputs: Adding "2994973879972349464" (".gitignore") to hash
DEBUG nx::native::tasks::hashers::hash_workspace_files: Hashing workspace fileset with inputs: Adding "3473750490259329668" ("nx.json") to hash
DEBUG nx::native::tasks::hashers::hash_workspace_files: Hashing workspace fileset with inputs: Hash Value: "11555622651735181469"
DEBUG nx::native::tasks::hashers::hash_workspace_files: Hashing workspace fileset with inputs: Adding "3473750490259329668" ("nx.json") to hash
DEBUG nx::native::tasks::hashers::hash_workspace_files: Hashing workspace fileset with inputs: Hash Value: "11555622651735181469"
DEBUG nx::native::tasks::task_hasher: hash_plans COMPLETED in 883.958µs - processed 3 plans (setup: 50.708µs, hashing: 832.75µs, assembly: 231.5µs)
[NX v22.6.1 Daemon Server] - 2026-03-22T09:53:27.912Z - Serializing response for HASH_TASKS message in json mode
[NX v22.6.1 Daemon Server] - 2026-03-22T09:53:27.912Z - Responding to HASH_TASKS message
[NX v22.6.1 Daemon Server] - 2026-03-22T09:53:27.912Z - [REQUEST]: Responding to the client. handleHashTasks
[NX v22.6.1 Daemon Server] - 2026-03-22T09:53:27.912Z - Done responding to the client handleHashTasks
[NX v22.6.1 Daemon Server] - 2026-03-22T09:53:27.912Z - Handled json message HASH_TASKS. Handling time: 2. Response time: 0.
[NX v22.6.1 Daemon Client] - 2026-03-22T09:53:27.912Z - [Messenger] Received message, length: 19197
[NX v22.6.1 Daemon Client] - 2026-03-22T09:53:27.938Z - [Messenger] Sending message type: GET_ESTIMATED_TASK_TIMINGS
[NX v22.6.1 Daemon Client] - 2026-03-22T09:53:27.939Z - [Messenger] Message sent
[NX v22.6.1 Daemon Server] - 2026-03-22T09:53:27.939Z - Received raw message of length 243
[NX v22.6.1 Daemon Server] - 2026-03-22T09:53:27.939Z - Received json message of type GET_ESTIMATED_TASK_TIMINGS
[NX v22.6.1 Daemon Server] - 2026-03-22T09:53:27.939Z - Serializing response for GET_ESTIMATED_TASK_TIMINGS message in json mode
[NX v22.6.1 Daemon Server] - 2026-03-22T09:53:27.939Z - Responding to GET_ESTIMATED_TASK_TIMINGS message
[NX v22.6.1 Daemon Server] - 2026-03-22T09:53:27.939Z - [REQUEST]: Responding to the client. handleGetEstimatedTaskTimings
[NX v22.6.1 Daemon Server] - 2026-03-22T09:53:27.939Z - Done responding to the client handleGetEstimatedTaskTimings
[NX v22.6.1 Daemon Server] - 2026-03-22T09:53:27.939Z - Handled json message GET_ESTIMATED_TASK_TIMINGS. Handling time: 0. Response time: 0.
[NX v22.6.1 Daemon Client] - 2026-03-22T09:53:27.939Z - [Messenger] Received message, length: 142
[NX v22.6.1 Daemon Server] - 2026-03-22T09:53:28.323Z - [WATCHER]: Processing file changes in outputs
[NX v22.6.1 Daemon Client] - 2026-03-22T09:53:28.371Z - [Messenger] Sending message type: RECORD_OUTPUTS_HASH
[NX v22.6.1 Daemon Client] - 2026-03-22T09:53:28.371Z - [Messenger] Message sent
[NX v22.6.1 Daemon Server] - 2026-03-22T09:53:28.371Z - Received raw message of length 311
[NX v22.6.1 Daemon Server] - 2026-03-22T09:53:28.371Z - Received json message of type RECORD_OUTPUTS_HASH
[NX v22.6.1 Daemon Server] - 2026-03-22T09:53:28.376Z - Serializing response for RECORD_OUTPUTS_HASH message in json mode
[NX v22.6.1 Daemon Server] - 2026-03-22T09:53:28.376Z - Responding to RECORD_OUTPUTS_HASH message
[NX v22.6.1 Daemon Server] - 2026-03-22T09:53:28.376Z - [REQUEST]: Responding to the client. recordOutputsHash
[NX v22.6.1 Daemon Server] - 2026-03-22T09:53:28.376Z - Done responding to the client recordOutputsHash
[NX v22.6.1 Daemon Server] - 2026-03-22T09:53:28.376Z - Handled json message RECORD_OUTPUTS_HASH. Handling time: 5. Response time: 0.
[NX v22.6.1 Daemon Client] - 2026-03-22T09:53:28.376Z - [Messenger] Received message, length: 2
[NX v22.6.1 Daemon Server] - 2026-03-22T09:53:28.754Z - [WATCHER]: Processing file changes in outputs
[NX v22.6.1 Daemon Client] - 2026-03-22T09:53:28.801Z - [Messenger] Sending message type: RECORD_OUTPUTS_HASH
[NX v22.6.1 Daemon Client] - 2026-03-22T09:53:28.801Z - [Messenger] Message sent
[NX v22.6.1 Daemon Server] - 2026-03-22T09:53:28.801Z - Received raw message of length 199
[NX v22.6.1 Daemon Server] - 2026-03-22T09:53:28.801Z - Received json message of type RECORD_OUTPUTS_HASH
[NX v22.6.1 Daemon Server] - 2026-03-22T09:53:28.807Z - Serializing response for RECORD_OUTPUTS_HASH message in json mode
[NX v22.6.1 Daemon Server] - 2026-03-22T09:53:28.807Z - Responding to RECORD_OUTPUTS_HASH message
[NX v22.6.1 Daemon Server] - 2026-03-22T09:53:28.807Z - [REQUEST]: Responding to the client. recordOutputsHash
[NX v22.6.1 Daemon Server] - 2026-03-22T09:53:28.807Z - Done responding to the client recordOutputsHash
[NX v22.6.1 Daemon Server] - 2026-03-22T09:53:28.807Z - Handled json message RECORD_OUTPUTS_HASH. Handling time: 6. Response time: 0.
[NX v22.6.1 Daemon Client] - 2026-03-22T09:53:28.807Z - [Messenger] Received message, length: 2
[NX v22.6.1 Daemon Server] - 2026-03-22T09:53:29.199Z - [WATCHER]: Processing file changes in outputs
[NX v22.6.1 Daemon Client] - 2026-03-22T09:53:29.238Z - [Messenger] Sending message type: RECORD_OUTPUTS_HASH
[NX v22.6.1 Daemon Client] - 2026-03-22T09:53:29.238Z - [Messenger] Message sent
[NX v22.6.1 Daemon Server] - 2026-03-22T09:53:29.238Z - Received raw message of length 186
[NX v22.6.1 Daemon Server] - 2026-03-22T09:53:29.238Z - Received json message of type RECORD_OUTPUTS_HASH
[NX v22.6.1 Daemon Server] - 2026-03-22T09:53:29.244Z - Serializing response for RECORD_OUTPUTS_HASH message in json mode
[NX v22.6.1 Daemon Server] - 2026-03-22T09:53:29.244Z - Responding to RECORD_OUTPUTS_HASH message
[NX v22.6.1 Daemon Server] - 2026-03-22T09:53:29.244Z - [REQUEST]: Responding to the client. recordOutputsHash
[NX v22.6.1 Daemon Server] - 2026-03-22T09:53:29.244Z - Done responding to the client recordOutputsHash
[NX v22.6.1 Daemon Server] - 2026-03-22T09:53:29.244Z - Handled json message RECORD_OUTPUTS_HASH. Handling time: 6. Response time: 0.
[NX v22.6.1 Daemon Client] - 2026-03-22T09:53:29.244Z - [Messenger] Received message, length: 2
[NX v22.6.1 Daemon Client] - 2026-03-22T09:53:29.245Z - [Messenger] Sending message type: RECORD_TASK_RUNS
[NX v22.6.1 Daemon Client] - 2026-03-22T09:53:29.245Z - [Messenger] Message sent
[NX v22.6.1 Daemon Server] - 2026-03-22T09:53:29.245Z - Received raw message of length 617
[NX v22.6.1 Daemon Server] - 2026-03-22T09:53:29.245Z - Received json message of type RECORD_TASK_RUNS
[NX v22.6.1 Daemon Server] - 2026-03-22T09:53:29.245Z - Serializing response for RECORD_TASK_RUNS message in json mode
[NX v22.6.1 Daemon Server] - 2026-03-22T09:53:29.245Z - Responding to RECORD_TASK_RUNS message
[NX v22.6.1 Daemon Server] - 2026-03-22T09:53:29.245Z - [REQUEST]: Responding to the client. handleRecordTaskRuns
[NX v22.6.1 Daemon Server] - 2026-03-22T09:53:29.245Z - Done responding to the client handleRecordTaskRuns
[NX v22.6.1 Daemon Server] - 2026-03-22T09:53:29.245Z - Handled json message RECORD_TASK_RUNS. Handling time: 0. Response time: 0.
[NX v22.6.1 Daemon Client] - 2026-03-22T09:53:29.245Z - [Messenger] Received message, length: 4
[NX v22.6.1 Daemon Server] - 2026-03-22T09:53:32.286Z - Established a connection. Number of open connections: 2
[NX v22.6.1 Daemon Client] - 2026-03-22T09:53:32.286Z - [Messenger] Sending message type: GET_CONFIGURE_AI_AGENTS_STATUS
[NX v22.6.1 Daemon Server] - 2026-03-22T09:53:32.287Z - Closed a connection. Number of open connections: 1
[NX v22.6.1 Daemon Client] - 2026-03-22T09:53:32.287Z - [Messenger] Message sent
[NX v22.6.1 Daemon Server] - 2026-03-22T09:53:32.287Z - Received raw message of length 41
[NX v22.6.1 Daemon Server] - 2026-03-22T09:53:32.287Z - Received json message of type GET_CONFIGURE_AI_AGENTS_STATUS
[NX v22.6.1 Daemon Server] - 2026-03-22T09:53:32.287Z - [AI-AGENTS]: Returning cached agent configuration status
[NX v22.6.1 Daemon Server] - 2026-03-22T09:53:32.287Z - Serializing response for GET_CONFIGURE_AI_AGENTS_STATUS message in json mode
[NX v22.6.1 Daemon Server] - 2026-03-22T09:53:32.287Z - Responding to GET_CONFIGURE_AI_AGENTS_STATUS message
[NX v22.6.1 Daemon Server] - 2026-03-22T09:53:32.287Z - [REQUEST]: Responding to the client. handleGetConfigureAiAgentsStatus
[NX v22.6.1 Daemon Server] - 2026-03-22T09:53:32.287Z - Done responding to the client handleGetConfigureAiAgentsStatus
[NX v22.6.1 Daemon Server] - 2026-03-22T09:53:32.287Z - Handled json message GET_CONFIGURE_AI_AGENTS_STATUS. Handling time: 0. Response time: 0.
[NX v22.6.1 Daemon Client] - 2026-03-22T09:53:32.287Z - [Messenger] Received message, length: 342
[NX v22.6.1 Daemon Client] - 2026-03-22T09:53:32.288Z - [Messenger] Sending message type: POST_TASKS_EXECUTION
[NX v22.6.1 Daemon Client] - 2026-03-22T09:53:32.288Z - [Messenger] Message sent
[NX v22.6.1 Daemon Server] - 2026-03-22T09:53:32.288Z - Received raw message of length 23766
[NX v22.6.1 Daemon Server] - 2026-03-22T09:53:32.288Z - Received json message of type POST_TASKS_EXECUTION
[NX v22.6.1 Daemon Server] - 2026-03-22T09:53:32.289Z - Serializing response for POST_TASKS_EXECUTION message in json mode
[NX v22.6.1 Daemon Server] - 2026-03-22T09:53:32.289Z - Responding to POST_TASKS_EXECUTION message
[NX v22.6.1 Daemon Server] - 2026-03-22T09:53:32.289Z - [REQUEST]: Responding to the client. handleRunPostTasksExecution
[NX v22.6.1 Daemon Server] - 2026-03-22T09:53:32.289Z - Done responding to the client handleRunPostTasksExecution
[NX v22.6.1 Daemon Server] - 2026-03-22T09:53:32.289Z - Handled json message POST_TASKS_EXECUTION. Handling time: 1. Response time: 0.
[NX v22.6.1 Daemon Client] - 2026-03-22T09:53:32.289Z - [Messenger] Received message, length: 4
[NX v22.6.1 Daemon Server] - 2026-03-22T09:53:32.289Z - Time taken for 'postTasksExecution' 0.10795799999323208ms
[NX v22.6.1 Daemon Server] - 2026-03-22T09:53:32.300Z - Closed a connection. Number of open connections: 0
[NX v22.6.1 Daemon Server] - 2026-03-22T09:53:32.713Z - [WATCHER]: 1 file(s) created or restored, 0 file(s) modified, 1 file(s) deleted
[NX v22.6.1 Daemon Server] - 2026-03-22T09:53:32.713Z - [SYNC]: clearing sync generators cache due to file changes
[NX v22.6.1 Daemon Server] - 2026-03-22T09:53:32.713Z - [WATCHER]: Processing file changes in outputs
[NX v22.6.1 Daemon Server] - 2026-03-22T09:53:32.817Z - [REQUEST]: Updated workspace context based on watched changes, recomputing project graph...
[NX v22.6.1 Daemon Server] - 2026-03-22T09:53:32.818Z - [REQUEST]: mise.toml
[NX v22.6.1 Daemon Server] - 2026-03-22T09:53:32.818Z - [REQUEST]: mise.toml.tmp.73736.1774173212648
[NX v22.6.1 Daemon Server] - 2026-03-22T09:53:32.821Z - Time taken for 'hash changed files from watcher' 3.922999999995227ms
Time taken for 'plugin worker 89384 code loading' 53.420874999999995ms
Time taken for 'plugin worker 89386 code loading' 52.797375ms
Time taken for 'plugin worker 89385 code loading' 53.627375ms
[NX v22.6.1 Daemon Server] - 2026-03-22T09:53:32.908Z - Time taken for 'start-plugin-worker:nx/js/dependencies-and-lockfile' 88.15158299999894ms
[NX v22.6.1 Daemon Server] - 2026-03-22T09:53:32.908Z - Time taken for 'start-plugin-worker:nx/core/package-json' 87.14574999999604ms
[NX v22.6.1 Daemon Server] - 2026-03-22T09:53:32.908Z - Time taken for 'start-plugin-worker:nx/core/project-json' 86.62016600000788ms
Time taken for 'nx/core/project-json:createNodes' 0.35845799999999883ms
Time taken for 'nx/js/dependencies-and-lockfile:createNodes' 0.8429579999999959ms
[NX v22.6.1 Daemon Server] - 2026-03-22T09:53:32.918Z - Time taken for 'build-project-configs' 93.96808299999975ms
[NX v22.6.1 Daemon Server] - 2026-03-22T09:53:32.918Z - Time taken for 'createNodes:merge' 0.20145900000352412ms
[NX v22.6.1 Daemon Server] - 2026-03-22T09:53:32.918Z - Time taken for 'get-all-workspace-files' 1.3984159999963595ms
Time taken for 'build typescript dependencies' 0.04449999999999932ms
[NX v22.6.1 Daemon Server] - 2026-03-22T09:53:32.920Z - [SYNC]: collect registered sync generators
[NX v22.6.1 Daemon Server] - 2026-03-22T09:53:32.920Z - [SYNC]: project graph hash is the same, not collecting task sync generators
[NX v22.6.1 Daemon Server] - 2026-03-22T09:53:32.920Z - [SYNC]: nx.json hash is the same, not collecting global sync generators
[NX v22.6.1 Daemon Server] - 2026-03-22T09:53:32.920Z - Time taken for 'total execution time for createProjectGraph()' 4.257750000004307ms
[NX v22.6.1 Daemon Server] - 2026-03-22T09:53:32.920Z - Time taken for 'createDependencies' 2.876040999995894ms
[NX v22.6.1 Daemon Server] - 2026-03-22T09:53:32.921Z - Time taken for 'nx/js/dependencies-and-lockfile:createDependencies' 2.8524580000084825ms
[NX v22.6.1 Daemon Server] - 2026-03-22T09:53:32.921Z - Time taken for 'createMetadata' 0.007792000003973953ms
[NX v22.6.1 Daemon Server] - 2026-03-22T09:53:32.921Z - Time taken for 'serialize graph' 0.2520000000076834ms
[NX v22.6.1 Daemon Server] - 2026-03-22T09:53:48.113Z - [WATCHER]: 0 file(s) created or restored, 6 file(s) modified, 0 file(s) deleted
[NX v22.6.1 Daemon Server] - 2026-03-22T09:53:48.113Z - [SYNC]: clearing sync generators cache due to file changes
[NX v22.6.1 Daemon Server] - 2026-03-22T09:53:48.113Z - [WATCHER]: Processing file changes in outputs
[NX v22.6.1 Daemon Server] - 2026-03-22T09:53:48.169Z - [WATCHER]: 0 file(s) created or restored, 2 file(s) modified, 0 file(s) deleted
[NX v22.6.1 Daemon Server] - 2026-03-22T09:53:48.170Z - [SYNC]: clearing sync generators cache due to file changes
[NX v22.6.1 Daemon Server] - 2026-03-22T09:53:48.170Z - [WATCHER]: Processing file changes in outputs
[NX v22.6.1 Daemon Server] - 2026-03-22T09:53:48.318Z - [REQUEST]: Updated workspace context based on watched changes, recomputing project graph...
[NX v22.6.1 Daemon Server] - 2026-03-22T09:53:48.318Z - [REQUEST]: .gradle/buildOutputCleanup/buildOutputCleanup.lock,.gradle/9.4.1/checksums/checksums.lock,.gradle/9.4.1/executionHistory/executionHistory.lock,.gradle/buildOutputCleanup/outputFiles.bin,.gradle/9.4.1/fileChanges/last-build.bin,.gradle/9.4.1/fileHashes/fileHashes.lock
[NX v22.6.1 Daemon Server] - 2026-03-22T09:53:48.318Z - [REQUEST]: 
[NX v22.6.1 Daemon Server] - 2026-03-22T09:53:48.321Z - Time taken for 'hash changed files from watcher' 3.608874999990803ms
Time taken for 'plugin worker 89414 code loading' 53.877500000000005ms
Time taken for 'plugin worker 89413 code loading' 53.90716700000001ms
Time taken for 'plugin worker 89412 code loading' 53.056291ms
[NX v22.6.1 Daemon Server] - 2026-03-22T09:53:48.405Z - Time taken for 'start-plugin-worker:nx/js/dependencies-and-lockfile' 85.8842500000028ms
[NX v22.6.1 Daemon Server] - 2026-03-22T09:53:48.405Z - Time taken for 'start-plugin-worker:nx/core/package-json' 84.95541599999706ms
[NX v22.6.1 Daemon Server] - 2026-03-22T09:53:48.405Z - Time taken for 'start-plugin-worker:nx/core/project-json' 84.40924999999697ms
Time taken for 'nx/core/project-json:createNodes' 0.32024999999998727ms
Time taken for 'nx/js/dependencies-and-lockfile:createNodes' 0.8152079999999984ms
[NX v22.6.1 Daemon Server] - 2026-03-22T09:53:48.415Z - Time taken for 'build-project-configs' 91.53462500000023ms
[NX v22.6.1 Daemon Server] - 2026-03-22T09:53:48.415Z - Time taken for 'createNodes:merge' 0.18333400000119582ms
[NX v22.6.1 Daemon Server] - 2026-03-22T09:53:48.415Z - Time taken for 'get-all-workspace-files' 1.3991250000108266ms
Time taken for 'build typescript dependencies' 0.044165999999989936ms
[NX v22.6.1 Daemon Server] - 2026-03-22T09:53:48.418Z - [SYNC]: collect registered sync generators
[NX v22.6.1 Daemon Server] - 2026-03-22T09:53:48.418Z - [SYNC]: project graph hash is the same, not collecting task sync generators
[NX v22.6.1 Daemon Server] - 2026-03-22T09:53:48.418Z - [SYNC]: nx.json hash is the same, not collecting global sync generators
[NX v22.6.1 Daemon Server] - 2026-03-22T09:53:48.418Z - Time taken for 'total execution time for createProjectGraph()' 4.154499999989639ms
[NX v22.6.1 Daemon Server] - 2026-03-22T09:53:48.418Z - Time taken for 'createDependencies' 3.0806250000023283ms
[NX v22.6.1 Daemon Server] - 2026-03-22T09:53:48.418Z - Time taken for 'nx/js/dependencies-and-lockfile:createDependencies' 3.0557079999998678ms
[NX v22.6.1 Daemon Server] - 2026-03-22T09:53:48.418Z - Time taken for 'createMetadata' 0.00591599999461323ms
[NX v22.6.1 Daemon Server] - 2026-03-22T09:53:48.418Z - Time taken for 'serialize graph' 0.22720900000422262ms
[NX v22.6.1 Daemon Server] - 2026-03-22T09:53:49.654Z - [WATCHER]: 1 file(s) created or restored, 0 file(s) modified, 1 file(s) deleted
[NX v22.6.1 Daemon Server] - 2026-03-22T09:53:49.654Z - [SYNC]: clearing sync generators cache due to file changes
[NX v22.6.1 Daemon Server] - 2026-03-22T09:53:49.654Z - [WATCHER]: Processing file changes in outputs
[NX v22.6.1 Daemon Server] - 2026-03-22T09:53:49.758Z - [REQUEST]: Updated workspace context based on watched changes, recomputing project graph...
[NX v22.6.1 Daemon Server] - 2026-03-22T09:53:49.758Z - [REQUEST]: mise.toml
[NX v22.6.1 Daemon Server] - 2026-03-22T09:53:49.758Z - [REQUEST]: mise.toml.tmp.73736.1774173229591
[NX v22.6.1 Daemon Server] - 2026-03-22T09:53:49.761Z - Time taken for 'hash changed files from watcher' 2.634790999989491ms
Time taken for 'plugin worker 89420 code loading' 50.051624999999994ms
Time taken for 'plugin worker 89419 code loading' 49.725083ms
Time taken for 'plugin worker 89418 code loading' 49.563334ms
[NX v22.6.1 Daemon Server] - 2026-03-22T09:53:49.845Z - Time taken for 'start-plugin-worker:nx/js/dependencies-and-lockfile' 85.50433399999747ms
[NX v22.6.1 Daemon Server] - 2026-03-22T09:53:49.845Z - Time taken for 'start-plugin-worker:nx/core/package-json' 84.67916600000171ms
[NX v22.6.1 Daemon Server] - 2026-03-22T09:53:49.845Z - Time taken for 'start-plugin-worker:nx/core/project-json' 84.23529199999757ms
Time taken for 'nx/core/project-json:createNodes' 0.32116700000000264ms
Time taken for 'nx/js/dependencies-and-lockfile:createNodes' 0.7793339999999915ms
[NX v22.6.1 Daemon Server] - 2026-03-22T09:53:49.855Z - Time taken for 'build-project-configs' 90.89916699999594ms
[NX v22.6.1 Daemon Server] - 2026-03-22T09:53:49.855Z - Time taken for 'createNodes:merge' 0.17712500000197906ms
[NX v22.6.1 Daemon Server] - 2026-03-22T09:53:49.855Z - Time taken for 'get-all-workspace-files' 1.3728750000009313ms
Time taken for 'build typescript dependencies' 0.04141599999999812ms
[NX v22.6.1 Daemon Server] - 2026-03-22T09:53:49.860Z - [SYNC]: collect registered sync generators
[NX v22.6.1 Daemon Server] - 2026-03-22T09:53:49.860Z - [SYNC]: project graph hash is the same, not collecting task sync generators
[NX v22.6.1 Daemon Server] - 2026-03-22T09:53:49.860Z - [SYNC]: nx.json hash is the same, not collecting global sync generators
[NX v22.6.1 Daemon Server] - 2026-03-22T09:53:49.860Z - Time taken for 'total execution time for createProjectGraph()' 6.540833000006387ms
[NX v22.6.1 Daemon Server] - 2026-03-22T09:53:49.860Z - Time taken for 'createDependencies' 5.2696670000004815ms
[NX v22.6.1 Daemon Server] - 2026-03-22T09:53:49.860Z - Time taken for 'nx/js/dependencies-and-lockfile:createDependencies' 5.225124999997206ms
[NX v22.6.1 Daemon Server] - 2026-03-22T09:53:49.860Z - Time taken for 'createMetadata' 0.009707999997772276ms
[NX v22.6.1 Daemon Server] - 2026-03-22T09:53:49.860Z - Time taken for 'serialize graph' 0.2237920000043232ms
[NX v22.6.1 Daemon Server] - 2026-03-22T09:54:19.189Z - [WATCHER]: Processing file changes in outputs
[NX v22.6.1 Daemon Server] - 2026-03-22T09:54:19.189Z - [WATCHER]: payments/payments-service/src/main/java/com/gothamfinancial/payments/service/Application.java was modified
[NX v22.6.1 Daemon Server] - 2026-03-22T09:54:19.189Z - [SYNC]: clearing sync generators cache due to file changes
[NX v22.6.1 Daemon Server] - 2026-03-22T09:54:19.392Z - [REQUEST]: Updated workspace context based on watched changes, recomputing project graph...
[NX v22.6.1 Daemon Server] - 2026-03-22T09:54:19.392Z - [REQUEST]: payments/payments-service/src/main/java/com/gothamfinancial/payments/service/Application.java
[NX v22.6.1 Daemon Server] - 2026-03-22T09:54:19.392Z - [REQUEST]: 
[NX v22.6.1 Daemon Server] - 2026-03-22T09:54:19.395Z - Time taken for 'hash changed files from watcher' 2.349958000006154ms
Time taken for 'plugin worker 89440 code loading' 51.537124999999996ms
Time taken for 'plugin worker 89442 code loading' 51.355458ms
Time taken for 'plugin worker 89441 code loading' 51.572583ms
[NX v22.6.1 Daemon Server] - 2026-03-22T09:54:19.469Z - Time taken for 'start-plugin-worker:nx/js/dependencies-and-lockfile' 75.65841699999874ms
[NX v22.6.1 Daemon Server] - 2026-03-22T09:54:19.469Z - Time taken for 'start-plugin-worker:nx/core/package-json' 74.92720800000825ms
[NX v22.6.1 Daemon Server] - 2026-03-22T09:54:19.469Z - Time taken for 'start-plugin-worker:nx/core/project-json' 74.55604100000346ms
Time taken for 'nx/core/project-json:createNodes' 0.3664579999999944ms
Time taken for 'nx/js/dependencies-and-lockfile:createNodes' 0.7956659999999971ms
[NX v22.6.1 Daemon Server] - 2026-03-22T09:54:19.479Z - Time taken for 'build-project-configs' 81.3741250000021ms
[NX v22.6.1 Daemon Server] - 2026-03-22T09:54:19.479Z - Time taken for 'createNodes:merge' 0.2222920000203885ms
[NX v22.6.1 Daemon Server] - 2026-03-22T09:54:19.479Z - Time taken for 'get-all-workspace-files' 1.7209169999987353ms
Time taken for 'build typescript dependencies' 0.033375000000006594ms
[NX v22.6.1 Daemon Server] - 2026-03-22T09:54:19.482Z - [SYNC]: collect registered sync generators
[NX v22.6.1 Daemon Server] - 2026-03-22T09:54:19.482Z - [SYNC]: project graph hash is the same, not collecting task sync generators
[NX v22.6.1 Daemon Server] - 2026-03-22T09:54:19.482Z - [SYNC]: nx.json hash is the same, not collecting global sync generators
[NX v22.6.1 Daemon Server] - 2026-03-22T09:54:19.482Z - Time taken for 'total execution time for createProjectGraph()' 4.048332999984268ms
[NX v22.6.1 Daemon Server] - 2026-03-22T09:54:19.482Z - Time taken for 'createDependencies' 2.6914160000160336ms
[NX v22.6.1 Daemon Server] - 2026-03-22T09:54:19.482Z - Time taken for 'nx/js/dependencies-and-lockfile:createDependencies' 2.66883300000336ms
[NX v22.6.1 Daemon Server] - 2026-03-22T09:54:19.482Z - Time taken for 'createMetadata' 0.01741599998786114ms
[NX v22.6.1 Daemon Server] - 2026-03-22T09:54:19.482Z - Time taken for 'serialize graph' 0.26804100000299513ms
[NX v22.6.1 Daemon Server] - 2026-03-22T09:54:20.184Z - [WATCHER]: 0 file(s) created or restored, 4 file(s) modified, 0 file(s) deleted
[NX v22.6.1 Daemon Server] - 2026-03-22T09:54:20.184Z - [SYNC]: clearing sync generators cache due to file changes
[NX v22.6.1 Daemon Server] - 2026-03-22T09:54:20.184Z - [WATCHER]: Processing file changes in outputs
[NX v22.6.1 Daemon Server] - 2026-03-22T09:54:20.238Z - [WATCHER]: 1 file(s) created or restored, 8 file(s) modified, 1 file(s) deleted
[NX v22.6.1 Daemon Server] - 2026-03-22T09:54:20.239Z - [SYNC]: clearing sync generators cache due to file changes
[NX v22.6.1 Daemon Server] - 2026-03-22T09:54:20.239Z - [WATCHER]: Processing file changes in outputs
[NX v22.6.1 Daemon Server] - 2026-03-22T09:54:20.589Z - [REQUEST]: Updated workspace context based on watched changes, recomputing project graph...
[NX v22.6.1 Daemon Server] - 2026-03-22T09:54:20.589Z - [REQUEST]: .gradle/9.4.1/fileHashes/fileHashes.lock,.gradle/9.4.1/checksums/checksums.lock,.gradle/buildOutputCleanup/buildOutputCleanup.lock,.gradle/9.4.1/executionHistory/executionHistory.lock,build/reports/problems/problems-report.html,.gradle/9.4.1/fileChanges/last-build.bin,.gradle/buildOutputCleanup/outputFiles.bin,.gradle/9.4.1/fileHashes/fileHashes.bin,.gradle/9.4.1/fileHashes/resourceHashesCache.bin
[NX v22.6.1 Daemon Server] - 2026-03-22T09:54:20.589Z - [REQUEST]: payments/payments-service/build/tmp/compileJava/compileTransaction/stash-dir/Application.class.uniqueId0
[NX v22.6.1 Daemon Server] - 2026-03-22T09:54:20.592Z - Time taken for 'hash changed files from watcher' 3.153666999976849ms
Time taken for 'plugin worker 89459 code loading' 46.46870800000001ms
Time taken for 'plugin worker 89460 code loading' 47.998791ms
Time taken for 'plugin worker 89461 code loading' 48.370791ms
[NX v22.6.1 Daemon Server] - 2026-03-22T09:54:20.666Z - Time taken for 'start-plugin-worker:nx/js/dependencies-and-lockfile' 75.65508400002727ms
[NX v22.6.1 Daemon Server] - 2026-03-22T09:54:20.666Z - Time taken for 'start-plugin-worker:nx/core/package-json' 74.9375ms
[NX v22.6.1 Daemon Server] - 2026-03-22T09:54:20.666Z - Time taken for 'start-plugin-worker:nx/core/project-json' 74.52775000000838ms
Time taken for 'nx/core/project-json:createNodes' 0.3089160000000106ms
Time taken for 'nx/js/dependencies-and-lockfile:createNodes' 0.7846250000000055ms
[NX v22.6.1 Daemon Server] - 2026-03-22T09:54:20.675Z - Time taken for 'build-project-configs' 80.90666599999531ms
[NX v22.6.1 Daemon Server] - 2026-03-22T09:54:20.675Z - Time taken for 'createNodes:merge' 0.1627499999885913ms
[NX v22.6.1 Daemon Server] - 2026-03-22T09:54:20.675Z - Time taken for 'get-all-workspace-files' 1.1457920000248123ms
Time taken for 'build typescript dependencies' 0.04033300000000395ms
[NX v22.6.1 Daemon Server] - 2026-03-22T09:54:20.677Z - [SYNC]: collect registered sync generators
[NX v22.6.1 Daemon Server] - 2026-03-22T09:54:20.678Z - [SYNC]: project graph hash is the same, not collecting task sync generators
[NX v22.6.1 Daemon Server] - 2026-03-22T09:54:20.678Z - [SYNC]: nx.json hash is the same, not collecting global sync generators
[NX v22.6.1 Daemon Server] - 2026-03-22T09:54:20.678Z - Time taken for 'total execution time for createProjectGraph()' 3.888959000003524ms
[NX v22.6.1 Daemon Server] - 2026-03-22T09:54:20.678Z - Time taken for 'createDependencies' 2.8985830000019632ms
[NX v22.6.1 Daemon Server] - 2026-03-22T09:54:20.678Z - Time taken for 'nx/js/dependencies-and-lockfile:createDependencies' 2.8723750000062864ms
[NX v22.6.1 Daemon Server] - 2026-03-22T09:54:20.678Z - Time taken for 'createMetadata' 0.005499999999301508ms
[NX v22.6.1 Daemon Server] - 2026-03-22T09:54:20.678Z - Time taken for 'serialize graph' 0.20412500001839362ms
[NX v22.6.1 Daemon Server] - 2026-03-22T09:54:29.856Z - [WATCHER]: payments/payments-library/src/main/java/com/gothamfinancial/payments/TransactionProcessor.java was modified
[NX v22.6.1 Daemon Server] - 2026-03-22T09:54:29.856Z - [SYNC]: clearing sync generators cache due to file changes
[NX v22.6.1 Daemon Server] - 2026-03-22T09:54:29.856Z - [WATCHER]: Processing file changes in outputs
[NX v22.6.1 Daemon Server] - 2026-03-22T09:54:30.060Z - [REQUEST]: Updated workspace context based on watched changes, recomputing project graph...
[NX v22.6.1 Daemon Server] - 2026-03-22T09:54:30.060Z - [REQUEST]: payments/payments-library/src/main/java/com/gothamfinancial/payments/TransactionProcessor.java
[NX v22.6.1 Daemon Server] - 2026-03-22T09:54:30.060Z - [REQUEST]: 
[NX v22.6.1 Daemon Server] - 2026-03-22T09:54:30.063Z - Time taken for 'hash changed files from watcher' 3.7131660000013653ms
Time taken for 'plugin worker 89483 code loading' 56.17254199999999ms
Time taken for 'plugin worker 89481 code loading' 56.50304199999999ms
Time taken for 'plugin worker 89482 code loading' 57.626583ms
[NX v22.6.1 Daemon Server] - 2026-03-22T09:54:30.150Z - Time taken for 'start-plugin-worker:nx/js/dependencies-and-lockfile' 89.05083399999421ms
[NX v22.6.1 Daemon Server] - 2026-03-22T09:54:30.150Z - Time taken for 'start-plugin-worker:nx/core/package-json' 88.19104099998367ms
[NX v22.6.1 Daemon Server] - 2026-03-22T09:54:30.150Z - Time taken for 'start-plugin-worker:nx/core/project-json' 87.62525000001187ms
Time taken for 'nx/core/project-json:createNodes' 0.34375ms
Time taken for 'nx/js/dependencies-and-lockfile:createNodes' 0.9437499999999943ms
[NX v22.6.1 Daemon Server] - 2026-03-22T09:54:30.160Z - Time taken for 'build-project-configs' 94.82820899999933ms
[NX v22.6.1 Daemon Server] - 2026-03-22T09:54:30.160Z - Time taken for 'createNodes:merge' 0.1845409999950789ms
[NX v22.6.1 Daemon Server] - 2026-03-22T09:54:30.160Z - Time taken for 'get-all-workspace-files' 1.1616670000075828ms
Time taken for 'build typescript dependencies' 0.038916000000000395ms
[NX v22.6.1 Daemon Server] - 2026-03-22T09:54:30.163Z - [SYNC]: collect registered sync generators
[NX v22.6.1 Daemon Server] - 2026-03-22T09:54:30.163Z - [SYNC]: project graph hash is the same, not collecting task sync generators
[NX v22.6.1 Daemon Server] - 2026-03-22T09:54:30.163Z - [SYNC]: nx.json hash is the same, not collecting global sync generators
[NX v22.6.1 Daemon Server] - 2026-03-22T09:54:30.163Z - Time taken for 'total execution time for createProjectGraph()' 4.145542000012938ms
[NX v22.6.1 Daemon Server] - 2026-03-22T09:54:30.163Z - Time taken for 'createDependencies' 2.987750000000233ms
[NX v22.6.1 Daemon Server] - 2026-03-22T09:54:30.163Z - Time taken for 'nx/js/dependencies-and-lockfile:createDependencies' 2.9686670000082813ms
[NX v22.6.1 Daemon Server] - 2026-03-22T09:54:30.163Z - Time taken for 'createMetadata' 0.004541999980574474ms
[NX v22.6.1 Daemon Server] - 2026-03-22T09:54:30.163Z - Time taken for 'serialize graph' 0.20504200001596473ms
[NX v22.6.1 Daemon Server] - 2026-03-22T09:54:35.255Z - [WATCHER]: 0 file(s) created or restored, 5 file(s) modified, 0 file(s) deleted
[NX v22.6.1 Daemon Server] - 2026-03-22T09:54:35.255Z - [SYNC]: clearing sync generators cache due to file changes
[NX v22.6.1 Daemon Server] - 2026-03-22T09:54:35.255Z - [WATCHER]: Processing file changes in outputs
[NX v22.6.1 Daemon Server] - 2026-03-22T09:54:35.312Z - [WATCHER]: Processing file changes in outputs
[NX v22.6.1 Daemon Server] - 2026-03-22T09:54:35.312Z - [WATCHER]: 1 file(s) created or restored, 8 file(s) modified, 1 file(s) deleted
[NX v22.6.1 Daemon Server] - 2026-03-22T09:54:35.312Z - [SYNC]: clearing sync generators cache due to file changes
[NX v22.6.1 Daemon Server] - 2026-03-22T09:54:35.659Z - [REQUEST]: Updated workspace context based on watched changes, recomputing project graph...
[NX v22.6.1 Daemon Server] - 2026-03-22T09:54:35.659Z - [REQUEST]: .gradle/buildOutputCleanup/buildOutputCleanup.lock,.gradle/9.4.1/checksums/checksums.lock,.gradle/9.4.1/fileHashes/resourceHashesCache.bin,.gradle/9.4.1/fileHashes/fileHashes.lock,.gradle/9.4.1/executionHistory/executionHistory.lock,build/reports/problems/problems-report.html,.gradle/9.4.1/fileHashes/fileHashes.bin,.gradle/buildOutputCleanup/outputFiles.bin,.gradle/9.4.1/fileChanges/last-build.bin
[NX v22.6.1 Daemon Server] - 2026-03-22T09:54:35.659Z - [REQUEST]: payments/payments-library/build/tmp/compileJava/compileTransaction/stash-dir/TransactionProcessor.class.uniqueId0
[NX v22.6.1 Daemon Server] - 2026-03-22T09:54:35.661Z - Time taken for 'hash changed files from watcher' 2.2068750000034925ms
Time taken for 'plugin worker 89510 code loading' 48.270624999999995ms
Time taken for 'plugin worker 89511 code loading' 48.271042ms
Time taken for 'plugin worker 89509 code loading' 48.47875ms
[NX v22.6.1 Daemon Server] - 2026-03-22T09:54:35.734Z - Time taken for 'start-plugin-worker:nx/js/dependencies-and-lockfile' 73.53479199999128ms
[NX v22.6.1 Daemon Server] - 2026-03-22T09:54:35.734Z - Time taken for 'start-plugin-worker:nx/core/package-json' 72.9326670000155ms
[NX v22.6.1 Daemon Server] - 2026-03-22T09:54:35.734Z - Time taken for 'start-plugin-worker:nx/core/project-json' 72.62470899999607ms
Time taken for 'nx/core/project-json:createNodes' 0.34637499999999477ms
Time taken for 'nx/js/dependencies-and-lockfile:createNodes' 0.7724580000000003ms
[NX v22.6.1 Daemon Server] - 2026-03-22T09:54:35.743Z - Time taken for 'build-project-configs' 78.95516700000735ms
[NX v22.6.1 Daemon Server] - 2026-03-22T09:54:35.743Z - Time taken for 'createNodes:merge' 0.19079100000089966ms
[NX v22.6.1 Daemon Server] - 2026-03-22T09:54:35.743Z - Time taken for 'get-all-workspace-files' 1.2501249999913853ms
Time taken for 'build typescript dependencies' 0.03958400000000495ms
[NX v22.6.1 Daemon Server] - 2026-03-22T09:54:35.745Z - [SYNC]: collect registered sync generators
[NX v22.6.1 Daemon Server] - 2026-03-22T09:54:35.745Z - [SYNC]: project graph hash is the same, not collecting task sync generators
[NX v22.6.1 Daemon Server] - 2026-03-22T09:54:35.745Z - [SYNC]: nx.json hash is the same, not collecting global sync generators
[NX v22.6.1 Daemon Server] - 2026-03-22T09:54:35.745Z - Time taken for 'total execution time for createProjectGraph()' 3.8014170000096783ms
[NX v22.6.1 Daemon Server] - 2026-03-22T09:54:35.745Z - Time taken for 'createDependencies' 2.8140829999756534ms
[NX v22.6.1 Daemon Server] - 2026-03-22T09:54:35.745Z - Time taken for 'nx/js/dependencies-and-lockfile:createDependencies' 2.7941670000145677ms
[NX v22.6.1 Daemon Server] - 2026-03-22T09:54:35.745Z - Time taken for 'createMetadata' 0.005124999996041879ms
[NX v22.6.1 Daemon Server] - 2026-03-22T09:54:35.745Z - Time taken for 'serialize graph' 0.2167499999923166ms
[NX v22.6.1 Daemon Server] - 2026-03-22T09:54:59.457Z - [WATCHER]: payments/payments-library/src/main/java/com/gothamfinancial/payments/TransactionProcessor.java was modified
[NX v22.6.1 Daemon Server] - 2026-03-22T09:54:59.457Z - [SYNC]: clearing sync generators cache due to file changes
[NX v22.6.1 Daemon Server] - 2026-03-22T09:54:59.457Z - [WATCHER]: Processing file changes in outputs
[NX v22.6.1 Daemon Server] - 2026-03-22T09:54:59.659Z - [REQUEST]: Updated workspace context based on watched changes, recomputing project graph...
[NX v22.6.1 Daemon Server] - 2026-03-22T09:54:59.659Z - [REQUEST]: payments/payments-library/src/main/java/com/gothamfinancial/payments/TransactionProcessor.java
[NX v22.6.1 Daemon Server] - 2026-03-22T09:54:59.659Z - [REQUEST]: 
[NX v22.6.1 Daemon Server] - 2026-03-22T09:54:59.662Z - Time taken for 'hash changed files from watcher' 2.1387500000128057ms
Time taken for 'plugin worker 89521 code loading' 48.985541999999995ms
Time taken for 'plugin worker 89519 code loading' 49.92275ms
Time taken for 'plugin worker 89520 code loading' 50.09575ms
[NX v22.6.1 Daemon Server] - 2026-03-22T09:54:59.737Z - Time taken for 'start-plugin-worker:nx/js/dependencies-and-lockfile' 76.57758300000569ms
[NX v22.6.1 Daemon Server] - 2026-03-22T09:54:59.737Z - Time taken for 'start-plugin-worker:nx/core/package-json' 75.90279100000043ms
[NX v22.6.1 Daemon Server] - 2026-03-22T09:54:59.737Z - Time taken for 'start-plugin-worker:nx/core/project-json' 75.50787499998114ms
Time taken for 'nx/core/project-json:createNodes' 0.332917000000009ms
Time taken for 'nx/js/dependencies-and-lockfile:createNodes' 0.9450420000000008ms
[NX v22.6.1 Daemon Server] - 2026-03-22T09:54:59.747Z - Time taken for 'build-project-configs' 82.46720899999491ms
[NX v22.6.1 Daemon Server] - 2026-03-22T09:54:59.747Z - Time taken for 'createNodes:merge' 0.22187499998835847ms
[NX v22.6.1 Daemon Server] - 2026-03-22T09:54:59.747Z - Time taken for 'get-all-workspace-files' 1.2512080000014976ms
Time taken for 'build typescript dependencies' 0.04316700000001106ms
[NX v22.6.1 Daemon Server] - 2026-03-22T09:54:59.750Z - [SYNC]: collect registered sync generators
[NX v22.6.1 Daemon Server] - 2026-03-22T09:54:59.750Z - [SYNC]: project graph hash is the same, not collecting task sync generators
[NX v22.6.1 Daemon Server] - 2026-03-22T09:54:59.750Z - [SYNC]: nx.json hash is the same, not collecting global sync generators
[NX v22.6.1 Daemon Server] - 2026-03-22T09:54:59.750Z - Time taken for 'total execution time for createProjectGraph()' 4.118207999999868ms
[NX v22.6.1 Daemon Server] - 2026-03-22T09:54:59.750Z - Time taken for 'createDependencies' 2.860292000026675ms
[NX v22.6.1 Daemon Server] - 2026-03-22T09:54:59.750Z - Time taken for 'nx/js/dependencies-and-lockfile:createDependencies' 2.834000000002561ms
[NX v22.6.1 Daemon Server] - 2026-03-22T09:54:59.750Z - Time taken for 'createMetadata' 0.006958000012673438ms
[NX v22.6.1 Daemon Server] - 2026-03-22T09:54:59.750Z - Time taken for 'serialize graph' 0.27350000001024455ms
[NX v22.6.1 Daemon Server] - 2026-03-22T09:55:00.831Z - [WATCHER]: Processing file changes in outputs
[NX v22.6.1 Daemon Server] - 2026-03-22T09:55:02.978Z - [WATCHER]: payments/payments-service/src/main/java/com/gothamfinancial/payments/service/Application.java was modified
[NX v22.6.1 Daemon Server] - 2026-03-22T09:55:02.978Z - [SYNC]: clearing sync generators cache due to file changes
[NX v22.6.1 Daemon Server] - 2026-03-22T09:55:02.978Z - [WATCHER]: Processing file changes in outputs
[NX v22.6.1 Daemon Server] - 2026-03-22T09:55:03.384Z - [REQUEST]: Updated workspace context based on watched changes, recomputing project graph...
[NX v22.6.1 Daemon Server] - 2026-03-22T09:55:03.384Z - [REQUEST]: payments/payments-service/src/main/java/com/gothamfinancial/payments/service/Application.java
[NX v22.6.1 Daemon Server] - 2026-03-22T09:55:03.384Z - [REQUEST]: 
[NX v22.6.1 Daemon Server] - 2026-03-22T09:55:03.387Z - Time taken for 'hash changed files from watcher' 3.810291000001598ms
Time taken for 'plugin worker 89538 code loading' 56.650041ms
Time taken for 'plugin worker 89537 code loading' 55.756333000000005ms
Time taken for 'plugin worker 89539 code loading' 57.011125ms
[NX v22.6.1 Daemon Server] - 2026-03-22T09:55:03.483Z - Time taken for 'start-plugin-worker:nx/js/dependencies-and-lockfile' 97.29041600000346ms
[NX v22.6.1 Daemon Server] - 2026-03-22T09:55:03.483Z - Time taken for 'start-plugin-worker:nx/core/package-json' 96.33374999999069ms
[NX v22.6.1 Daemon Server] - 2026-03-22T09:55:03.483Z - Time taken for 'start-plugin-worker:nx/core/project-json' 95.82783299998846ms
Time taken for 'nx/core/project-json:createNodes' 0.404207999999997ms
Time taken for 'nx/js/dependencies-and-lockfile:createNodes' 0.8360840000000138ms
[NX v22.6.1 Daemon Server] - 2026-03-22T09:55:03.493Z - Time taken for 'build-project-configs' 103.3817080000008ms
[NX v22.6.1 Daemon Server] - 2026-03-22T09:55:03.493Z - Time taken for 'createNodes:merge' 0.18883400000049733ms
[NX v22.6.1 Daemon Server] - 2026-03-22T09:55:03.493Z - Time taken for 'get-all-workspace-files' 1.445000000006985ms
Time taken for 'build typescript dependencies' 0.05345799999999201ms
[NX v22.6.1 Daemon Server] - 2026-03-22T09:55:03.496Z - [SYNC]: collect registered sync generators
[NX v22.6.1 Daemon Server] - 2026-03-22T09:55:03.497Z - [SYNC]: project graph hash is the same, not collecting task sync generators
[NX v22.6.1 Daemon Server] - 2026-03-22T09:55:03.497Z - [SYNC]: nx.json hash is the same, not collecting global sync generators
[NX v22.6.1 Daemon Server] - 2026-03-22T09:55:03.497Z - Time taken for 'total execution time for createProjectGraph()' 5.247625000018161ms
[NX v22.6.1 Daemon Server] - 2026-03-22T09:55:03.497Z - Time taken for 'createDependencies' 3.949125000013737ms
[NX v22.6.1 Daemon Server] - 2026-03-22T09:55:03.497Z - Time taken for 'nx/js/dependencies-and-lockfile:createDependencies' 3.921375000005355ms
[NX v22.6.1 Daemon Server] - 2026-03-22T09:55:03.497Z - Time taken for 'createMetadata' 0.006750000000465661ms
[NX v22.6.1 Daemon Server] - 2026-03-22T09:55:03.497Z - Time taken for 'serialize graph' 0.2650839999841992ms
[NX v22.6.1 Daemon Server] - 2026-03-22T09:55:03.531Z - [WATCHER]: Processing file changes in outputs
[NX v22.6.1 Daemon Server] - 2026-03-22T09:55:05.258Z - [WATCHER]: 0 file(s) created or restored, 4 file(s) modified, 0 file(s) deleted
[NX v22.6.1 Daemon Server] - 2026-03-22T09:55:05.258Z - [SYNC]: clearing sync generators cache due to file changes
[NX v22.6.1 Daemon Server] - 2026-03-22T09:55:05.258Z - [WATCHER]: Processing file changes in outputs
[NX v22.6.1 Daemon Server] - 2026-03-22T09:55:05.316Z - [WATCHER]: 0 file(s) created or restored, 7 file(s) modified, 0 file(s) deleted
[NX v22.6.1 Daemon Server] - 2026-03-22T09:55:05.316Z - [SYNC]: clearing sync generators cache due to file changes
[NX v22.6.1 Daemon Server] - 2026-03-22T09:55:05.316Z - [WATCHER]: Processing file changes in outputs
[NX v22.6.1 Daemon Server] - 2026-03-22T09:55:06.064Z - [REQUEST]: Updated workspace context based on watched changes, recomputing project graph...
[NX v22.6.1 Daemon Server] - 2026-03-22T09:55:06.064Z - [REQUEST]: .gradle/9.4.1/checksums/checksums.lock,.gradle/9.4.1/fileHashes/fileHashes.lock,.gradle/buildOutputCleanup/buildOutputCleanup.lock,.gradle/9.4.1/executionHistory/executionHistory.lock,.gradle/buildOutputCleanup/outputFiles.bin,.gradle/9.4.1/fileChanges/last-build.bin,.gradle/9.4.1/fileHashes/fileHashes.bin
[NX v22.6.1 Daemon Server] - 2026-03-22T09:55:06.064Z - [REQUEST]: 
[NX v22.6.1 Daemon Server] - 2026-03-22T09:55:06.070Z - Time taken for 'hash changed files from watcher' 4.706084000004921ms
Time taken for 'plugin worker 89562 code loading' 55.864791999999994ms
Time taken for 'plugin worker 89561 code loading' 55.673209ms
Time taken for 'plugin worker 89560 code loading' 55.546375ms
[NX v22.6.1 Daemon Server] - 2026-03-22T09:55:06.167Z - Time taken for 'start-plugin-worker:nx/js/dependencies-and-lockfile' 99.96691699998337ms
[NX v22.6.1 Daemon Server] - 2026-03-22T09:55:06.167Z - Time taken for 'start-plugin-worker:nx/core/package-json' 98.16987499999232ms
[NX v22.6.1 Daemon Server] - 2026-03-22T09:55:06.167Z - Time taken for 'start-plugin-worker:nx/core/project-json' 97.23058299999684ms
Time taken for 'nx/core/project-json:createNodes' 0.34233300000001066ms
Time taken for 'nx/js/dependencies-and-lockfile:createNodes' 0.7805829999999929ms
[NX v22.6.1 Daemon Server] - 2026-03-22T09:55:06.176Z - Time taken for 'build-project-configs' 105.60704099998111ms
[NX v22.6.1 Daemon Server] - 2026-03-22T09:55:06.176Z - Time taken for 'createNodes:merge' 0.17145900000468828ms
[NX v22.6.1 Daemon Server] - 2026-03-22T09:55:06.176Z - Time taken for 'get-all-workspace-files' 1.2180419999931473ms
Time taken for 'build typescript dependencies' 0.04375000000000284ms
[NX v22.6.1 Daemon Server] - 2026-03-22T09:55:06.179Z - [SYNC]: collect registered sync generators
[NX v22.6.1 Daemon Server] - 2026-03-22T09:55:06.179Z - [SYNC]: project graph hash is the same, not collecting task sync generators
[NX v22.6.1 Daemon Server] - 2026-03-22T09:55:06.179Z - [SYNC]: nx.json hash is the same, not collecting global sync generators
[NX v22.6.1 Daemon Server] - 2026-03-22T09:55:06.179Z - Time taken for 'total execution time for createProjectGraph()' 4.492041999998037ms
[NX v22.6.1 Daemon Server] - 2026-03-22T09:55:06.179Z - Time taken for 'createDependencies' 3.344542000006186ms
[NX v22.6.1 Daemon Server] - 2026-03-22T09:55:06.179Z - Time taken for 'nx/js/dependencies-and-lockfile:createDependencies' 3.3245830000087153ms
[NX v22.6.1 Daemon Server] - 2026-03-22T09:55:06.179Z - Time taken for 'createMetadata' 0.005291999987093732ms
[NX v22.6.1 Daemon Server] - 2026-03-22T09:55:06.179Z - Time taken for 'serialize graph' 0.23862499999813735ms
[NX v22.6.1 Daemon Server] - 2026-03-22T09:55:12.287Z - Established a connection. Number of open connections: 1
[NX v22.6.1 Daemon Server] - 2026-03-22T09:55:12.288Z - Closed a connection. Number of open connections: 0
[NX v22.6.1 Daemon Server] - 2026-03-22T09:55:12.288Z - Established a connection. Number of open connections: 1
[NX v22.6.1 Daemon Server] - 2026-03-22T09:55:12.288Z - Closed a connection. Number of open connections: 0
[NX v22.6.1 Daemon Server] - 2026-03-22T09:55:12.288Z - Established a connection. Number of open connections: 1
[NX v22.6.1 Daemon Client] - 2026-03-22T09:55:12.288Z - [Messenger] Setting up socket listeners
[NX v22.6.1 Daemon Client] - 2026-03-22T09:55:12.288Z - [Messenger] listen() complete
[NX v22.6.1 Daemon Client] - 2026-03-22T09:55:12.289Z - [Messenger] Sending message type: GET_NX_CONSOLE_STATUS
[NX v22.6.1 Daemon Client] - 2026-03-22T09:55:12.289Z - [Messenger] Message sent
[NX v22.6.1 Daemon Server] - 2026-03-22T09:55:12.293Z - Received raw message of length 32
[NX v22.6.1 Daemon Server] - 2026-03-22T09:55:12.293Z - Received json message of type GET_NX_CONSOLE_STATUS
[NX v22.6.1 Daemon Server] - 2026-03-22T09:55:12.294Z - Serializing response for GET_NX_CONSOLE_STATUS message in json mode
[NX v22.6.1 Daemon Server] - 2026-03-22T09:55:12.294Z - Responding to GET_NX_CONSOLE_STATUS message
[NX v22.6.1 Daemon Server] - 2026-03-22T09:55:12.294Z - [REQUEST]: Responding to the client. handleGetNxConsoleStatus
[NX v22.6.1 Daemon Server] - 2026-03-22T09:55:12.294Z - Done responding to the client handleGetNxConsoleStatus
[NX v22.6.1 Daemon Server] - 2026-03-22T09:55:12.294Z - Handled json message GET_NX_CONSOLE_STATUS. Handling time: 0. Response time: 0.
[NX v22.6.1 Daemon Client] - 2026-03-22T09:55:12.294Z - [Messenger] Received message, length: 22
[NX v22.6.1 Daemon Client] - 2026-03-22T09:55:12.309Z - [Messenger] Sending message type: REQUEST_PROJECT_GRAPH
[NX v22.6.1 Daemon Client] - 2026-03-22T09:55:12.309Z - [Messenger] Message sent
[NX v22.6.1 Daemon Server] - 2026-03-22T09:55:12.309Z - Received raw message of length 32
[NX v22.6.1 Daemon Server] - 2026-03-22T09:55:12.309Z - Received json message of type REQUEST_PROJECT_GRAPH
[NX v22.6.1 Daemon Server] - 2026-03-22T09:55:12.309Z - [REQUEST]: Client Request for Project Graph Received
[NX v22.6.1 Daemon Server] - 2026-03-22T09:55:12.309Z - Reusing in-memory cached project graph because no files changed.
[NX v22.6.1 Daemon Server] - 2026-03-22T09:55:12.309Z - Serializing response for REQUEST_PROJECT_GRAPH message in json mode
[NX v22.6.1 Daemon Server] - 2026-03-22T09:55:12.309Z - Responding to REQUEST_PROJECT_GRAPH message
[NX v22.6.1 Daemon Server] - 2026-03-22T09:55:12.309Z - [REQUEST]: Responding to the client. project-graph
[NX v22.6.1 Daemon Server] - 2026-03-22T09:55:12.309Z - Time taken for 'total for creating and serializing project graph' 0.08400000000256114ms
[NX v22.6.1 Daemon Server] - 2026-03-22T09:55:12.310Z - Done responding to the client project-graph
[NX v22.6.1 Daemon Server] - 2026-03-22T09:55:12.310Z - Handled json message REQUEST_PROJECT_GRAPH. Handling time: 0. Response time: 1.
[NX v22.6.1 Daemon Client] - 2026-03-22T09:55:12.310Z - [Messenger] Received message, length: 135169
[NX v22.6.1 Daemon Client] - 2026-03-22T09:55:12.311Z - [Messenger] Sending message type: PRE_TASKS_EXECUTION
[NX v22.6.1 Daemon Server] - 2026-03-22T09:55:12.311Z - Received raw message of length 564
[NX v22.6.1 Daemon Client] - 2026-03-22T09:55:12.311Z - [Messenger] Message sent
[NX v22.6.1 Daemon Server] - 2026-03-22T09:55:12.311Z - Received json message of type PRE_TASKS_EXECUTION
[NX v22.6.1 Daemon Server] - 2026-03-22T09:55:12.311Z - Serializing response for PRE_TASKS_EXECUTION message in json mode
[NX v22.6.1 Daemon Server] - 2026-03-22T09:55:12.311Z - Responding to PRE_TASKS_EXECUTION message
[NX v22.6.1 Daemon Server] - 2026-03-22T09:55:12.311Z - [REQUEST]: Responding to the client. handleRunPreTasksExecution
[NX v22.6.1 Daemon Server] - 2026-03-22T09:55:12.311Z - Done responding to the client handleRunPreTasksExecution
[NX v22.6.1 Daemon Server] - 2026-03-22T09:55:12.311Z - Handled json message PRE_TASKS_EXECUTION. Handling time: 0. Response time: 0.
[NX v22.6.1 Daemon Server] - 2026-03-22T09:55:12.311Z - Time taken for 'preTasksExecution' 0.03837500000372529ms
[NX v22.6.1 Daemon Client] - 2026-03-22T09:55:12.312Z - [Messenger] Received message, length: 2
[NX v22.6.1 Daemon Client] - 2026-03-22T09:55:12.333Z - [Messenger] Sending message type: HASH_TASKS
[NX v22.6.1 Daemon Client] - 2026-03-22T09:55:12.333Z - [Messenger] Message sent
[NX v22.6.1 Daemon Server] - 2026-03-22T09:55:12.333Z - Received raw message of length 11706
[NX v22.6.1 Daemon Server] - 2026-03-22T09:55:12.333Z - Received json message of type HASH_TASKS
[NX v22.6.1 Daemon Server] - 2026-03-22T09:55:12.333Z - Reusing in-memory cached project graph because no files changed.
DEBUG nx::native::tasks::hash_planner: get_plans_internal COMPLETED in 156.833µs - processed 3 tasks (setup: 58.958µs, parallel_planning: 96.625µs)
DEBUG nx::native::tasks::hashers::hash_workspace_files: Hashing workspace fileset with inputs: Adding "2994973879972349464" (".gitignore") to hash
DEBUG nx::native::tasks::hashers::hash_workspace_files: Hashing workspace fileset with inputs: Adding "2994973879972349464" (".gitignore") to hash
DEBUG nx::native::tasks::hashers::hash_workspace_files: Hashing workspace fileset with inputs: Adding "3473750490259329668" ("nx.json") to hash
DEBUG nx::native::tasks::hashers::hash_workspace_files: Hashing workspace fileset with inputs: Hash Value: "11555622651735181469"
DEBUG nx::native::tasks::hashers::hash_workspace_files: Hashing workspace fileset with inputs: Adding "2994973879972349464" (".gitignore") to hash
DEBUG nx::native::tasks::hashers::hash_workspace_files: Hashing workspace fileset with inputs: Adding "3473750490259329668" ("nx.json") to hash
DEBUG nx::native::tasks::hashers::hash_workspace_files: Hashing workspace fileset with inputs: Hash Value: "11555622651735181469"
DEBUG nx::native::tasks::hashers::hash_workspace_files: Hashing workspace fileset with inputs: Adding "3473750490259329668" ("nx.json") to hash
DEBUG nx::native::tasks::hashers::hash_workspace_files: Hashing workspace fileset with inputs: Hash Value: "11555622651735181469"
DEBUG nx::native::tasks::task_hasher: hash_plans COMPLETED in 914.875µs - processed 3 plans (setup: 39.083µs, hashing: 875.292µs, assembly: 203.583µs)
[NX v22.6.1 Daemon Server] - 2026-03-22T09:55:12.335Z - Serializing response for HASH_TASKS message in json mode
[NX v22.6.1 Daemon Server] - 2026-03-22T09:55:12.335Z - Responding to HASH_TASKS message
[NX v22.6.1 Daemon Server] - 2026-03-22T09:55:12.335Z - [REQUEST]: Responding to the client. handleHashTasks
[NX v22.6.1 Daemon Server] - 2026-03-22T09:55:12.335Z - Done responding to the client handleHashTasks
[NX v22.6.1 Daemon Server] - 2026-03-22T09:55:12.335Z - Handled json message HASH_TASKS. Handling time: 2. Response time: 0.
[NX v22.6.1 Daemon Client] - 2026-03-22T09:55:12.335Z - [Messenger] Received message, length: 19197
[NX v22.6.1 Daemon Client] - 2026-03-22T09:55:12.362Z - [Messenger] Sending message type: GET_ESTIMATED_TASK_TIMINGS
[NX v22.6.1 Daemon Client] - 2026-03-22T09:55:12.362Z - [Messenger] Message sent
[NX v22.6.1 Daemon Server] - 2026-03-22T09:55:12.362Z - Received raw message of length 243
[NX v22.6.1 Daemon Server] - 2026-03-22T09:55:12.362Z - Received json message of type GET_ESTIMATED_TASK_TIMINGS
[NX v22.6.1 Daemon Server] - 2026-03-22T09:55:12.363Z - Serializing response for GET_ESTIMATED_TASK_TIMINGS message in json mode
[NX v22.6.1 Daemon Server] - 2026-03-22T09:55:12.363Z - Responding to GET_ESTIMATED_TASK_TIMINGS message
[NX v22.6.1 Daemon Server] - 2026-03-22T09:55:12.363Z - [REQUEST]: Responding to the client. handleGetEstimatedTaskTimings
[NX v22.6.1 Daemon Server] - 2026-03-22T09:55:12.363Z - Done responding to the client handleGetEstimatedTaskTimings
[NX v22.6.1 Daemon Server] - 2026-03-22T09:55:12.363Z - Handled json message GET_ESTIMATED_TASK_TIMINGS. Handling time: 1. Response time: 0.
[NX v22.6.1 Daemon Client] - 2026-03-22T09:55:12.363Z - [Messenger] Received message, length: 152
[NX v22.6.1 Daemon Server] - 2026-03-22T09:55:12.741Z - [WATCHER]: Processing file changes in outputs
[NX v22.6.1 Daemon Client] - 2026-03-22T09:55:12.790Z - [Messenger] Sending message type: RECORD_OUTPUTS_HASH
[NX v22.6.1 Daemon Client] - 2026-03-22T09:55:12.791Z - [Messenger] Message sent
[NX v22.6.1 Daemon Server] - 2026-03-22T09:55:12.791Z - Received raw message of length 311
[NX v22.6.1 Daemon Server] - 2026-03-22T09:55:12.791Z - Received json message of type RECORD_OUTPUTS_HASH
[NX v22.6.1 Daemon Server] - 2026-03-22T09:55:12.794Z - Serializing response for RECORD_OUTPUTS_HASH message in json mode
[NX v22.6.1 Daemon Server] - 2026-03-22T09:55:12.794Z - Responding to RECORD_OUTPUTS_HASH message
[NX v22.6.1 Daemon Server] - 2026-03-22T09:55:12.794Z - [REQUEST]: Responding to the client. recordOutputsHash
[NX v22.6.1 Daemon Server] - 2026-03-22T09:55:12.794Z - Done responding to the client recordOutputsHash
[NX v22.6.1 Daemon Server] - 2026-03-22T09:55:12.794Z - Handled json message RECORD_OUTPUTS_HASH. Handling time: 3. Response time: 0.
[NX v22.6.1 Daemon Client] - 2026-03-22T09:55:12.794Z - [Messenger] Received message, length: 2
[NX v22.6.1 Daemon Server] - 2026-03-22T09:55:13.169Z - [WATCHER]: Processing file changes in outputs
[NX v22.6.1 Daemon Client] - 2026-03-22T09:55:13.216Z - [Messenger] Sending message type: RECORD_OUTPUTS_HASH
[NX v22.6.1 Daemon Client] - 2026-03-22T09:55:13.216Z - [Messenger] Message sent
[NX v22.6.1 Daemon Server] - 2026-03-22T09:55:13.216Z - Received raw message of length 199
[NX v22.6.1 Daemon Server] - 2026-03-22T09:55:13.216Z - Received json message of type RECORD_OUTPUTS_HASH
[NX v22.6.1 Daemon Server] - 2026-03-22T09:55:13.219Z - Serializing response for RECORD_OUTPUTS_HASH message in json mode
[NX v22.6.1 Daemon Server] - 2026-03-22T09:55:13.219Z - Responding to RECORD_OUTPUTS_HASH message
[NX v22.6.1 Daemon Server] - 2026-03-22T09:55:13.219Z - [REQUEST]: Responding to the client. recordOutputsHash
[NX v22.6.1 Daemon Server] - 2026-03-22T09:55:13.219Z - Done responding to the client recordOutputsHash
[NX v22.6.1 Daemon Server] - 2026-03-22T09:55:13.219Z - Handled json message RECORD_OUTPUTS_HASH. Handling time: 3. Response time: 0.
[NX v22.6.1 Daemon Client] - 2026-03-22T09:55:13.219Z - [Messenger] Received message, length: 2
[NX v22.6.1 Daemon Server] - 2026-03-22T09:55:13.608Z - [WATCHER]: Processing file changes in outputs
[NX v22.6.1 Daemon Client] - 2026-03-22T09:55:13.647Z - [Messenger] Sending message type: RECORD_OUTPUTS_HASH
[NX v22.6.1 Daemon Client] - 2026-03-22T09:55:13.647Z - [Messenger] Message sent
[NX v22.6.1 Daemon Server] - 2026-03-22T09:55:13.647Z - Received raw message of length 186
[NX v22.6.1 Daemon Server] - 2026-03-22T09:55:13.647Z - Received json message of type RECORD_OUTPUTS_HASH
[NX v22.6.1 Daemon Server] - 2026-03-22T09:55:13.650Z - Serializing response for RECORD_OUTPUTS_HASH message in json mode
[NX v22.6.1 Daemon Server] - 2026-03-22T09:55:13.650Z - Responding to RECORD_OUTPUTS_HASH message
[NX v22.6.1 Daemon Server] - 2026-03-22T09:55:13.650Z - [REQUEST]: Responding to the client. recordOutputsHash
[NX v22.6.1 Daemon Server] - 2026-03-22T09:55:13.650Z - Done responding to the client recordOutputsHash
[NX v22.6.1 Daemon Server] - 2026-03-22T09:55:13.650Z - Handled json message RECORD_OUTPUTS_HASH. Handling time: 3. Response time: 0.
[NX v22.6.1 Daemon Client] - 2026-03-22T09:55:13.650Z - [Messenger] Received message, length: 2
[NX v22.6.1 Daemon Client] - 2026-03-22T09:55:13.651Z - [Messenger] Sending message type: RECORD_TASK_RUNS
[NX v22.6.1 Daemon Client] - 2026-03-22T09:55:13.651Z - [Messenger] Message sent
[NX v22.6.1 Daemon Server] - 2026-03-22T09:55:13.651Z - Received raw message of length 617
[NX v22.6.1 Daemon Server] - 2026-03-22T09:55:13.651Z - Received json message of type RECORD_TASK_RUNS
[NX v22.6.1 Daemon Server] - 2026-03-22T09:55:13.651Z - Serializing response for RECORD_TASK_RUNS message in json mode
[NX v22.6.1 Daemon Server] - 2026-03-22T09:55:13.651Z - Responding to RECORD_TASK_RUNS message
[NX v22.6.1 Daemon Server] - 2026-03-22T09:55:13.651Z - [REQUEST]: Responding to the client. handleRecordTaskRuns
[NX v22.6.1 Daemon Server] - 2026-03-22T09:55:13.651Z - Done responding to the client handleRecordTaskRuns
[NX v22.6.1 Daemon Server] - 2026-03-22T09:55:13.651Z - Handled json message RECORD_TASK_RUNS. Handling time: 0. Response time: 0.
[NX v22.6.1 Daemon Client] - 2026-03-22T09:55:13.651Z - [Messenger] Received message, length: 4
[NX v22.6.1 Daemon Server] - 2026-03-22T09:55:16.126Z - Established a connection. Number of open connections: 2
[NX v22.6.1 Daemon Client] - 2026-03-22T09:55:16.126Z - [Messenger] Sending message type: GET_CONFIGURE_AI_AGENTS_STATUS
[NX v22.6.1 Daemon Client] - 2026-03-22T09:55:16.126Z - [Messenger] Message sent
[NX v22.6.1 Daemon Server] - 2026-03-22T09:55:16.127Z - Received raw message of length 41
[NX v22.6.1 Daemon Server] - 2026-03-22T09:55:16.127Z - Received json message of type GET_CONFIGURE_AI_AGENTS_STATUS
[NX v22.6.1 Daemon Server] - 2026-03-22T09:55:16.127Z - [AI-AGENTS]: Returning cached agent configuration status
[NX v22.6.1 Daemon Server] - 2026-03-22T09:55:16.127Z - Serializing response for GET_CONFIGURE_AI_AGENTS_STATUS message in json mode
[NX v22.6.1 Daemon Server] - 2026-03-22T09:55:16.127Z - Responding to GET_CONFIGURE_AI_AGENTS_STATUS message
[NX v22.6.1 Daemon Server] - 2026-03-22T09:55:16.127Z - [REQUEST]: Responding to the client. handleGetConfigureAiAgentsStatus
[NX v22.6.1 Daemon Server] - 2026-03-22T09:55:16.127Z - Done responding to the client handleGetConfigureAiAgentsStatus
[NX v22.6.1 Daemon Server] - 2026-03-22T09:55:16.127Z - Handled json message GET_CONFIGURE_AI_AGENTS_STATUS. Handling time: 0. Response time: 0.
[NX v22.6.1 Daemon Client] - 2026-03-22T09:55:16.127Z - [Messenger] Received message, length: 342
[NX v22.6.1 Daemon Server] - 2026-03-22T09:55:16.127Z - Closed a connection. Number of open connections: 1
[NX v22.6.1 Daemon Client] - 2026-03-22T09:55:16.128Z - [Messenger] Sending message type: POST_TASKS_EXECUTION
[NX v22.6.1 Daemon Client] - 2026-03-22T09:55:16.128Z - [Messenger] Message sent
[NX v22.6.1 Daemon Server] - 2026-03-22T09:55:16.128Z - Received raw message of length 23766
[NX v22.6.1 Daemon Server] - 2026-03-22T09:55:16.129Z - Received json message of type POST_TASKS_EXECUTION
[NX v22.6.1 Daemon Server] - 2026-03-22T09:55:16.129Z - Serializing response for POST_TASKS_EXECUTION message in json mode
[NX v22.6.1 Daemon Server] - 2026-03-22T09:55:16.129Z - Responding to POST_TASKS_EXECUTION message
[NX v22.6.1 Daemon Server] - 2026-03-22T09:55:16.129Z - [REQUEST]: Responding to the client. handleRunPostTasksExecution
[NX v22.6.1 Daemon Server] - 2026-03-22T09:55:16.129Z - Done responding to the client handleRunPostTasksExecution
[NX v22.6.1 Daemon Server] - 2026-03-22T09:55:16.129Z - Handled json message POST_TASKS_EXECUTION. Handling time: 0. Response time: 0.
[NX v22.6.1 Daemon Server] - 2026-03-22T09:55:16.129Z - Time taken for 'postTasksExecution' 0.09658300000592135ms
[NX v22.6.1 Daemon Client] - 2026-03-22T09:55:16.129Z - [Messenger] Received message, length: 4
[NX v22.6.1 Daemon Server] - 2026-03-22T09:55:16.140Z - Closed a connection. Number of open connections: 0
[NX v22.6.1 Daemon Server] - 2026-03-22T09:55:19.856Z - [WATCHER]: 2 file(s) created or restored, 0 file(s) modified, 0 file(s) deleted
[NX v22.6.1 Daemon Server] - 2026-03-22T09:55:19.856Z - [SYNC]: clearing sync generators cache due to file changes
[NX v22.6.1 Daemon Server] - 2026-03-22T09:55:19.856Z - [WATCHER]: Processing file changes in outputs
[NX v22.6.1 Daemon Server] - 2026-03-22T09:55:19.960Z - [REQUEST]: Updated workspace context based on watched changes, recomputing project graph...
[NX v22.6.1 Daemon Server] - 2026-03-22T09:55:19.960Z - [REQUEST]: buck-out/v2/log/20260322-095519_build_b465ca15-8ed9-4fce-ab3f-4e766f38f980_events.pb.zst,buck-out/v2/log/b465ca15-8ed9-4fce-ab3f-4e766f38f980/command_report.json
[NX v22.6.1 Daemon Server] - 2026-03-22T09:55:19.960Z - [REQUEST]: 
[NX v22.6.1 Daemon Server] - 2026-03-22T09:55:19.964Z - Time taken for 'hash changed files from watcher' 3.878499999991618ms
Time taken for 'plugin worker 89749 code loading' 51.927291ms
Time taken for 'plugin worker 89748 code loading' 50.799459ms
Time taken for 'plugin worker 89747 code loading' 53.951499999999996ms
[NX v22.6.1 Daemon Server] - 2026-03-22T09:55:20.049Z - Time taken for 'start-plugin-worker:nx/js/dependencies-and-lockfile' 87.1356660000165ms
[NX v22.6.1 Daemon Server] - 2026-03-22T09:55:20.049Z - Time taken for 'start-plugin-worker:nx/core/package-json' 86.15420900000026ms
[NX v22.6.1 Daemon Server] - 2026-03-22T09:55:20.049Z - Time taken for 'start-plugin-worker:nx/core/project-json' 85.64762500001234ms
Time taken for 'nx/core/project-json:createNodes' 0.3658750000000026ms
Time taken for 'nx/js/dependencies-and-lockfile:createNodes' 0.8605419999999953ms
[NX v22.6.1 Daemon Server] - 2026-03-22T09:55:20.059Z - Time taken for 'build-project-configs' 92.86925000001793ms
[NX v22.6.1 Daemon Server] - 2026-03-22T09:55:20.059Z - Time taken for 'createNodes:merge' 0.18174999998882413ms
[NX v22.6.1 Daemon Server] - 2026-03-22T09:55:20.059Z - Time taken for 'get-all-workspace-files' 1.4616659999883268ms
Time taken for 'build typescript dependencies' 0.06683300000000258ms
[NX v22.6.1 Daemon Server] - 2026-03-22T09:55:20.062Z - [SYNC]: collect registered sync generators
[NX v22.6.1 Daemon Server] - 2026-03-22T09:55:20.062Z - [SYNC]: project graph hash is the same, not collecting task sync generators
[NX v22.6.1 Daemon Server] - 2026-03-22T09:55:20.062Z - [SYNC]: nx.json hash is the same, not collecting global sync generators
[NX v22.6.1 Daemon Server] - 2026-03-22T09:55:20.062Z - Time taken for 'total execution time for createProjectGraph()' 4.339707999984967ms
[NX v22.6.1 Daemon Server] - 2026-03-22T09:55:20.062Z - Time taken for 'createDependencies' 3.1231250000128057ms
[NX v22.6.1 Daemon Server] - 2026-03-22T09:55:20.062Z - Time taken for 'nx/js/dependencies-and-lockfile:createDependencies' 3.097708999994211ms
[NX v22.6.1 Daemon Server] - 2026-03-22T09:55:20.062Z - Time taken for 'createMetadata' 0.007166000024881214ms
[NX v22.6.1 Daemon Server] - 2026-03-22T09:55:20.062Z - Time taken for 'serialize graph' 0.2534169999998994ms
[NX v22.6.1 Daemon Server] - 2026-03-22T09:55:45.821Z - [WATCHER]: platform/gotham-go-platform/gotham-go-commons/gotham_service.go was modified
[NX v22.6.1 Daemon Server] - 2026-03-22T09:55:45.821Z - [SYNC]: clearing sync generators cache due to file changes
[NX v22.6.1 Daemon Server] - 2026-03-22T09:55:45.821Z - [WATCHER]: Processing file changes in outputs
[NX v22.6.1 Daemon Server] - 2026-03-22T09:55:46.025Z - [REQUEST]: Updated workspace context based on watched changes, recomputing project graph...
[NX v22.6.1 Daemon Server] - 2026-03-22T09:55:46.025Z - [REQUEST]: platform/gotham-go-platform/gotham-go-commons/gotham_service.go
[NX v22.6.1 Daemon Server] - 2026-03-22T09:55:46.025Z - [REQUEST]: 
[NX v22.6.1 Daemon Server] - 2026-03-22T09:55:46.029Z - Time taken for 'hash changed files from watcher' 3.6300409999967087ms
Time taken for 'plugin worker 89777 code loading' 52.058166ms
Time taken for 'plugin worker 89778 code loading' 52.2095ms
Time taken for 'plugin worker 89779 code loading' 52.219375ms
[NX v22.6.1 Daemon Server] - 2026-03-22T09:55:46.113Z - Time taken for 'start-plugin-worker:nx/js/dependencies-and-lockfile' 86.38312499999302ms
[NX v22.6.1 Daemon Server] - 2026-03-22T09:55:46.113Z - Time taken for 'start-plugin-worker:nx/core/package-json' 85.2625410000037ms
[NX v22.6.1 Daemon Server] - 2026-03-22T09:55:46.113Z - Time taken for 'start-plugin-worker:nx/core/project-json' 84.60083300000406ms
Time taken for 'nx/core/project-json:createNodes' 0.34533300000001077ms
Time taken for 'nx/js/dependencies-and-lockfile:createNodes' 0.8649589999999989ms
[NX v22.6.1 Daemon Server] - 2026-03-22T09:55:46.123Z - Time taken for 'build-project-configs' 92.64154100001906ms
[NX v22.6.1 Daemon Server] - 2026-03-22T09:55:46.123Z - Time taken for 'createNodes:merge' 0.2218750000174623ms
[NX v22.6.1 Daemon Server] - 2026-03-22T09:55:46.123Z - Time taken for 'get-all-workspace-files' 1.3128750000032596ms
Time taken for 'build typescript dependencies' 0.043500000000008754ms
[NX v22.6.1 Daemon Server] - 2026-03-22T09:55:46.126Z - [SYNC]: collect registered sync generators
[NX v22.6.1 Daemon Server] - 2026-03-22T09:55:46.126Z - [SYNC]: project graph hash is the same, not collecting task sync generators
[NX v22.6.1 Daemon Server] - 2026-03-22T09:55:46.126Z - [SYNC]: nx.json hash is the same, not collecting global sync generators
[NX v22.6.1 Daemon Server] - 2026-03-22T09:55:46.126Z - Time taken for 'total execution time for createProjectGraph()' 4.460958000010578ms
[NX v22.6.1 Daemon Server] - 2026-03-22T09:55:46.126Z - Time taken for 'createDependencies' 3.1465840000018943ms
[NX v22.6.1 Daemon Server] - 2026-03-22T09:55:46.126Z - Time taken for 'nx/js/dependencies-and-lockfile:createDependencies' 3.11737500000163ms
[NX v22.6.1 Daemon Server] - 2026-03-22T09:55:46.126Z - Time taken for 'createMetadata' 0.005375000007916242ms
[NX v22.6.1 Daemon Server] - 2026-03-22T09:55:46.126Z - Time taken for 'serialize graph' 0.22437499999068677ms
[NX v22.6.1 Daemon Server] - 2026-03-22T09:55:46.878Z - [WATCHER]: 2 file(s) created or restored, 0 file(s) modified, 1 file(s) deleted
[NX v22.6.1 Daemon Server] - 2026-03-22T09:55:46.878Z - [SYNC]: clearing sync generators cache due to file changes
[NX v22.6.1 Daemon Server] - 2026-03-22T09:55:46.878Z - [WATCHER]: Processing file changes in outputs
[NX v22.6.1 Daemon Server] - 2026-03-22T09:55:46.984Z - [REQUEST]: Updated workspace context based on watched changes, recomputing project graph...
[NX v22.6.1 Daemon Server] - 2026-03-22T09:55:46.984Z - [REQUEST]: buck-out/v2/log/20260322-095546_build_e4473951-9481-4fe6-8203-566c61551393_events.pb.zst,buck-out/v2/log/e4473951-9481-4fe6-8203-566c61551393/command_report.json
[NX v22.6.1 Daemon Server] - 2026-03-22T09:55:46.984Z - [REQUEST]: buck-out/v2/log/20260322-091031_build_a34721ff-fd08-44e2-8e0c-fd816ecaee3a_events.pb.zst
[NX v22.6.1 Daemon Server] - 2026-03-22T09:55:46.988Z - Time taken for 'hash changed files from watcher' 3.8390420000068843ms
Time taken for 'plugin worker 89787 code loading' 53.419124999999994ms
Time taken for 'plugin worker 89789 code loading' 52.843542ms
Time taken for 'plugin worker 89788 code loading' 53.599333ms
[NX v22.6.1 Daemon Server] - 2026-03-22T09:55:47.073Z - Time taken for 'start-plugin-worker:nx/js/dependencies-and-lockfile' 87.65866700001061ms
[NX v22.6.1 Daemon Server] - 2026-03-22T09:55:47.073Z - Time taken for 'start-plugin-worker:nx/core/package-json' 86.42475000000559ms
[NX v22.6.1 Daemon Server] - 2026-03-22T09:55:47.073Z - Time taken for 'start-plugin-worker:nx/core/project-json' 85.8575000000128ms
Time taken for 'nx/core/project-json:createNodes' 0.3445420000000041ms
Time taken for 'nx/js/dependencies-and-lockfile:createNodes' 0.7550839999999965ms
[NX v22.6.1 Daemon Server] - 2026-03-22T09:55:47.083Z - Time taken for 'build-project-configs' 92.98441699999967ms
[NX v22.6.1 Daemon Server] - 2026-03-22T09:55:47.083Z - Time taken for 'createNodes:merge' 0.1824170000036247ms
[NX v22.6.1 Daemon Server] - 2026-03-22T09:55:47.083Z - Time taken for 'get-all-workspace-files' 1.2315409999864642ms
Time taken for 'build typescript dependencies' 0.04537500000000705ms
[NX v22.6.1 Daemon Server] - 2026-03-22T09:55:47.085Z - [SYNC]: collect registered sync generators
[NX v22.6.1 Daemon Server] - 2026-03-22T09:55:47.085Z - [SYNC]: project graph hash is the same, not collecting task sync generators
[NX v22.6.1 Daemon Server] - 2026-03-22T09:55:47.085Z - [SYNC]: nx.json hash is the same, not collecting global sync generators
[NX v22.6.1 Daemon Server] - 2026-03-22T09:55:47.085Z - Time taken for 'total execution time for createProjectGraph()' 4.006041999993613ms
[NX v22.6.1 Daemon Server] - 2026-03-22T09:55:47.085Z - Time taken for 'createDependencies' 2.6970000000146683ms
[NX v22.6.1 Daemon Server] - 2026-03-22T09:55:47.085Z - Time taken for 'nx/js/dependencies-and-lockfile:createDependencies' 2.677125000016531ms
[NX v22.6.1 Daemon Server] - 2026-03-22T09:55:47.085Z - Time taken for 'createMetadata' 0.004249999998137355ms
[NX v22.6.1 Daemon Server] - 2026-03-22T09:55:47.085Z - Time taken for 'serialize graph' 0.2081250000046566ms
[NX v22.6.1 Daemon Server] - 2026-03-22T09:55:49.136Z - [WATCHER]: Processing file changes in outputs
[NX v22.6.1 Daemon Server] - 2026-03-22T09:55:49.136Z - [WATCHER]: 2 file(s) created or restored, 0 file(s) modified, 1 file(s) deleted
[NX v22.6.1 Daemon Server] - 2026-03-22T09:55:49.136Z - [SYNC]: clearing sync generators cache due to file changes
[NX v22.6.1 Daemon Server] - 2026-03-22T09:55:49.241Z - [REQUEST]: Updated workspace context based on watched changes, recomputing project graph...
[NX v22.6.1 Daemon Server] - 2026-03-22T09:55:49.241Z - [REQUEST]: buck-out/v2/log/20260322-095549_build_d2669451-d0b0-4442-91ab-9c478cddf23f_events.pb.zst,buck-out/v2/log/d2669451-d0b0-4442-91ab-9c478cddf23f/command_report.json
[NX v22.6.1 Daemon Server] - 2026-03-22T09:55:49.241Z - [REQUEST]: buck-out/v2/log/20260322-092136_build_d1f576f4-43c2-4e7b-be52-e39d33bb0c63_events.pb.zst
[NX v22.6.1 Daemon Server] - 2026-03-22T09:55:49.244Z - Time taken for 'hash changed files from watcher' 3.4256659999955446ms
Time taken for 'plugin worker 89802 code loading' 52.710584000000004ms
Time taken for 'plugin worker 89800 code loading' 50.903791ms
Time taken for 'plugin worker 89801 code loading' 51.659917ms
[NX v22.6.1 Daemon Server] - 2026-03-22T09:55:49.329Z - Time taken for 'start-plugin-worker:nx/js/dependencies-and-lockfile' 87.02666699999827ms
[NX v22.6.1 Daemon Server] - 2026-03-22T09:55:49.329Z - Time taken for 'start-plugin-worker:nx/core/package-json' 86.18670900000143ms
[NX v22.6.1 Daemon Server] - 2026-03-22T09:55:49.329Z - Time taken for 'start-plugin-worker:nx/core/project-json' 85.72274999998626ms
Time taken for 'nx/core/project-json:createNodes' 0.3801249999999925ms
Time taken for 'nx/js/dependencies-and-lockfile:createNodes' 0.8460410000000138ms
[NX v22.6.1 Daemon Server] - 2026-03-22T09:55:49.339Z - Time taken for 'build-project-configs' 92.47008299999288ms
[NX v22.6.1 Daemon Server] - 2026-03-22T09:55:49.339Z - Time taken for 'createNodes:merge' 0.18983300001127645ms
[NX v22.6.1 Daemon Server] - 2026-03-22T09:55:49.339Z - Time taken for 'get-all-workspace-files' 1.228292000014335ms
Time taken for 'build typescript dependencies' 0.04645800000000122ms
[NX v22.6.1 Daemon Server] - 2026-03-22T09:55:49.341Z - [SYNC]: collect registered sync generators
[NX v22.6.1 Daemon Server] - 2026-03-22T09:55:49.341Z - [SYNC]: project graph hash is the same, not collecting task sync generators
[NX v22.6.1 Daemon Server] - 2026-03-22T09:55:49.341Z - [SYNC]: nx.json hash is the same, not collecting global sync generators
[NX v22.6.1 Daemon Server] - 2026-03-22T09:55:49.341Z - Time taken for 'total execution time for createProjectGraph()' 3.9180000000051223ms
[NX v22.6.1 Daemon Server] - 2026-03-22T09:55:49.341Z - Time taken for 'createDependencies' 2.833541999978479ms
[NX v22.6.1 Daemon Server] - 2026-03-22T09:55:49.341Z - Time taken for 'nx/js/dependencies-and-lockfile:createDependencies' 2.8143749999871943ms
[NX v22.6.1 Daemon Server] - 2026-03-22T09:55:49.341Z - Time taken for 'createMetadata' 0.007000000012340024ms
[NX v22.6.1 Daemon Server] - 2026-03-22T09:55:49.341Z - Time taken for 'serialize graph' 0.22762499999953434ms
[NX v22.6.1 Daemon Server] - 2026-03-22T09:55:52.076Z - [WATCHER]: platform/gotham-go-platform/gotham-go-commons/gotham_service.go was modified
[NX v22.6.1 Daemon Server] - 2026-03-22T09:55:52.077Z - [SYNC]: clearing sync generators cache due to file changes
[NX v22.6.1 Daemon Server] - 2026-03-22T09:55:52.077Z - [WATCHER]: Processing file changes in outputs
[NX v22.6.1 Daemon Server] - 2026-03-22T09:55:52.280Z - [REQUEST]: Updated workspace context based on watched changes, recomputing project graph...
[NX v22.6.1 Daemon Server] - 2026-03-22T09:55:52.280Z - [REQUEST]: platform/gotham-go-platform/gotham-go-commons/gotham_service.go
[NX v22.6.1 Daemon Server] - 2026-03-22T09:55:52.280Z - [REQUEST]: 
[NX v22.6.1 Daemon Server] - 2026-03-22T09:55:52.283Z - Time taken for 'hash changed files from watcher' 3.1395830000110436ms
Time taken for 'plugin worker 89809 code loading' 50.209500000000006ms
Time taken for 'plugin worker 89811 code loading' 50.235583ms
Time taken for 'plugin worker 89810 code loading' 51.836541999999994ms
[NX v22.6.1 Daemon Server] - 2026-03-22T09:55:52.357Z - Time taken for 'start-plugin-worker:nx/js/dependencies-and-lockfile' 75.60587500000838ms
[NX v22.6.1 Daemon Server] - 2026-03-22T09:55:52.357Z - Time taken for 'start-plugin-worker:nx/core/package-json' 74.73937499997555ms
[NX v22.6.1 Daemon Server] - 2026-03-22T09:55:52.357Z - Time taken for 'start-plugin-worker:nx/core/project-json' 74.33029099999112ms
Time taken for 'nx/core/project-json:createNodes' 0.37854099999999846ms
Time taken for 'nx/js/dependencies-and-lockfile:createNodes' 0.8546249999999986ms
[NX v22.6.1 Daemon Server] - 2026-03-22T09:55:52.367Z - Time taken for 'build-project-configs' 81.61437500000466ms
[NX v22.6.1 Daemon Server] - 2026-03-22T09:55:52.367Z - Time taken for 'createNodes:merge' 0.2304580000054557ms
[NX v22.6.1 Daemon Server] - 2026-03-22T09:55:52.367Z - Time taken for 'get-all-workspace-files' 1.383124999993015ms
Time taken for 'build typescript dependencies' 0.03766699999999901ms
[NX v22.6.1 Daemon Server] - 2026-03-22T09:55:52.370Z - [SYNC]: collect registered sync generators
[NX v22.6.1 Daemon Server] - 2026-03-22T09:55:52.370Z - [SYNC]: project graph hash is the same, not collecting task sync generators
[NX v22.6.1 Daemon Server] - 2026-03-22T09:55:52.370Z - [SYNC]: nx.json hash is the same, not collecting global sync generators
[NX v22.6.1 Daemon Server] - 2026-03-22T09:55:52.370Z - Time taken for 'total execution time for createProjectGraph()' 4.131958000012673ms
[NX v22.6.1 Daemon Server] - 2026-03-22T09:55:52.370Z - Time taken for 'createDependencies' 2.7328749999869615ms
[NX v22.6.1 Daemon Server] - 2026-03-22T09:55:52.370Z - Time taken for 'nx/js/dependencies-and-lockfile:createDependencies' 2.7115000000048894ms
[NX v22.6.1 Daemon Server] - 2026-03-22T09:55:52.370Z - Time taken for 'createMetadata' 0.007457999978214502ms
[NX v22.6.1 Daemon Server] - 2026-03-22T09:55:52.370Z - Time taken for 'serialize graph' 0.2067910000041593ms
[NX v22.6.1 Daemon Server] - 2026-03-22T09:55:52.835Z - [WATCHER]: Processing file changes in outputs
[NX v22.6.1 Daemon Server] - 2026-03-22T09:57:41.712Z - [WATCHER]: .pants.d/workdir/run-tracker/pants_run_2026_03_22_10_57_41_405_9380ad3bcdb74599ab0c10725efd9002/logs was created or restored
[NX v22.6.1 Daemon Server] - 2026-03-22T09:57:41.713Z - [SYNC]: clearing sync generators cache due to file changes
[NX v22.6.1 Daemon Server] - 2026-03-22T09:57:41.713Z - [WATCHER]: Processing file changes in outputs
[NX v22.6.1 Daemon Server] - 2026-03-22T09:57:41.819Z - [REQUEST]: Updated workspace context based on watched changes, recomputing project graph...
[NX v22.6.1 Daemon Server] - 2026-03-22T09:57:41.819Z - [REQUEST]: .pants.d/workdir/run-tracker/pants_run_2026_03_22_10_57_41_405_9380ad3bcdb74599ab0c10725efd9002/logs
[NX v22.6.1 Daemon Server] - 2026-03-22T09:57:41.819Z - [REQUEST]: 
[NX v22.6.1 Daemon Server] - 2026-03-22T09:57:41.826Z - Time taken for 'hash changed files from watcher' 4.79912499996135ms
Time taken for 'plugin worker 89866 code loading' 53.812792ms
Time taken for 'plugin worker 89867 code loading' 53.127792ms
Time taken for 'plugin worker 89868 code loading' 51.08525ms
[NX v22.6.1 Daemon Server] - 2026-03-22T09:57:41.919Z - Time taken for 'start-plugin-worker:nx/js/dependencies-and-lockfile' 96.70379099994898ms
[NX v22.6.1 Daemon Server] - 2026-03-22T09:57:41.919Z - Time taken for 'start-plugin-worker:nx/core/package-json' 94.4184580000001ms
[NX v22.6.1 Daemon Server] - 2026-03-22T09:57:41.919Z - Time taken for 'start-plugin-worker:nx/core/project-json' 93.52991699997801ms
Time taken for 'nx/core/project-json:createNodes' 0.3783329999999978ms
Time taken for 'nx/js/dependencies-and-lockfile:createNodes' 0.7785839999999951ms
[NX v22.6.1 Daemon Server] - 2026-03-22T09:57:41.929Z - Time taken for 'build-project-configs' 102.46883399999933ms
[NX v22.6.1 Daemon Server] - 2026-03-22T09:57:41.929Z - Time taken for 'createNodes:merge' 0.23183400003472343ms
[NX v22.6.1 Daemon Server] - 2026-03-22T09:57:41.929Z - Time taken for 'get-all-workspace-files' 1.5011669999803416ms
Time taken for 'build typescript dependencies' 0.044542000000006965ms
[NX v22.6.1 Daemon Server] - 2026-03-22T09:57:41.932Z - [SYNC]: collect registered sync generators
[NX v22.6.1 Daemon Server] - 2026-03-22T09:57:41.932Z - [SYNC]: project graph hash is the same, not collecting task sync generators
[NX v22.6.1 Daemon Server] - 2026-03-22T09:57:41.932Z - [SYNC]: nx.json hash is the same, not collecting global sync generators
[NX v22.6.1 Daemon Server] - 2026-03-22T09:57:41.932Z - Time taken for 'total execution time for createProjectGraph()' 4.793541999999434ms
[NX v22.6.1 Daemon Server] - 2026-03-22T09:57:41.932Z - Time taken for 'createDependencies' 3.095625000016298ms
[NX v22.6.1 Daemon Server] - 2026-03-22T09:57:41.932Z - Time taken for 'nx/js/dependencies-and-lockfile:createDependencies' 3.0753329999861307ms
[NX v22.6.1 Daemon Server] - 2026-03-22T09:57:41.932Z - Time taken for 'createMetadata' 0.015416000038385391ms
[NX v22.6.1 Daemon Server] - 2026-03-22T09:57:41.932Z - Time taken for 'serialize graph' 0.24599999998463318ms
[NX v22.6.1 Daemon Server] - 2026-03-22T09:58:20.655Z - [WATCHER]: 0 file(s) created or restored, 0 file(s) modified, 0 file(s) deleted
[NX v22.6.1 Daemon Server] - 2026-03-22T09:58:20.861Z - [REQUEST]: Updated workspace context based on watched changes, recomputing project graph...
[NX v22.6.1 Daemon Server] - 2026-03-22T09:58:20.861Z - [REQUEST]: 
[NX v22.6.1 Daemon Server] - 2026-03-22T09:58:20.861Z - [REQUEST]: 
[NX v22.6.1 Daemon Server] - 2026-03-22T09:58:20.867Z - Time taken for 'hash changed files from watcher' 4.6620830000028946ms
Time taken for 'plugin worker 90757 code loading' 54.97391599999999ms
Time taken for 'plugin worker 90755 code loading' 54.989208ms
Time taken for 'plugin worker 90756 code loading' 55.734624999999994ms
[NX v22.6.1 Daemon Server] - 2026-03-22T09:58:20.958Z - Time taken for 'start-plugin-worker:nx/js/dependencies-and-lockfile' 94.13175000000047ms
[NX v22.6.1 Daemon Server] - 2026-03-22T09:58:20.958Z - Time taken for 'start-plugin-worker:nx/core/package-json' 92.46487500000512ms
[NX v22.6.1 Daemon Server] - 2026-03-22T09:58:20.960Z - Time taken for 'start-plugin-worker:nx/core/project-json' 92.94549999997253ms
Time taken for 'nx/core/project-json:createNodes' 0.34212500000001ms
Time taken for 'nx/js/dependencies-and-lockfile:createNodes' 0.7791249999999934ms
[NX v22.6.1 Daemon Server] - 2026-03-22T09:58:20.969Z - Time taken for 'build-project-configs' 99.95070799998939ms
[NX v22.6.1 Daemon Server] - 2026-03-22T09:58:20.969Z - Time taken for 'createNodes:merge' 0.17541599995456636ms
[NX v22.6.1 Daemon Server] - 2026-03-22T09:58:20.969Z - Time taken for 'get-all-workspace-files' 1.3920839999918826ms
Time taken for 'build typescript dependencies' 0.039459000000007904ms
[NX v22.6.1 Daemon Server] - 2026-03-22T09:58:20.971Z - [SYNC]: collect registered sync generators
[NX v22.6.1 Daemon Server] - 2026-03-22T09:58:20.971Z - [SYNC]: project graph hash is the same, not collecting task sync generators
[NX v22.6.1 Daemon Server] - 2026-03-22T09:58:20.971Z - [SYNC]: nx.json hash is the same, not collecting global sync generators
[NX v22.6.1 Daemon Server] - 2026-03-22T09:58:20.971Z - Time taken for 'total execution time for createProjectGraph()' 4.383625000016764ms
[NX v22.6.1 Daemon Server] - 2026-03-22T09:58:20.971Z - Time taken for 'createDependencies' 2.7004999999771826ms
[NX v22.6.1 Daemon Server] - 2026-03-22T09:58:20.971Z - Time taken for 'nx/js/dependencies-and-lockfile:createDependencies' 2.674624999985099ms
[NX v22.6.1 Daemon Server] - 2026-03-22T09:58:20.971Z - Time taken for 'createMetadata' 0.0043329999898560345ms
[NX v22.6.1 Daemon Server] - 2026-03-22T09:58:20.971Z - Time taken for 'serialize graph' 0.2211249999818392ms
[NX v22.6.1 Daemon Server] - 2026-03-22T09:58:33.508Z - [WATCHER]: Processing file changes in outputs
[NX v22.6.1 Daemon Server] - 2026-03-22T09:58:33.508Z - [WATCHER]: platform/gotham-go-platform/gotham-go-commons/gotham_service.go was modified
[NX v22.6.1 Daemon Server] - 2026-03-22T09:58:33.508Z - [SYNC]: clearing sync generators cache due to file changes
[NX v22.6.1 Daemon Server] - 2026-03-22T09:58:33.910Z - [REQUEST]: Updated workspace context based on watched changes, recomputing project graph...
[NX v22.6.1 Daemon Server] - 2026-03-22T09:58:33.911Z - [REQUEST]: platform/gotham-go-platform/gotham-go-commons/gotham_service.go
[NX v22.6.1 Daemon Server] - 2026-03-22T09:58:33.911Z - [REQUEST]: 
[NX v22.6.1 Daemon Server] - 2026-03-22T09:58:33.914Z - Time taken for 'hash changed files from watcher' 3.1822919999831356ms
Time taken for 'plugin worker 90787 code loading' 53.94091699999999ms
Time taken for 'plugin worker 90788 code loading' 52.262791ms
Time taken for 'plugin worker 90789 code loading' 53.570083ms
[NX v22.6.1 Daemon Server] - 2026-03-22T09:58:33.998Z - Time taken for 'start-plugin-worker:nx/js/dependencies-and-lockfile' 85.99833299999591ms
[NX v22.6.1 Daemon Server] - 2026-03-22T09:58:33.998Z - Time taken for 'start-plugin-worker:nx/core/package-json' 84.97804199997336ms
[NX v22.6.1 Daemon Server] - 2026-03-22T09:58:33.998Z - Time taken for 'start-plugin-worker:nx/core/project-json' 84.51929199998267ms
Time taken for 'nx/core/project-json:createNodes' 0.3347080000000062ms
Time taken for 'nx/js/dependencies-and-lockfile:createNodes' 0.9000419999999991ms
[NX v22.6.1 Daemon Server] - 2026-03-22T09:58:34.008Z - Time taken for 'build-project-configs' 91.86145899997791ms
[NX v22.6.1 Daemon Server] - 2026-03-22T09:58:34.008Z - Time taken for 'createNodes:merge' 0.17699999996693805ms
[NX v22.6.1 Daemon Server] - 2026-03-22T09:58:34.008Z - Time taken for 'get-all-workspace-files' 1.3150840000016615ms
Time taken for 'build typescript dependencies' 0.038625000000010346ms
[NX v22.6.1 Daemon Server] - 2026-03-22T09:58:34.011Z - [SYNC]: collect registered sync generators
[NX v22.6.1 Daemon Server] - 2026-03-22T09:58:34.011Z - [SYNC]: project graph hash is the same, not collecting task sync generators
[NX v22.6.1 Daemon Server] - 2026-03-22T09:58:34.011Z - [SYNC]: nx.json hash is the same, not collecting global sync generators
[NX v22.6.1 Daemon Server] - 2026-03-22T09:58:34.011Z - Time taken for 'total execution time for createProjectGraph()' 3.9719169999589212ms
[NX v22.6.1 Daemon Server] - 2026-03-22T09:58:34.011Z - Time taken for 'createDependencies' 2.6829579999903217ms
[NX v22.6.1 Daemon Server] - 2026-03-22T09:58:34.011Z - Time taken for 'nx/js/dependencies-and-lockfile:createDependencies' 2.658999999985099ms
[NX v22.6.1 Daemon Server] - 2026-03-22T09:58:34.011Z - Time taken for 'createMetadata' 0.0048340000212192535ms
[NX v22.6.1 Daemon Server] - 2026-03-22T09:58:34.011Z - Time taken for 'serialize graph' 0.23104199999943376ms
[NX v22.6.1 Daemon Server] - 2026-03-22T09:58:42.670Z - [WATCHER]: 0 file(s) created or restored, 0 file(s) modified, 0 file(s) deleted
[NX v22.6.1 Daemon Server] - 2026-03-22T09:58:43.474Z - [REQUEST]: Updated workspace context based on watched changes, recomputing project graph...
[NX v22.6.1 Daemon Server] - 2026-03-22T09:58:43.474Z - [REQUEST]: 
[NX v22.6.1 Daemon Server] - 2026-03-22T09:58:43.474Z - [REQUEST]: 
[NX v22.6.1 Daemon Server] - 2026-03-22T09:58:43.477Z - Time taken for 'hash changed files from watcher' 2.726959000050556ms
Time taken for 'plugin worker 90945 code loading' 56.691ms
Time taken for 'plugin worker 90943 code loading' 57.176666999999995ms
Time taken for 'plugin worker 90944 code loading' 57.082667ms
[NX v22.6.1 Daemon Server] - 2026-03-22T09:58:43.560Z - Time taken for 'start-plugin-worker:nx/js/dependencies-and-lockfile' 84.62108399998397ms
[NX v22.6.1 Daemon Server] - 2026-03-22T09:58:43.560Z - Time taken for 'start-plugin-worker:nx/core/package-json' 83.91129199997522ms
[NX v22.6.1 Daemon Server] - 2026-03-22T09:58:43.560Z - Time taken for 'start-plugin-worker:nx/core/project-json' 83.55320900003426ms
Time taken for 'nx/core/project-json:createNodes' 0.4336669999999998ms
Time taken for 'nx/js/dependencies-and-lockfile:createNodes' 0.9262920000000037ms
[NX v22.6.1 Daemon Server] - 2026-03-22T09:58:43.571Z - Time taken for 'build-project-configs' 90.88012499996694ms
[NX v22.6.1 Daemon Server] - 2026-03-22T09:58:43.571Z - Time taken for 'createNodes:merge' 0.1755000000121072ms
[NX v22.6.1 Daemon Server] - 2026-03-22T09:58:43.571Z - Time taken for 'get-all-workspace-files' 1.4708749999990687ms
Time taken for 'build typescript dependencies' 0.048500000000004206ms
[NX v22.6.1 Daemon Server] - 2026-03-22T09:58:43.574Z - [SYNC]: collect registered sync generators
[NX v22.6.1 Daemon Server] - 2026-03-22T09:58:43.574Z - [SYNC]: project graph hash is the same, not collecting task sync generators
[NX v22.6.1 Daemon Server] - 2026-03-22T09:58:43.574Z - [SYNC]: nx.json hash is the same, not collecting global sync generators
[NX v22.6.1 Daemon Server] - 2026-03-22T09:58:43.574Z - Time taken for 'total execution time for createProjectGraph()' 4.685541999991983ms
[NX v22.6.1 Daemon Server] - 2026-03-22T09:58:43.574Z - Time taken for 'createDependencies' 3.087915999989491ms
[NX v22.6.1 Daemon Server] - 2026-03-22T09:58:43.574Z - Time taken for 'nx/js/dependencies-and-lockfile:createDependencies' 3.0641670000040904ms
[NX v22.6.1 Daemon Server] - 2026-03-22T09:58:43.574Z - Time taken for 'createMetadata' 0.010125000029802322ms
[NX v22.6.1 Daemon Server] - 2026-03-22T09:58:43.574Z - Time taken for 'serialize graph' 0.4013330000452697ms
[NX v22.6.1 Daemon Server] - 2026-03-22T09:59:00.753Z - [WATCHER]: partners/partners-library/partner_registry.go was modified
[NX v22.6.1 Daemon Server] - 2026-03-22T09:59:00.758Z - [SYNC]: clearing sync generators cache due to file changes
[NX v22.6.1 Daemon Server] - 2026-03-22T09:59:00.758Z - [WATCHER]: Processing file changes in outputs
[NX v22.6.1 Daemon Server] - 2026-03-22T09:59:02.362Z - [REQUEST]: Updated workspace context based on watched changes, recomputing project graph...
[NX v22.6.1 Daemon Server] - 2026-03-22T09:59:02.362Z - [REQUEST]: partners/partners-library/partner_registry.go
[NX v22.6.1 Daemon Server] - 2026-03-22T09:59:02.362Z - [REQUEST]: 
[NX v22.6.1 Daemon Server] - 2026-03-22T09:59:02.364Z - Time taken for 'hash changed files from watcher' 2.1050839999807067ms
Time taken for 'plugin worker 90973 code loading' 52.872541ms
Time taken for 'plugin worker 90972 code loading' 51.3785ms
Time taken for 'plugin worker 90971 code loading' 52.12525000000001ms
[NX v22.6.1 Daemon Server] - 2026-03-22T09:59:02.438Z - Time taken for 'start-plugin-worker:nx/js/dependencies-and-lockfile' 75.14479200000642ms
[NX v22.6.1 Daemon Server] - 2026-03-22T09:59:02.438Z - Time taken for 'start-plugin-worker:nx/core/package-json' 74.54062500002328ms
[NX v22.6.1 Daemon Server] - 2026-03-22T09:59:02.438Z - Time taken for 'start-plugin-worker:nx/core/project-json' 74.22445800004061ms
Time taken for 'nx/core/project-json:createNodes' 0.3465829999999954ms
Time taken for 'nx/js/dependencies-and-lockfile:createNodes' 0.9272919999999942ms
[NX v22.6.1 Daemon Server] - 2026-03-22T09:59:02.448Z - Time taken for 'build-project-configs' 80.96570800000336ms
[NX v22.6.1 Daemon Server] - 2026-03-22T09:59:02.449Z - Time taken for 'createNodes:merge' 0.15700000000651926ms
[NX v22.6.1 Daemon Server] - 2026-03-22T09:59:02.449Z - Time taken for 'get-all-workspace-files' 1.4441249999799766ms
Time taken for 'build typescript dependencies' 0.046749999999988745ms
[NX v22.6.1 Daemon Server] - 2026-03-22T09:59:02.452Z - [SYNC]: collect registered sync generators
[NX v22.6.1 Daemon Server] - 2026-03-22T09:59:02.452Z - [SYNC]: project graph hash is the same, not collecting task sync generators
[NX v22.6.1 Daemon Server] - 2026-03-22T09:59:02.452Z - [SYNC]: nx.json hash is the same, not collecting global sync generators
[NX v22.6.1 Daemon Server] - 2026-03-22T09:59:02.452Z - Time taken for 'total execution time for createProjectGraph()' 4.8611670000245795ms
[NX v22.6.1 Daemon Server] - 2026-03-22T09:59:02.452Z - Time taken for 'createDependencies' 3.4052499999525025ms
[NX v22.6.1 Daemon Server] - 2026-03-22T09:59:02.452Z - Time taken for 'nx/js/dependencies-and-lockfile:createDependencies' 3.3747089999960735ms
[NX v22.6.1 Daemon Server] - 2026-03-22T09:59:02.452Z - Time taken for 'createMetadata' 0.00591599999461323ms
[NX v22.6.1 Daemon Server] - 2026-03-22T09:59:02.452Z - Time taken for 'serialize graph' 0.26383299997542053ms
[NX v22.6.1 Daemon Server] - 2026-03-22T09:59:09.552Z - [WATCHER]: 0 file(s) created or restored, 0 file(s) modified, 0 file(s) deleted
[NX v22.6.1 Daemon Server] - 2026-03-22T09:59:12.760Z - [REQUEST]: Updated workspace context based on watched changes, recomputing project graph...
[NX v22.6.1 Daemon Server] - 2026-03-22T09:59:12.761Z - [REQUEST]: 
[NX v22.6.1 Daemon Server] - 2026-03-22T09:59:12.761Z - [REQUEST]: 
[NX v22.6.1 Daemon Server] - 2026-03-22T09:59:12.767Z - Time taken for 'hash changed files from watcher' 6.295582999999169ms
Time taken for 'plugin worker 91124 code loading' 55.52875ms
Time taken for 'plugin worker 91123 code loading' 55.475834000000006ms
Time taken for 'plugin worker 91122 code loading' 55.561415999999994ms
[NX v22.6.1 Daemon Server] - 2026-03-22T09:59:12.862Z - Time taken for 'start-plugin-worker:nx/js/dependencies-and-lockfile' 98.28766699996777ms
[NX v22.6.1 Daemon Server] - 2026-03-22T09:59:12.862Z - Time taken for 'start-plugin-worker:nx/core/package-json' 96.09487500000978ms
[NX v22.6.1 Daemon Server] - 2026-03-22T09:59:12.862Z - Time taken for 'start-plugin-worker:nx/core/project-json' 95.07566599996062ms
Time taken for 'nx/core/project-json:createNodes' 0.33466699999999605ms
Time taken for 'nx/js/dependencies-and-lockfile:createNodes' 0.8156249999999972ms
[NX v22.6.1 Daemon Server] - 2026-03-22T09:59:12.871Z - Time taken for 'build-project-configs' 104.10554099996807ms
[NX v22.6.1 Daemon Server] - 2026-03-22T09:59:12.871Z - Time taken for 'createNodes:merge' 0.1783329999889247ms
[NX v22.6.1 Daemon Server] - 2026-03-22T09:59:12.871Z - Time taken for 'get-all-workspace-files' 1.2078340000007302ms
Time taken for 'build typescript dependencies' 0.03666599999999676ms
[NX v22.6.1 Daemon Server] - 2026-03-22T09:59:12.874Z - [SYNC]: collect registered sync generators
[NX v22.6.1 Daemon Server] - 2026-03-22T09:59:12.874Z - [SYNC]: project graph hash is the same, not collecting task sync generators
[NX v22.6.1 Daemon Server] - 2026-03-22T09:59:12.874Z - [SYNC]: nx.json hash is the same, not collecting global sync generators
[NX v22.6.1 Daemon Server] - 2026-03-22T09:59:12.874Z - Time taken for 'total execution time for createProjectGraph()' 4.236250000016298ms
[NX v22.6.1 Daemon Server] - 2026-03-22T09:59:12.874Z - Time taken for 'createDependencies' 2.876665999996476ms
[NX v22.6.1 Daemon Server] - 2026-03-22T09:59:12.874Z - Time taken for 'nx/js/dependencies-and-lockfile:createDependencies' 2.8552079999935813ms
[NX v22.6.1 Daemon Server] - 2026-03-22T09:59:12.874Z - Time taken for 'createMetadata' 0.005208000016864389ms
[NX v22.6.1 Daemon Server] - 2026-03-22T09:59:12.874Z - Time taken for 'serialize graph' 0.2272079999675043ms
[NX v22.6.1 Daemon Server] - 2026-03-22T09:59:19.728Z - [WATCHER]: Processing file changes in outputs
[NX v22.6.1 Daemon Server] - 2026-03-22T09:59:19.728Z - [WATCHER]: platform/gotham-go-platform/gotham-go-commons/gotham_service.go was modified
[NX v22.6.1 Daemon Server] - 2026-03-22T09:59:19.728Z - [SYNC]: clearing sync generators cache due to file changes
[NX v22.6.1 Daemon Server] - 2026-03-22T09:59:20.482Z - [WATCHER]: Processing file changes in outputs
[NX v22.6.1 Daemon Server] - 2026-03-22T09:59:26.131Z - [REQUEST]: Updated workspace context based on watched changes, recomputing project graph...
[NX v22.6.1 Daemon Server] - 2026-03-22T09:59:26.131Z - [REQUEST]: platform/gotham-go-platform/gotham-go-commons/gotham_service.go
[NX v22.6.1 Daemon Server] - 2026-03-22T09:59:26.131Z - [REQUEST]: 
[NX v22.6.1 Daemon Server] - 2026-03-22T09:59:26.134Z - Time taken for 'hash changed files from watcher' 1.9113750000251457ms
Time taken for 'plugin worker 91246 code loading' 49.655833ms
Time taken for 'plugin worker 91245 code loading' 48.091959ms
Time taken for 'plugin worker 91247 code loading' 49.413875ms
[NX v22.6.1 Daemon Server] - 2026-03-22T09:59:26.209Z - Time taken for 'start-plugin-worker:nx/js/dependencies-and-lockfile' 76.53262500005076ms
[NX v22.6.1 Daemon Server] - 2026-03-22T09:59:26.209Z - Time taken for 'start-plugin-worker:nx/core/package-json' 75.95808299997589ms
[NX v22.6.1 Daemon Server] - 2026-03-22T09:59:26.209Z - Time taken for 'start-plugin-worker:nx/core/project-json' 75.62012500001583ms
Time taken for 'nx/core/project-json:createNodes' 0.3681669999999997ms
Time taken for 'nx/js/dependencies-and-lockfile:createNodes' 0.7862500000000097ms
[NX v22.6.1 Daemon Server] - 2026-03-22T09:59:26.219Z - Time taken for 'build-project-configs' 82.37704200000735ms
[NX v22.6.1 Daemon Server] - 2026-03-22T09:59:26.219Z - Time taken for 'createNodes:merge' 0.24008300004061311ms
[NX v22.6.1 Daemon Server] - 2026-03-22T09:59:26.219Z - Time taken for 'get-all-workspace-files' 1.3389159999787807ms
Time taken for 'build typescript dependencies' 0.04145899999998903ms
[NX v22.6.1 Daemon Server] - 2026-03-22T09:59:26.222Z - [SYNC]: collect registered sync generators
[NX v22.6.1 Daemon Server] - 2026-03-22T09:59:26.222Z - [SYNC]: project graph hash is the same, not collecting task sync generators
[NX v22.6.1 Daemon Server] - 2026-03-22T09:59:26.222Z - [SYNC]: nx.json hash is the same, not collecting global sync generators
[NX v22.6.1 Daemon Server] - 2026-03-22T09:59:26.222Z - Time taken for 'total execution time for createProjectGraph()' 4.69804099999601ms
[NX v22.6.1 Daemon Server] - 2026-03-22T09:59:26.222Z - Time taken for 'createDependencies' 2.9740830000373535ms
[NX v22.6.1 Daemon Server] - 2026-03-22T09:59:26.222Z - Time taken for 'nx/js/dependencies-and-lockfile:createDependencies' 2.95579199999338ms
[NX v22.6.1 Daemon Server] - 2026-03-22T09:59:26.222Z - Time taken for 'createMetadata' 0.004249999998137355ms
[NX v22.6.1 Daemon Server] - 2026-03-22T09:59:26.222Z - Time taken for 'serialize graph' 0.21799999999348074ms
[NX v22.6.1 Daemon Server] - 2026-03-22T09:59:28.670Z - [WATCHER]: 0 file(s) created or restored, 0 file(s) modified, 0 file(s) deleted
[NX v22.6.1 Daemon Server] - 2026-03-22T09:59:35.074Z - [REQUEST]: Updated workspace context based on watched changes, recomputing project graph...
[NX v22.6.1 Daemon Server] - 2026-03-22T09:59:35.079Z - [REQUEST]: 
[NX v22.6.1 Daemon Server] - 2026-03-22T09:59:35.080Z - [REQUEST]: 
[NX v22.6.1 Daemon Server] - 2026-03-22T09:59:35.082Z - Time taken for 'hash changed files from watcher' 1.5955829999875277ms
Time taken for 'plugin worker 91302 code loading' 49.616917ms
Time taken for 'plugin worker 91301 code loading' 50.403042ms
Time taken for 'plugin worker 91300 code loading' 50.382791ms
[NX v22.6.1 Daemon Server] - 2026-03-22T09:59:35.157Z - Time taken for 'start-plugin-worker:nx/js/dependencies-and-lockfile' 76.15100000001257ms
[NX v22.6.1 Daemon Server] - 2026-03-22T09:59:35.157Z - Time taken for 'start-plugin-worker:nx/core/package-json' 75.51362500002142ms
[NX v22.6.1 Daemon Server] - 2026-03-22T09:59:35.157Z - Time taken for 'start-plugin-worker:nx/core/project-json' 75.10191699996358ms
Time taken for 'nx/core/project-json:createNodes' 0.35654199999999037ms
Time taken for 'nx/js/dependencies-and-lockfile:createNodes' 0.863749999999996ms
[NX v22.6.1 Daemon Server] - 2026-03-22T09:59:35.168Z - Time taken for 'build-project-configs' 82.28683300002012ms
[NX v22.6.1 Daemon Server] - 2026-03-22T09:59:35.168Z - Time taken for 'createNodes:merge' 0.19458400004077703ms
[NX v22.6.1 Daemon Server] - 2026-03-22T09:59:35.168Z - Time taken for 'get-all-workspace-files' 1.5723749999888241ms
Time taken for 'build typescript dependencies' 0.059791000000004146ms
[NX v22.6.1 Daemon Server] - 2026-03-22T09:59:35.172Z - [SYNC]: collect registered sync generators
[NX v22.6.1 Daemon Server] - 2026-03-22T09:59:35.172Z - [SYNC]: project graph hash is the same, not collecting task sync generators
[NX v22.6.1 Daemon Server] - 2026-03-22T09:59:35.172Z - [SYNC]: nx.json hash is the same, not collecting global sync generators
[NX v22.6.1 Daemon Server] - 2026-03-22T09:59:35.172Z - Time taken for 'total execution time for createProjectGraph()' 6.066999999980908ms
[NX v22.6.1 Daemon Server] - 2026-03-22T09:59:35.172Z - Time taken for 'createDependencies' 4.089500000001863ms
[NX v22.6.1 Daemon Server] - 2026-03-22T09:59:35.173Z - Time taken for 'nx/js/dependencies-and-lockfile:createDependencies' 4.054917000001296ms
[NX v22.6.1 Daemon Server] - 2026-03-22T09:59:35.173Z - Time taken for 'createMetadata' 0.007709000026807189ms
[NX v22.6.1 Daemon Server] - 2026-03-22T09:59:35.173Z - Time taken for 'serialize graph' 0.28258300002198666ms
[NX v22.6.1 Daemon Server] - 2026-03-22T12:26:49.997Z - Established a connection. Number of open connections: 1
[NX v22.6.1 Daemon Server] - 2026-03-22T12:26:49.997Z - Established a connection. Number of open connections: 2
[NX v22.6.1 Daemon Server] - 2026-03-22T12:26:49.997Z - Closed a connection. Number of open connections: 1
[NX v22.6.1 Daemon Server] - 2026-03-22T12:26:49.997Z - Closed a connection. Number of open connections: 0
[NX v22.6.1 Daemon Server] - 2026-03-22T12:26:49.997Z - Established a connection. Number of open connections: 1
[NX v22.6.1 Daemon Client] - 2026-03-22T12:26:49.997Z - [Messenger] Setting up socket listeners
[NX v22.6.1 Daemon Client] - 2026-03-22T12:26:49.998Z - [Messenger] listen() complete
[NX v22.6.1 Daemon Client] - 2026-03-22T12:26:49.998Z - [Messenger] Sending message type: GET_NX_CONSOLE_STATUS
[NX v22.6.1 Daemon Client] - 2026-03-22T12:26:49.998Z - [Messenger] Message sent
[NX v22.6.1 Daemon Server] - 2026-03-22T12:26:50.003Z - Received raw message of length 32
[NX v22.6.1 Daemon Server] - 2026-03-22T12:26:50.003Z - Received json message of type GET_NX_CONSOLE_STATUS
[NX v22.6.1 Daemon Server] - 2026-03-22T12:26:50.003Z - Serializing response for GET_NX_CONSOLE_STATUS message in json mode
[NX v22.6.1 Daemon Server] - 2026-03-22T12:26:50.003Z - Responding to GET_NX_CONSOLE_STATUS message
[NX v22.6.1 Daemon Server] - 2026-03-22T12:26:50.003Z - [REQUEST]: Responding to the client. handleGetNxConsoleStatus
[NX v22.6.1 Daemon Server] - 2026-03-22T12:26:50.003Z - Done responding to the client handleGetNxConsoleStatus
[NX v22.6.1 Daemon Server] - 2026-03-22T12:26:50.003Z - Handled json message GET_NX_CONSOLE_STATUS. Handling time: 0. Response time: 0.
[NX v22.6.1 Daemon Client] - 2026-03-22T12:26:50.003Z - [Messenger] Received message, length: 22
[NX v22.6.1 Daemon Client] - 2026-03-22T12:26:50.029Z - [Messenger] Sending message type: REQUEST_PROJECT_GRAPH
[NX v22.6.1 Daemon Client] - 2026-03-22T12:26:50.029Z - [Messenger] Message sent
[NX v22.6.1 Daemon Server] - 2026-03-22T12:26:50.029Z - Received raw message of length 32
[NX v22.6.1 Daemon Server] - 2026-03-22T12:26:50.029Z - Received json message of type REQUEST_PROJECT_GRAPH
[NX v22.6.1 Daemon Server] - 2026-03-22T12:26:50.029Z - [REQUEST]: Client Request for Project Graph Received
[NX v22.6.1 Daemon Server] - 2026-03-22T12:26:50.029Z - Reusing in-memory cached project graph because no files changed.
[NX v22.6.1 Daemon Server] - 2026-03-22T12:26:50.029Z - Serializing response for REQUEST_PROJECT_GRAPH message in json mode
[NX v22.6.1 Daemon Server] - 2026-03-22T12:26:50.029Z - Responding to REQUEST_PROJECT_GRAPH message
[NX v22.6.1 Daemon Server] - 2026-03-22T12:26:50.029Z - [REQUEST]: Responding to the client. project-graph
[NX v22.6.1 Daemon Server] - 2026-03-22T12:26:50.029Z - Time taken for 'total for creating and serializing project graph' 0.09770799987018108ms
[NX v22.6.1 Daemon Server] - 2026-03-22T12:26:50.030Z - Done responding to the client project-graph
[NX v22.6.1 Daemon Server] - 2026-03-22T12:26:50.030Z - Handled json message REQUEST_PROJECT_GRAPH. Handling time: 0. Response time: 1.
[NX v22.6.1 Daemon Client] - 2026-03-22T12:26:50.030Z - [Messenger] Received message, length: 135169
[NX v22.6.1 Daemon Client] - 2026-03-22T12:26:50.031Z - [Messenger] Sending message type: PRE_TASKS_EXECUTION
[NX v22.6.1 Daemon Client] - 2026-03-22T12:26:50.031Z - [Messenger] Message sent
[NX v22.6.1 Daemon Server] - 2026-03-22T12:26:50.031Z - Received raw message of length 565
[NX v22.6.1 Daemon Server] - 2026-03-22T12:26:50.031Z - Received json message of type PRE_TASKS_EXECUTION
[NX v22.6.1 Daemon Server] - 2026-03-22T12:26:50.031Z - Serializing response for PRE_TASKS_EXECUTION message in json mode
[NX v22.6.1 Daemon Server] - 2026-03-22T12:26:50.031Z - Responding to PRE_TASKS_EXECUTION message
[NX v22.6.1 Daemon Server] - 2026-03-22T12:26:50.031Z - [REQUEST]: Responding to the client. handleRunPreTasksExecution
[NX v22.6.1 Daemon Server] - 2026-03-22T12:26:50.031Z - Done responding to the client handleRunPreTasksExecution
[NX v22.6.1 Daemon Server] - 2026-03-22T12:26:50.031Z - Handled json message PRE_TASKS_EXECUTION. Handling time: 0. Response time: 0.
[NX v22.6.1 Daemon Server] - 2026-03-22T12:26:50.031Z - Time taken for 'preTasksExecution' 0.04104200005531311ms
[NX v22.6.1 Daemon Client] - 2026-03-22T12:26:50.032Z - [Messenger] Received message, length: 2
[NX v22.6.1 Daemon Client] - 2026-03-22T12:26:50.056Z - [Messenger] Sending message type: HASH_TASKS
[NX v22.6.1 Daemon Client] - 2026-03-22T12:26:50.057Z - [Messenger] Message sent
[NX v22.6.1 Daemon Server] - 2026-03-22T12:26:50.057Z - Received raw message of length 11706
[NX v22.6.1 Daemon Server] - 2026-03-22T12:26:50.057Z - Received json message of type HASH_TASKS
[NX v22.6.1 Daemon Server] - 2026-03-22T12:26:50.057Z - Reusing in-memory cached project graph because no files changed.
DEBUG nx::native::tasks::hash_planner: get_plans_internal COMPLETED in 177µs - processed 3 tasks (setup: 66.5µs, parallel_planning: 109.5µs)
DEBUG nx::native::tasks::hashers::hash_workspace_files: Hashing workspace fileset with inputs: Adding "2994973879972349464" (".gitignore") to hash
DEBUG nx::native::tasks::hashers::hash_workspace_files: Hashing workspace fileset with inputs: Adding "2994973879972349464" (".gitignore") to hash
DEBUG nx::native::tasks::hashers::hash_workspace_files: Hashing workspace fileset with inputs: Adding "2994973879972349464" (".gitignore") to hash
DEBUG nx::native::tasks::hashers::hash_workspace_files: Hashing workspace fileset with inputs: Adding "3473750490259329668" ("nx.json") to hash
DEBUG nx::native::tasks::hashers::hash_workspace_files: Hashing workspace fileset with inputs: Hash Value: "11555622651735181469"
DEBUG nx::native::tasks::hashers::hash_workspace_files: Hashing workspace fileset with inputs: Adding "3473750490259329668" ("nx.json") to hash
DEBUG nx::native::tasks::hashers::hash_workspace_files: Hashing workspace fileset with inputs: Hash Value: "11555622651735181469"
DEBUG nx::native::tasks::hashers::hash_workspace_files: Hashing workspace fileset with inputs: Adding "3473750490259329668" ("nx.json") to hash
DEBUG nx::native::tasks::hashers::hash_workspace_files: Hashing workspace fileset with inputs: Hash Value: "11555622651735181469"
DEBUG nx::native::tasks::task_hasher: hash_plans COMPLETED in 922.166µs - processed 3 plans (setup: 49.333µs, hashing: 872.167µs, assembly: 214.834µs)
[NX v22.6.1 Daemon Server] - 2026-03-22T12:26:50.059Z - Serializing response for HASH_TASKS message in json mode
[NX v22.6.1 Daemon Server] - 2026-03-22T12:26:50.059Z - Responding to HASH_TASKS message
[NX v22.6.1 Daemon Server] - 2026-03-22T12:26:50.059Z - [REQUEST]: Responding to the client. handleHashTasks
[NX v22.6.1 Daemon Server] - 2026-03-22T12:26:50.059Z - Done responding to the client handleHashTasks
[NX v22.6.1 Daemon Server] - 2026-03-22T12:26:50.059Z - Handled json message HASH_TASKS. Handling time: 2. Response time: 0.
[NX v22.6.1 Daemon Client] - 2026-03-22T12:26:50.059Z - [Messenger] Received message, length: 19197
[NX v22.6.1 Daemon Client] - 2026-03-22T12:26:50.087Z - [Messenger] Sending message type: GET_ESTIMATED_TASK_TIMINGS
[NX v22.6.1 Daemon Client] - 2026-03-22T12:26:50.087Z - [Messenger] Message sent
[NX v22.6.1 Daemon Server] - 2026-03-22T12:26:50.087Z - Received raw message of length 243
[NX v22.6.1 Daemon Server] - 2026-03-22T12:26:50.087Z - Received json message of type GET_ESTIMATED_TASK_TIMINGS
[NX v22.6.1 Daemon Server] - 2026-03-22T12:26:50.088Z - Serializing response for GET_ESTIMATED_TASK_TIMINGS message in json mode
[NX v22.6.1 Daemon Server] - 2026-03-22T12:26:50.088Z - Responding to GET_ESTIMATED_TASK_TIMINGS message
[NX v22.6.1 Daemon Server] - 2026-03-22T12:26:50.088Z - [REQUEST]: Responding to the client. handleGetEstimatedTaskTimings
[NX v22.6.1 Daemon Server] - 2026-03-22T12:26:50.088Z - Done responding to the client handleGetEstimatedTaskTimings
[NX v22.6.1 Daemon Server] - 2026-03-22T12:26:50.088Z - Handled json message GET_ESTIMATED_TASK_TIMINGS. Handling time: 1. Response time: 0.
[NX v22.6.1 Daemon Client] - 2026-03-22T12:26:50.088Z - [Messenger] Received message, length: 143
[NX v22.6.1 Daemon Server] - 2026-03-22T12:26:50.523Z - [WATCHER]: Processing file changes in outputs
[NX v22.6.1 Daemon Client] - 2026-03-22T12:26:50.567Z - [Messenger] Sending message type: RECORD_OUTPUTS_HASH
[NX v22.6.1 Daemon Client] - 2026-03-22T12:26:50.567Z - [Messenger] Message sent
[NX v22.6.1 Daemon Server] - 2026-03-22T12:26:50.567Z - Received raw message of length 311
[NX v22.6.1 Daemon Server] - 2026-03-22T12:26:50.567Z - Received json message of type RECORD_OUTPUTS_HASH
[NX v22.6.1 Daemon Server] - 2026-03-22T12:26:50.570Z - Serializing response for RECORD_OUTPUTS_HASH message in json mode
[NX v22.6.1 Daemon Server] - 2026-03-22T12:26:50.570Z - Responding to RECORD_OUTPUTS_HASH message
[NX v22.6.1 Daemon Server] - 2026-03-22T12:26:50.570Z - [REQUEST]: Responding to the client. recordOutputsHash
[NX v22.6.1 Daemon Server] - 2026-03-22T12:26:50.570Z - Done responding to the client recordOutputsHash
[NX v22.6.1 Daemon Server] - 2026-03-22T12:26:50.570Z - Handled json message RECORD_OUTPUTS_HASH. Handling time: 3. Response time: 0.
[NX v22.6.1 Daemon Client] - 2026-03-22T12:26:50.570Z - [Messenger] Received message, length: 2
[NX v22.6.1 Daemon Server] - 2026-03-22T12:26:50.950Z - [WATCHER]: Processing file changes in outputs
[NX v22.6.1 Daemon Client] - 2026-03-22T12:26:50.997Z - [Messenger] Sending message type: RECORD_OUTPUTS_HASH
[NX v22.6.1 Daemon Client] - 2026-03-22T12:26:50.997Z - [Messenger] Message sent
[NX v22.6.1 Daemon Server] - 2026-03-22T12:26:50.997Z - Received raw message of length 199
[NX v22.6.1 Daemon Server] - 2026-03-22T12:26:50.997Z - Received json message of type RECORD_OUTPUTS_HASH
[NX v22.6.1 Daemon Server] - 2026-03-22T12:26:51.001Z - Serializing response for RECORD_OUTPUTS_HASH message in json mode
[NX v22.6.1 Daemon Server] - 2026-03-22T12:26:51.001Z - Responding to RECORD_OUTPUTS_HASH message
[NX v22.6.1 Daemon Server] - 2026-03-22T12:26:51.001Z - [REQUEST]: Responding to the client. recordOutputsHash
[NX v22.6.1 Daemon Server] - 2026-03-22T12:26:51.001Z - Done responding to the client recordOutputsHash
[NX v22.6.1 Daemon Server] - 2026-03-22T12:26:51.001Z - Handled json message RECORD_OUTPUTS_HASH. Handling time: 4. Response time: 0.
[NX v22.6.1 Daemon Client] - 2026-03-22T12:26:51.001Z - [Messenger] Received message, length: 2
[NX v22.6.1 Daemon Server] - 2026-03-22T12:26:51.396Z - [WATCHER]: Processing file changes in outputs
[NX v22.6.1 Daemon Client] - 2026-03-22T12:26:51.435Z - [Messenger] Sending message type: RECORD_OUTPUTS_HASH
[NX v22.6.1 Daemon Client] - 2026-03-22T12:26:51.435Z - [Messenger] Message sent
[NX v22.6.1 Daemon Server] - 2026-03-22T12:26:51.435Z - Received raw message of length 186
[NX v22.6.1 Daemon Server] - 2026-03-22T12:26:51.435Z - Received json message of type RECORD_OUTPUTS_HASH
[NX v22.6.1 Daemon Server] - 2026-03-22T12:26:51.438Z - Serializing response for RECORD_OUTPUTS_HASH message in json mode
[NX v22.6.1 Daemon Server] - 2026-03-22T12:26:51.438Z - Responding to RECORD_OUTPUTS_HASH message
[NX v22.6.1 Daemon Server] - 2026-03-22T12:26:51.438Z - [REQUEST]: Responding to the client. recordOutputsHash
[NX v22.6.1 Daemon Server] - 2026-03-22T12:26:51.438Z - Done responding to the client recordOutputsHash
[NX v22.6.1 Daemon Server] - 2026-03-22T12:26:51.438Z - Handled json message RECORD_OUTPUTS_HASH. Handling time: 3. Response time: 0.
[NX v22.6.1 Daemon Client] - 2026-03-22T12:26:51.438Z - [Messenger] Received message, length: 2
[NX v22.6.1 Daemon Client] - 2026-03-22T12:26:51.439Z - [Messenger] Sending message type: RECORD_TASK_RUNS
[NX v22.6.1 Daemon Client] - 2026-03-22T12:26:51.439Z - [Messenger] Message sent
[NX v22.6.1 Daemon Server] - 2026-03-22T12:26:51.439Z - Received raw message of length 617
[NX v22.6.1 Daemon Server] - 2026-03-22T12:26:51.439Z - Received json message of type RECORD_TASK_RUNS
[NX v22.6.1 Daemon Server] - 2026-03-22T12:26:51.439Z - Serializing response for RECORD_TASK_RUNS message in json mode
[NX v22.6.1 Daemon Server] - 2026-03-22T12:26:51.439Z - Responding to RECORD_TASK_RUNS message
[NX v22.6.1 Daemon Server] - 2026-03-22T12:26:51.439Z - [REQUEST]: Responding to the client. handleRecordTaskRuns
[NX v22.6.1 Daemon Server] - 2026-03-22T12:26:51.439Z - Done responding to the client handleRecordTaskRuns
[NX v22.6.1 Daemon Server] - 2026-03-22T12:26:51.439Z - Handled json message RECORD_TASK_RUNS. Handling time: 0. Response time: 0.
[NX v22.6.1 Daemon Client] - 2026-03-22T12:26:51.439Z - [Messenger] Received message, length: 4
[NX v22.6.1 Daemon Server] - 2026-03-22T12:26:54.495Z - Established a connection. Number of open connections: 2
[NX v22.6.1 Daemon Client] - 2026-03-22T12:26:54.495Z - [Messenger] Sending message type: GET_CONFIGURE_AI_AGENTS_STATUS
[NX v22.6.1 Daemon Server] - 2026-03-22T12:26:54.495Z - Closed a connection. Number of open connections: 1
[NX v22.6.1 Daemon Server] - 2026-03-22T12:26:54.496Z - Received raw message of length 41
[NX v22.6.1 Daemon Client] - 2026-03-22T12:26:54.496Z - [Messenger] Message sent
[NX v22.6.1 Daemon Server] - 2026-03-22T12:26:54.496Z - Received json message of type GET_CONFIGURE_AI_AGENTS_STATUS
[NX v22.6.1 Daemon Server] - 2026-03-22T12:26:54.496Z - [AI-AGENTS]: Returning cached agent configuration status
[NX v22.6.1 Daemon Server] - 2026-03-22T12:26:54.496Z - Serializing response for GET_CONFIGURE_AI_AGENTS_STATUS message in json mode
[NX v22.6.1 Daemon Server] - 2026-03-22T12:26:54.496Z - Responding to GET_CONFIGURE_AI_AGENTS_STATUS message
[NX v22.6.1 Daemon Server] - 2026-03-22T12:26:54.496Z - [REQUEST]: Responding to the client. handleGetConfigureAiAgentsStatus
[NX v22.6.1 Daemon Server] - 2026-03-22T12:26:54.496Z - Done responding to the client handleGetConfigureAiAgentsStatus
[NX v22.6.1 Daemon Server] - 2026-03-22T12:26:54.496Z - Handled json message GET_CONFIGURE_AI_AGENTS_STATUS. Handling time: 0. Response time: 0.
[NX v22.6.1 Daemon Client] - 2026-03-22T12:26:54.496Z - [Messenger] Received message, length: 342
[NX v22.6.1 Daemon Client] - 2026-03-22T12:26:54.497Z - [Messenger] Sending message type: POST_TASKS_EXECUTION
[NX v22.6.1 Daemon Client] - 2026-03-22T12:26:54.497Z - [Messenger] Message sent
[NX v22.6.1 Daemon Server] - 2026-03-22T12:26:54.497Z - Received raw message of length 23767
[NX v22.6.1 Daemon Server] - 2026-03-22T12:26:54.497Z - Received json message of type POST_TASKS_EXECUTION
[NX v22.6.1 Daemon Server] - 2026-03-22T12:26:54.497Z - Serializing response for POST_TASKS_EXECUTION message in json mode
[NX v22.6.1 Daemon Server] - 2026-03-22T12:26:54.498Z - Responding to POST_TASKS_EXECUTION message
[NX v22.6.1 Daemon Server] - 2026-03-22T12:26:54.498Z - [REQUEST]: Responding to the client. handleRunPostTasksExecution
[NX v22.6.1 Daemon Server] - 2026-03-22T12:26:54.498Z - Done responding to the client handleRunPostTasksExecution
[NX v22.6.1 Daemon Server] - 2026-03-22T12:26:54.498Z - Handled json message POST_TASKS_EXECUTION. Handling time: 0. Response time: 1.
[NX v22.6.1 Daemon Server] - 2026-03-22T12:26:54.498Z - Time taken for 'postTasksExecution' 0.07758300006389618ms
[NX v22.6.1 Daemon Client] - 2026-03-22T12:26:54.498Z - [Messenger] Received message, length: 4
[NX v22.6.1 Daemon Server] - 2026-03-22T12:26:54.507Z - Closed a connection. Number of open connections: 0
[NX v22.6.1 Daemon Server] - 2026-03-22T12:27:23.523Z - [WATCHER]: Processing file changes in outputs
[NX v22.6.1 Daemon Server] - 2026-03-22T12:27:23.858Z - [WATCHER]: Processing file changes in outputs
[NX v22.6.1 Daemon Server] - 2026-03-22T12:27:24.180Z - [WATCHER]: Processing file changes in outputs
[NX v22.6.1 Daemon Server] - 2026-03-22T12:27:57.227Z - [WATCHER]: Processing file changes in outputs
[NX v22.6.1 Daemon Server] - 2026-03-22T12:27:57.545Z - [WATCHER]: Processing file changes in outputs
[NX v22.6.1 Daemon Server] - 2026-03-22T12:27:57.867Z - [WATCHER]: Processing file changes in outputs
[NX v22.6.1 Daemon Client] - 2026-03-22T12:32:33.454Z - [Client] Starting new daemon server in background
[NX v22.6.1 Daemon Client] - 2026-03-22T12:32:33.455Z - [Client] Waiting for server (max: 6000 attempts, 10ms interval)
[NX v22.6.1 Daemon Server] - 2026-03-22T12:32:33.521Z - New daemon starting from: /Users/jbadeau/git/frontseat-demo/node_modules/nx/src/daemon/server/server.js
[NX v22.6.1 Daemon Server] - 2026-03-22T12:32:33.521Z - New daemon __dirname: /Users/jbadeau/git/frontseat-demo/node_modules/nx/src/daemon/server
[NX v22.6.1 Daemon Server] - 2026-03-22T12:32:33.521Z - New daemon nxVersion: 22.6.1
[NX v22.6.1 Daemon Server] - 2026-03-22T12:32:33.521Z - New daemon getInstalledNxVersion(): 22.6.1
[NX v22.6.1 Daemon Server] - 2026-03-22T12:32:33.522Z - Time taken for 'workspace context init' 0.20187500000000114ms
[NX v22.6.1 Daemon Server] - 2026-03-22T12:32:33.523Z - [Server] Starting outdated check interval (20ms)
[NX v22.6.1 Daemon Server] - 2026-03-22T12:32:33.524Z - Started listening on: /private/var/folders/z4/qvn77v055yd8k4smdjw9nn3w0000gn/T/19c4e7e62bdd07094077/d.sock
[NX v22.6.1 Daemon Server] - 2026-03-22T12:32:33.524Z - [WATCHER]: Subscribed to changes within: /Users/jbadeau/git/frontseat-demo (native)
[NX v22.6.1 Daemon Server] - 2026-03-22T12:32:33.525Z - [LATEST-NX]: Pulling latest Nx...
Fetching nx...
[NX v22.6.1 Daemon Server] - 2026-03-22T12:32:33.528Z - [AI-AGENTS]: Starting agent configuration status computation
[NX v22.6.1 Daemon Server] - 2026-03-22T12:32:33.533Z - Established a connection. Number of open connections: 1
[NX v22.6.1 Daemon Client] - 2026-03-22T12:32:33.534Z - [Client] Server available after 7 attempts
[NX v22.6.1 Daemon Client] - 2026-03-22T12:32:33.534Z - [Client] Daemon server started, pid=94440
[NX v22.6.1 Daemon Client] - 2026-03-22T12:32:33.534Z - [Messenger] Setting up socket listeners
[NX v22.6.1 Daemon Client] - 2026-03-22T12:32:33.534Z - [Messenger] listen() complete
[NX v22.6.1 Daemon Server] - 2026-03-22T12:32:33.534Z - Closed a connection. Number of open connections: 0
[NX v22.6.1 Daemon Server] - 2026-03-22T12:32:33.534Z - Established a connection. Number of open connections: 1
[NX v22.6.1 Daemon Client] - 2026-03-22T12:32:33.534Z - [Messenger] Sending message type: REQUEST_PROJECT_GRAPH
[NX v22.6.1 Daemon Client] - 2026-03-22T12:32:33.535Z - [Messenger] Message sent
[NX v22.6.1 Daemon Server] - 2026-03-22T12:32:33.541Z - Received raw message of length 32
[NX v22.6.1 Daemon Server] - 2026-03-22T12:32:33.541Z - Received json message of type REQUEST_PROJECT_GRAPH
[NX v22.6.1 Daemon Server] - 2026-03-22T12:32:33.541Z - [REQUEST]: Client Request for Project Graph Received
[NX v22.6.1 Daemon Server] - 2026-03-22T12:32:33.543Z - Time taken for 'loadSpecifiedNxPlugins' 1.5394160000000028ms
[NX v22.6.1 Daemon Server] - 2026-03-22T12:32:33.583Z - [WATCHER]: Processing file changes in outputs
Time taken for 'plugin worker 94445 code loading' 51.499791ms
Time taken for 'plugin worker 94443 code loading' 53.142500000000005ms
[NX v22.6.1 Daemon Server] - 2026-03-22T12:32:33.616Z - Time taken for 'start-plugin-worker:/Users/jbadeau/git/frontseat-demo/node_modules/nx/src/plugins/js' 73.547958ms
Time taken for 'plugin worker 94444 code loading' 53.046499999999995ms
[NX v22.6.1 Daemon Server] - 2026-03-22T12:32:33.617Z - Time taken for 'start-plugin-worker:/Users/jbadeau/git/frontseat-demo/node_modules/nx/src/plugins/package-json' 74.46199999999999ms
[NX v22.6.1 Daemon Server] - 2026-03-22T12:32:33.617Z - Time taken for 'start-plugin-worker:/Users/jbadeau/git/frontseat-demo/node_modules/nx/src/plugins/project-json/build-nodes/project-json' 74.16087499999999ms
[NX v22.6.1 Daemon Server] - 2026-03-22T12:32:33.618Z - Time taken for 'Load Nx Plugin: /Users/jbadeau/git/frontseat-demo/node_modules/nx/src/plugins/project-json/build-nodes/project-json' 76.758708ms
[NX v22.6.1 Daemon Server] - 2026-03-22T12:32:33.619Z - Time taken for 'Load Nx Plugin: /Users/jbadeau/git/frontseat-demo/node_modules/nx/src/plugins/package-json' 77.19504200000002ms
[NX v22.6.1 Daemon Server] - 2026-03-22T12:32:33.624Z - [REQUEST]: Updated workspace context based on watched changes, recomputing project graph...
[NX v22.6.1 Daemon Server] - 2026-03-22T12:32:33.624Z - [REQUEST]: 
[NX v22.6.1 Daemon Server] - 2026-03-22T12:32:33.624Z - [REQUEST]: 
[NX v22.6.1 Daemon Server] - 2026-03-22T12:32:33.625Z - No files changed, but no in-memory cached project graph found. Recomputing it...
[NX v22.6.1 Daemon Server] - 2026-03-22T12:32:33.627Z - Time taken for 'loadDefaultNxPlugins' 80.791125ms
[NX v22.6.1 Daemon Server] - 2026-03-22T12:32:33.627Z - Time taken for 'Load Nx Plugin: /Users/jbadeau/git/frontseat-demo/node_modules/nx/src/plugins/js' 80.72291700000001ms
[NX v22.6.1 Daemon Server] - 2026-03-22T12:32:33.627Z - Time taken for 'hash changed files from watcher' 1.6001250000000198ms
Time taken for 'nx/core/project-json:createNodes' 0.9911669999999901ms
Time taken for 'nx/js/dependencies-and-lockfile:createNodes' 1.4581250000000097ms
[NX v22.6.1 Daemon Server] - 2026-03-22T12:32:33.642Z - Time taken for 'build-project-configs' 5.512625000000014ms
[NX v22.6.1 Daemon Server] - 2026-03-22T12:32:33.642Z - Time taken for 'createNodes:merge' 1.1945829999999944ms
[NX v22.6.1 Daemon Server] - 2026-03-22T12:32:33.642Z - Time taken for 'native-file-deps' 0.002332999999993035ms
[NX v22.6.1 Daemon Server] - 2026-03-22T12:32:33.642Z - Time taken for 'get-workspace-files' 1.6065000000000111ms
[NX v22.6.1 Daemon Server] - 2026-03-22T12:32:33.642Z - Time taken for 'get-all-workspace-files' 0.631165999999979ms
[NX v22.6.1 Daemon Server] - 2026-03-22T12:32:33.642Z - Time taken for 'read cache' 0.5314170000000047ms
Time taken for 'build typescript dependencies' 0.06479199999999707ms
[NX v22.6.1 Daemon Server] - 2026-03-22T12:32:33.648Z - [SYNC]: collect registered sync generators
[NX v22.6.1 Daemon Server] - 2026-03-22T12:32:33.652Z - Wrote project graph cache to /Users/jbadeau/git/frontseat-demo/.nx/workspace-data/project-graph.json
[NX v22.6.1 Daemon Server] - 2026-03-22T12:32:33.652Z - Serializing response for REQUEST_PROJECT_GRAPH message in json mode
[NX v22.6.1 Daemon Server] - 2026-03-22T12:32:33.652Z - Responding to REQUEST_PROJECT_GRAPH message
[NX v22.6.1 Daemon Server] - 2026-03-22T12:32:33.652Z - [REQUEST]: Responding to the client. project-graph
[NX v22.6.1 Daemon Server] - 2026-03-22T12:32:33.653Z - Time taken for 'total for creating and serializing project graph' 111.22933299999998ms
[NX v22.6.1 Daemon Server] - 2026-03-22T12:32:33.653Z - Time taken for 'total execution time for createProjectGraph()' 9.307707999999991ms
[NX v22.6.1 Daemon Server] - 2026-03-22T12:32:33.653Z - Time taken for 'createDependencies' 5.751542000000001ms
[NX v22.6.1 Daemon Server] - 2026-03-22T12:32:33.653Z - Time taken for 'nx/js/dependencies-and-lockfile:createDependencies' 5.678667000000019ms
[NX v22.6.1 Daemon Server] - 2026-03-22T12:32:33.653Z - Time taken for 'createMetadata' 0.016624999999976353ms
[NX v22.6.1 Daemon Server] - 2026-03-22T12:32:33.653Z - Time taken for 'serialize graph' 0.2792919999999981ms
[NX v22.6.1 Daemon Server] - 2026-03-22T12:32:33.653Z - Time taken for 'write cache' 3.9157500000000027ms
[NX v22.6.1 Daemon Server] - 2026-03-22T12:32:33.653Z - Done responding to the client project-graph
[NX v22.6.1 Daemon Server] - 2026-03-22T12:32:33.653Z - Handled json message REQUEST_PROJECT_GRAPH. Handling time: 111. Response time: 1.
[NX v22.6.1 Daemon Client] - 2026-03-22T12:32:33.653Z - [Messenger] Received message, length: 135169
[NX v22.6.1 Daemon Client] - 2026-03-22T12:32:33.654Z - [Messenger] Sending message type: PRE_TASKS_EXECUTION
[NX v22.6.1 Daemon Client] - 2026-03-22T12:32:33.654Z - [Messenger] Message sent
[NX v22.6.1 Daemon Server] - 2026-03-22T12:32:33.654Z - Received raw message of length 565
[NX v22.6.1 Daemon Server] - 2026-03-22T12:32:33.654Z - Received json message of type PRE_TASKS_EXECUTION
[NX v22.6.1 Daemon Server] - 2026-03-22T12:32:33.655Z - Serializing response for PRE_TASKS_EXECUTION message in json mode
[NX v22.6.1 Daemon Server] - 2026-03-22T12:32:33.655Z - Responding to PRE_TASKS_EXECUTION message
[NX v22.6.1 Daemon Server] - 2026-03-22T12:32:33.655Z - [REQUEST]: Responding to the client. handleRunPreTasksExecution
[NX v22.6.1 Daemon Server] - 2026-03-22T12:32:33.655Z - Done responding to the client handleRunPreTasksExecution
[NX v22.6.1 Daemon Server] - 2026-03-22T12:32:33.655Z - Handled json message PRE_TASKS_EXECUTION. Handling time: 1. Response time: 0.
[NX v22.6.1 Daemon Server] - 2026-03-22T12:32:33.655Z - Time taken for 'preTasksExecution' 0.2687090000000012ms
[NX v22.6.1 Daemon Client] - 2026-03-22T12:32:33.655Z - [Messenger] Received message, length: 2
[NX v22.6.1 Daemon Client] - 2026-03-22T12:32:33.677Z - [Messenger] Sending message type: HASH_TASKS
[NX v22.6.1 Daemon Client] - 2026-03-22T12:32:33.677Z - [Messenger] Message sent
[NX v22.6.1 Daemon Server] - 2026-03-22T12:32:33.678Z - Received raw message of length 11706
[NX v22.6.1 Daemon Server] - 2026-03-22T12:32:33.678Z - Received json message of type HASH_TASKS
[NX v22.6.1 Daemon Server] - 2026-03-22T12:32:33.678Z - Reusing in-memory cached project graph because no files changed.
DEBUG nx::native::tasks::hash_planner: get_plans_internal COMPLETED in 209.209µs - processed 3 tasks (setup: 90.167µs, parallel_planning: 115.917µs)
DEBUG nx::native::tasks::hashers::hash_workspace_files: Hashing workspace fileset with inputs: Adding "2994973879972349464" (".gitignore") to hash
DEBUG nx::native::tasks::hashers::hash_workspace_files: Hashing workspace fileset with inputs: Adding "2994973879972349464" (".gitignore") to hash
DEBUG nx::native::tasks::hashers::hash_workspace_files: Hashing workspace fileset with inputs: Adding "2994973879972349464" (".gitignore") to hash
DEBUG nx::native::tasks::hashers::hash_workspace_files: Hashing workspace fileset with inputs: Adding "3473750490259329668" ("nx.json") to hash
DEBUG nx::native::tasks::hashers::hash_workspace_files: Hashing workspace fileset with inputs: Hash Value: "11555622651735181469"
DEBUG nx::native::tasks::hashers::hash_workspace_files: Hashing workspace fileset with inputs: Adding "3473750490259329668" ("nx.json") to hash
DEBUG nx::native::tasks::hashers::hash_workspace_files: Hashing workspace fileset with inputs: Hash Value: "11555622651735181469"
DEBUG nx::native::tasks::hashers::hash_workspace_files: Hashing workspace fileset with inputs: Adding "3473750490259329668" ("nx.json") to hash
DEBUG nx::native::tasks::hashers::hash_workspace_files: Hashing workspace fileset with inputs: Hash Value: "11555622651735181469"
DEBUG nx::native::tasks::task_hasher: hash_plans COMPLETED in 885.459µs - processed 3 plans (setup: 47.959µs, hashing: 836.75µs, assembly: 220.917µs)
[NX v22.6.1 Daemon Server] - 2026-03-22T12:32:33.680Z - Serializing response for HASH_TASKS message in json mode
[NX v22.6.1 Daemon Server] - 2026-03-22T12:32:33.680Z - Responding to HASH_TASKS message
[NX v22.6.1 Daemon Server] - 2026-03-22T12:32:33.680Z - [REQUEST]: Responding to the client. handleHashTasks
[NX v22.6.1 Daemon Server] - 2026-03-22T12:32:33.680Z - Done responding to the client handleHashTasks
[NX v22.6.1 Daemon Server] - 2026-03-22T12:32:33.680Z - Handled json message HASH_TASKS. Handling time: 2. Response time: 0.
[NX v22.6.1 Daemon Client] - 2026-03-22T12:32:33.680Z - [Messenger] Received message, length: 19197
[NX v22.6.1 Daemon Client] - 2026-03-22T12:32:33.709Z - [Messenger] Sending message type: GET_ESTIMATED_TASK_TIMINGS
[NX v22.6.1 Daemon Client] - 2026-03-22T12:32:33.709Z - [Messenger] Message sent
[NX v22.6.1 Daemon Server] - 2026-03-22T12:32:33.710Z - Received raw message of length 243
[NX v22.6.1 Daemon Server] - 2026-03-22T12:32:33.710Z - Received json message of type GET_ESTIMATED_TASK_TIMINGS
[NX v22.6.1 Daemon Server] - 2026-03-22T12:32:33.723Z - Serializing response for GET_ESTIMATED_TASK_TIMINGS message in json mode
[NX v22.6.1 Daemon Server] - 2026-03-22T12:32:33.723Z - Responding to GET_ESTIMATED_TASK_TIMINGS message
[NX v22.6.1 Daemon Server] - 2026-03-22T12:32:33.723Z - [REQUEST]: Responding to the client. handleGetEstimatedTaskTimings
[NX v22.6.1 Daemon Server] - 2026-03-22T12:32:33.723Z - Done responding to the client handleGetEstimatedTaskTimings
[NX v22.6.1 Daemon Server] - 2026-03-22T12:32:33.723Z - Handled json message GET_ESTIMATED_TASK_TIMINGS. Handling time: 13. Response time: 0.
[NX v22.6.1 Daemon Client] - 2026-03-22T12:32:33.723Z - [Messenger] Received message, length: 144
[NX v22.6.1 Daemon Server] - 2026-03-22T12:32:34.132Z - [WATCHER]: Processing file changes in outputs
[NX v22.6.1 Daemon Client] - 2026-03-22T12:32:34.178Z - [Messenger] Sending message type: RECORD_OUTPUTS_HASH
[NX v22.6.1 Daemon Client] - 2026-03-22T12:32:34.178Z - [Messenger] Message sent
[NX v22.6.1 Daemon Server] - 2026-03-22T12:32:34.178Z - Received raw message of length 311
[NX v22.6.1 Daemon Server] - 2026-03-22T12:32:34.179Z - Received json message of type RECORD_OUTPUTS_HASH
[NX v22.6.1 Daemon Server] - 2026-03-22T12:32:34.182Z - Serializing response for RECORD_OUTPUTS_HASH message in json mode
[NX v22.6.1 Daemon Server] - 2026-03-22T12:32:34.182Z - Responding to RECORD_OUTPUTS_HASH message
[NX v22.6.1 Daemon Server] - 2026-03-22T12:32:34.182Z - [REQUEST]: Responding to the client. recordOutputsHash
[NX v22.6.1 Daemon Server] - 2026-03-22T12:32:34.182Z - Done responding to the client recordOutputsHash
[NX v22.6.1 Daemon Server] - 2026-03-22T12:32:34.182Z - Handled json message RECORD_OUTPUTS_HASH. Handling time: 3. Response time: 0.
[NX v22.6.1 Daemon Client] - 2026-03-22T12:32:34.182Z - [Messenger] Received message, length: 2
[NX v22.6.1 Daemon Server] - 2026-03-22T12:32:34.600Z - [WATCHER]: Processing file changes in outputs
[NX v22.6.1 Daemon Client] - 2026-03-22T12:32:34.654Z - [Messenger] Sending message type: RECORD_OUTPUTS_HASH
[NX v22.6.1 Daemon Client] - 2026-03-22T12:32:34.654Z - [Messenger] Message sent
[NX v22.6.1 Daemon Server] - 2026-03-22T12:32:34.654Z - Received raw message of length 199
[NX v22.6.1 Daemon Server] - 2026-03-22T12:32:34.654Z - Received json message of type RECORD_OUTPUTS_HASH
[NX v22.6.1 Daemon Server] - 2026-03-22T12:32:34.657Z - Serializing response for RECORD_OUTPUTS_HASH message in json mode
[NX v22.6.1 Daemon Server] - 2026-03-22T12:32:34.657Z - Responding to RECORD_OUTPUTS_HASH message
[NX v22.6.1 Daemon Server] - 2026-03-22T12:32:34.657Z - [REQUEST]: Responding to the client. recordOutputsHash
[NX v22.6.1 Daemon Server] - 2026-03-22T12:32:34.657Z - Done responding to the client recordOutputsHash
[NX v22.6.1 Daemon Server] - 2026-03-22T12:32:34.657Z - Handled json message RECORD_OUTPUTS_HASH. Handling time: 3. Response time: 0.
[NX v22.6.1 Daemon Client] - 2026-03-22T12:32:34.657Z - [Messenger] Received message, length: 2
[NX v22.6.1 Daemon Server] - 2026-03-22T12:32:35.064Z - [WATCHER]: Processing file changes in outputs
[NX v22.6.1 Daemon Client] - 2026-03-22T12:32:35.103Z - [Messenger] Sending message type: RECORD_OUTPUTS_HASH
[NX v22.6.1 Daemon Client] - 2026-03-22T12:32:35.103Z - [Messenger] Message sent
[NX v22.6.1 Daemon Server] - 2026-03-22T12:32:35.103Z - Received raw message of length 186
[NX v22.6.1 Daemon Server] - 2026-03-22T12:32:35.103Z - Received json message of type RECORD_OUTPUTS_HASH
[NX v22.6.1 Daemon Server] - 2026-03-22T12:32:35.107Z - Serializing response for RECORD_OUTPUTS_HASH message in json mode
[NX v22.6.1 Daemon Server] - 2026-03-22T12:32:35.107Z - Responding to RECORD_OUTPUTS_HASH message
[NX v22.6.1 Daemon Server] - 2026-03-22T12:32:35.107Z - [REQUEST]: Responding to the client. recordOutputsHash
[NX v22.6.1 Daemon Server] - 2026-03-22T12:32:35.108Z - Done responding to the client recordOutputsHash
[NX v22.6.1 Daemon Server] - 2026-03-22T12:32:35.108Z - Handled json message RECORD_OUTPUTS_HASH. Handling time: 4. Response time: 1.
[NX v22.6.1 Daemon Client] - 2026-03-22T12:32:35.108Z - [Messenger] Received message, length: 2
[NX v22.6.1 Daemon Client] - 2026-03-22T12:32:35.108Z - [Messenger] Sending message type: RECORD_TASK_RUNS
[NX v22.6.1 Daemon Client] - 2026-03-22T12:32:35.108Z - [Messenger] Message sent
[NX v22.6.1 Daemon Server] - 2026-03-22T12:32:35.109Z - Received raw message of length 617
[NX v22.6.1 Daemon Server] - 2026-03-22T12:32:35.109Z - Received json message of type RECORD_TASK_RUNS
[NX v22.6.1 Daemon Server] - 2026-03-22T12:32:35.109Z - Serializing response for RECORD_TASK_RUNS message in json mode
[NX v22.6.1 Daemon Server] - 2026-03-22T12:32:35.109Z - Responding to RECORD_TASK_RUNS message
[NX v22.6.1 Daemon Server] - 2026-03-22T12:32:35.109Z - [REQUEST]: Responding to the client. handleRecordTaskRuns
[NX v22.6.1 Daemon Server] - 2026-03-22T12:32:35.109Z - Done responding to the client handleRecordTaskRuns
[NX v22.6.1 Daemon Server] - 2026-03-22T12:32:35.109Z - Handled json message RECORD_TASK_RUNS. Handling time: 0. Response time: 0.
[NX v22.6.1 Daemon Client] - 2026-03-22T12:32:35.109Z - [Messenger] Received message, length: 4
[NX v22.6.1 Daemon Server] - 2026-03-22T12:32:36.495Z - [LATEST-NX]: Successfully pulled latest Nx to /private/var/folders/z4/qvn77v055yd8k4smdjw9nn3w0000gn/T/tmp-94440-fJrint52gY67
[NX v22.6.1 Daemon Server] - 2026-03-22T12:32:36.528Z - [NX-CONSOLE]: Using local implementation (NX_USE_LOCAL=true or inner call)
DEBUG nx::native::ide::install: Detected editor: Unknown
[NX v22.6.1 Daemon Server] - 2026-03-22T12:32:36.529Z - [NX-CONSOLE]: Console status check completed, shouldPrompt: false
DEBUG nx::native::ide::install: Editor command 'code' is installed
DEBUG nx::native::ide::install: Editor command 'code-insiders' not found
DEBUG nx::native::ide::install: Checking if Nx Console extension is installed with: code --list-extensions
DEBUG nx::native::ide::install: Nx Console extension is not installed
DEBUG nx::native::ide::install: Editor command 'cursor' not found
DEBUG nx::native::ide::install: Checking if Nx Console extension is installed with: cursor --list-extensions
DEBUG nx::native::ide::install: Command 'cursor' not found, cannot check extension status
[NX v22.6.1 Daemon Server] - 2026-03-22T12:32:37.193Z - [AI-AGENTS]: Agent configuration status computation completed: 0 fully configured, 0 outdated, 0 partially configured, 5 non-configured
[NX v22.6.1 Daemon Server] - 2026-03-22T12:43:27.129Z - Closed a connection. Number of open connections: 0
